,title,abstract,published date,doi
0,Equivariant Graph Neural Networks for Toxicity Prediction,"Predictive modeling for toxicity is a crucial step in the drug discovery pipeline. It can help filter out molecules with a high probability of failing in the early stages of de novo drug design. Thus, several machine learning (ML) models have been developed to predict the toxicity of molecules by combining classical ML techniques or deep neural networks with well-known molecular representations such as fingerprints or 2D graphs. But the more natural, accurate representation of molecules is expected to be defined in physical 3D space like in ab initio methods. Recent studies successfully used equivariant graph neural networks (EGNNs) for representation learning based on 3D structures to predict quantum mechanical properties of molecules. Inspired by this, we investigate the performance of EGNNs to construct reliable ML models for toxicity prediction. We use the equivariant transformer (ET) model in TorchMD-NET for this. Eleven toxicity datasets taken from MoleculeNet, TDCommons, and ToxBenchmark have been considered to evaluate the capability of ET for toxicity prediction. Our results show that ET adequately learns 3D representations of molecules that can successfully correlate with toxicity activity, achieving good accuracies on most datasets comparable to state-of-the-art models. We also test a physicochemical property, namely the total energy of a molecule, to inform the toxicity prediction with a physical prior. However, our work suggests these two properties can not be related. We also provide an attention weight analysis for helping to understand the toxicity prediction in 3D space and, thus, increase the explainability of the ML model. In summary, our findings offer promising insights considering 3D geometry information via EGNNs and provide a straightforward way to integrate molecular conformers into ML-based pipelines for predicting and investigating toxicity prediction in physical space. We expect that in the future, especially for larger, more diverse datasets, EGNNs will be an essential tool in this domain.",2023-07-17T07:20:04.006Z,10.26434/chemrxiv-2023-9kb55-v2
1,TeachOpenCADD goes Deep Learning: Open-source Teaching Platform Exploring Molecular DL Applications,"TeachOpenCADD is a free online platform that offers solutions to common computer-aided drug design (CADD) tasks using Python programming and open-source data and packages. The material is presented through interactive Jupyter notebooks, accommodating users from various backgrounds and programming levels. Due to the tremendous impact of deep learning (DL) methods in drug design, the TeachOpenCADD platform has been expanded to include an introduction to molecular DL tasks. This edition provides an overview of DL and its application in drug design, highlighting the usage of diverse molecular representations in this field. The platform introduces various neural network architectures, including graph neural networks (GNNs), equivariant graph neural networks (EGNNs), and recurrent neural networks (RNNs). It demonstrates how to use these architectures for developing predictive models for molecular property and activity prediction, exemplified by the Quantum Machine 9 (QM9), ChEMBL, and Kinase Inhibitor BioActivity (KiBA) data sets. The DL edition covers methods for evaluating the performance of neural networks using uncertainty estimation. Furthermore, it introduces an application of GNNs for protein-ligand interaction predictions, incorporating protein structure and ligand information. The TeachOpenCADD platform is continuously updated with new content and is open to contributions, bug reports, and questions from the community through its GitHub repository (https://github.com/volkamerlab/teachopencadd). It can be used for self-study, classroom instruction, and research applications, accommodating users from beginners to advanced levels.",2023-05-29T10:24:17.035Z,10.26434/chemrxiv-2023-kz1pb
2,Graph neural networks for prediction of protein isoelectric points,"Graph neural networks were used to model protein isoelectric points. Predictions contained markedly fewer outliers (predicted with errors > 0.5 pH units) compared to tools published in the literature, despite slightly higher root-mean-squared errors. This result was reproduced for graph convolutional and graph isomorphism networks when node features used only one-hot encoding of amino acid sequences. Graph isomorphism networks could also produce similar predictive powers when employing physical descriptors of the amino acids, either alone or in addition to the one-hot encoded features.",2022-12-16T05:07:55.171Z,10.26434/chemrxiv-2022-3vq76-v2
3,Transfer learning with graph neural networks for improved molecular property prediction in the multi-fidelity setting,"We investigate the potential of graph neural networks for transfer learning and improving molecular property prediction on sparse and expensive to acquire high-fidelity data by leveraging low-fidelity measurements as an inexpensive proxy for a targeted property of interest. This problem arises in discovery processes that rely on screening funnels for trading off the overall costs against throughput and accuracy. Typically, individual stages in these processes are loosely connected and each one generates data at different scale and fidelity. We consider this setup holistically and demonstrate empirically that existing transfer learning techniques for graph neural networks are generally unable to harness the information from multi-fidelity cascades. Here, we propose several effective transfer learning strategies and study them in transductive and inductive settings. Our analysis involves a novel collection of more than 28 million unique experimental protein-ligand interactions across 37 targets from drug discovery by high-throughput screening and 12 quantum properties from the dataset QMugs. The results indicate that transfer learning can improve the performance on sparse tasks by up to eight times while using an order of magnitude less high-fidelity training data. Moreover, the proposed methods consistently outperform existing transfer learning strategies for graph-structured data on drug discovery and quantum mechanics datasets.",2024-01-19T04:53:15.409Z,10.26434/chemrxiv-2022-dsbm5-v3
4,Graph Neural Networks for Prediction of Fuel Ignition Quality,"<div>Prediction of combustion-related properties of (oxygenated) hydrocarbons is an important and challenging task for which quantitative structure-property relationship (QSPR) models are frequently employed. Recently, a machine learning method, graph neural networks (GNNs), has shown promising results for the prediction of structure-property relationships. GNNs utilize a graph representation of molecules, where atoms correspond to nodes and bonds to edges containing information about the molecular structure. More specifically, GNNs learn physico-chemical properties as a function of the molecular graph in a supervised learning setup using a backpropagation algorithm. This end-to-end learning approach eliminates the need for selection of molecular descriptors or structural groups, as it learns optimal fingerprints through graph convolutions and maps the fingerprints to the physico-chemical properties by deep learning. We develop GNN models for predicting three fuel ignition quality indicators, i.e., the derived cetane number (DCN), the research octane number (RON), and the motor octane number (MON), of oxygenated and non-oxygenated hydrocarbons. In light of limited experimental data in the order of hundreds, we propose a combination of multi-task learning, transfer learning, and ensemble learning. The results show competitive performance of the proposed GNN approach compared to state-of-the-art QSPR models making it a promising field for future research. The prediction tool is available via a web front-end at www.avt.rwth-aachen.de/gnn.</div>",2020-05-13T07:31:03.000Z,10.26434/chemrxiv.12280325.v1
5,Explaining compound activity predictions with a substructure-aware loss for graph neural networks,"Explainable machine learning is increasingly used in drug discovery to help rationalize compound property predictions. Feature attribution techniques are popular choices to identify which molecular substructures are responsible for a predicted property change. However, established molecular feature attribution methods have so far displayed low performance for popular deep learning algorithms such as graph neural networks (GNNs), especially when compared with simpler modeling alternatives such as random forests coupled with atom masking. To mitigate this problem, in this work a modification of the regression objective for GNNs is proposed to specifically account for common core structures between pairs of molecules. The presented approach showed higher accuracy on a recently-proposed explainability benchmark. This methodology has the potential to assist with model explainability in drug discovery pipelines, particularly in lead optimization efforts where specific chemical series are investigated.",2023-04-05T08:27:54.653Z,10.26434/chemrxiv-2022-qxq56-v4
6,When Do Quantum Mechanical Descriptors Help Graph Neural Networks Predict Chemical Properties?,"Deep graph neural networks are extensively utilized to predict chemical reactivity and molecular properties. However, because of the complexity of chemical space, such models often have difficulty extrapolating beyond the chemistry contained in the training set. Augmented model with quantum mechanical (QM) descriptors is anticipated to improve its generalizability. However, obtaining QM descriptors often requires CPU-intensive computational chemistry calculations. To identify when QM descriptors help graph neural networks predict chemical properties, we conduct a systematic investigation of the impact of atom, bond, and molecular QM descriptors on the performance of directed message passing neural networks (D-MPNNs) for predicting 16 molecular properties. The analysis surveys computational and experimental targets, classification and regression tasks, and varied dataset sizes from several hundred to hundreds of thousands of datapoints. Our results indicate that QM descriptors are mostly beneficial for D-MPNN performance on small datasets, provided that the descriptors correlate well with the targets and can be readily computed with high accuracy. Otherwise, using QM descriptors can add cost without benefit or even introduce unwanted noise that can degrade model performance. Strategic integration of QM descriptors with D-MPNN unlocks potential for physics-informed, data-efficient modeling with some interpretability that can streamline de novo drug and material designs. To facilitate the use of QM descriptors in machine learning workflows for chemistry, we provide a set of guidelines regarding when and how to best leverage QM descriptors, a high-throughput workflow to compute them, and an enhancement to Chemprop, a widely adopted open-source D-MPNN implementation for chemical property prediction.",2024-04-04T07:39:31.263Z,10.26434/chemrxiv-2024-7q438-v2
7,Evaluating the generalizability of graph neural networks for predicting collision cross section,"Ion Mobility coupled with Mass Spectrometry (IM-MS) is a promising analytical technique that enhances molecular characterization by measuring collision cross-section (CCS) values, which are indicative of the molecular size and shape. However, the effective application of CCS values in structural analysis is still constrained by the limited availability of experimental data, necessitating the development of accurate machine learning (ML) models for in silico predictions. In this study, we evaluated state-of-the-art Graph Neural Networks (GNNs), trained to predict CCS values using the largest publicly available dataset to date. Although our results confirm the high accuracy of these models within chemical spaces similar to their training environments, their performance significantly declines when applied to structurally novel regions. This discrepancy raises concerns about the reliability of in silico CCS predictions and underscores the need for releasing further publicly available CCS datasets. To mitigate this, we demonstrate how generalization can be partially improved by extending models to account for additional features such as molecular fingerprints, descriptors, and the molecule types. Lastly, we also show how confidence models can support by enhancing the reliability of the CCS estimates.",2024-05-17T08:46:41.636Z,10.26434/chemrxiv-2024-32j2t
8,Graph Neural Networks for CO2 Solubility Predictions in Deep Eutectic Solvents,"Deep Eutectic Solvents (DESs) are a promising class of solvents for CO2 capture. DESs are complex mixtures that can be designed to optimize CO2 solubility and overall capture process efficiency. However, the vast design landscape of DES mixtures makes experimental investigation prohibitive; as such, there is a need for computational models that can quickly and efficiently navigate the design space and inform data collection efforts. In this work, we propose Graph Neural Network (GNN) models for predicting CO2 solubility directly from the molecular structure of its constituents. The GNN leverages a mixture graph representation that captures the molecular structure of the DES components as well as their intermolecular interactions. We compare the GNN framework against alternative architectures (neural networks, graph convolution networks, and random forests) and data representations (molecular fingerprints, sigma profiles, pseudo-component graphs). We show that the proposed approach offers superior predictive performance; specifically, we show that solubility can be predicted reliably directly from molecular structure (without the need of using sigma profiles as proposed in previous studies). This result is important, as obtaining sigma profiles requires expensive density functional theory computations. We also explored the ability of GNNs to predict solubility for new DES mixtures and operating conditions. We found that the model extrapolates across temperature, pressure, and molar ratios reliably. However, we also found deficiencies in the ability of the model to predict solubility for DES mixtures not included in the training set; we show that this is due to an inherent lack of chemical diversity in datasets available in the literature. The proposed computational capabilities can help navigate the design space of DES and inform data collection efforts. Our models, data, and benchmarks are shared as Python code implemented in Jupyter notebooks.",2024-04-02T05:53:36.750Z,10.26434/chemrxiv-2024-w04nm
9,Improved Environmental Chemistry Property Prediction of Molecules with Graph Machine Learning,"Rapid prediction of environmental chemistry properties is critical towards the green and sustainable development of chemical industry and drug discovery. Machine learning methods can be applied to learn the relations between chemical structures and their environmental impact. Graph machine learning, by learning the representations directly from molecular graphs, may enable better predictive power than conventional feature-based models. In this work, we leveraged graph neural networks to predict environmental chemistry properties of molecules. To systematically evaluate the model performance, we selected a representative list of datasets, ranging from solubility to reactivity, and compare directly to commonly used methods. We found that the graph model achieved near state-of-the-art accuracy for all tasks and, for several, improved the accuracy by a large margin over conventional models that rely on human-designed chemical features. This demonstrates that graph machine learning can be a powerful tool to do representation learning for environmental chemistry. Further, we compared the data efficiency of conventional feature-based models and graph neural networks, providing guidance for model selection dependent on the size of datasets and feature requirements.",2023-06-05T04:56:25.205Z,10.26434/chemrxiv-2023-8c62c
10,Coloring Molecules with Explainable Artificial Intelligence for Preclinical Relevance Assessment,"Graph neural networks are able to solve certain drug discovery tasks such as molecular property prediction and de novo molecule generation. However, these models are considered 'black-box' and 'hard-to-debug'. This study aimed to improve modeling transparency for rational molecular design by applying the integrated gradients explainable artificial intelligence (XAI) approach for graph neural network models. Models were trained for predicting plasma protein binding, cardiac potassium channel inhibition, passive permeability, and cytochrome P450 inhibition. The proposed methodology highlighted molecular features and structural elements that are in agreement with known pharmacophore motifs, correctly identified property cliffs, and provided insights into unspecific ligand-target interactions. The developed XAI approach is fully open-sourced and can be used by practitioners to train new models on other clinically-relevant endpoints.",2020-11-19T12:20:52.000Z,10.26434/chemrxiv.13252286.v1
11,Chemically Interpretable Graph Interaction Network for Prediction of Pharmacokinetic Properties of Drug-like Molecules,"<div>Solubility of drug molecules is related to pharmacokinetic properties such as absorption and distribution, which affects the amount of drug that is available in the body for its action. Computational or experimental evaluation of solvation free energies of drug-like molecules/solute that quantify solubilities is an arduous task and hence development of reliable computationally tractable models is sought after in drug discovery tasks in pharmaceutical industry. Here, we report a novel method based on graph neural network to predict solvation free energies. Previous studies considered only the solute for solvation free energy prediction and ignored the nature of the solvent, limiting their practical applicability. The proposed model is an end-to-end framework comprising three phases namely, message passing, interaction and prediction phases. In the first phase, message passing neural network was used to compute inter-atomic interaction within both solute and solvent molecules represented as molecular graphs. In the interaction phase, features from the preceding step is used to calculate a solute-solvent interaction map, since the solvation free energy depends on how (un)favorable the solute and solvent molecules interact with each other. The calculated interaction map that captures the solute-solvent interactions along with the features from the message passing phase is used to predict the solvation free energies in the final phase. The model predicts solvation free energies involving a large number of solvents within the limits of chemical accuracy. We also show that the interaction map captures the electronic and steric factors that govern the solubility of drug-like molecules and hence is chemically interpretable.</div>",2019-12-10T21:44:19.000Z,10.26434/chemrxiv.10282346.v2
12,Interpreting Graph Neural Networks with Myerson Values for Cheminformatics Approaches,"Here we introduce a novel method to interpret the predictions of graph neural networks (GNNs) based on Myerson values from cooperative game theory. Myerson values are closely related to Shapley values and thus provide an interpretability approach similar to the SHAP values. We developed the technique for applications in drug discovery, but it can be used with any graph. Using the GNN as a coalition game and the interpreted graph as the cooperation structure, the Myerson values determine the worth of each node of the graph. The worth of all nodes of the graph adds up to the predicted value of the model, allowing for a simple and intuitive interpretation of the prediction. To interpret predictions on molecular graphs we show visual explanations on molecular structures using two molecular datasets.",2023-05-08T11:50:56.498Z,10.26434/chemrxiv-2023-1hxxc
13,Interpretable Molecular Property Predictions Using Marginalized Graph Kernels,"Marginalized graph kernels have shown competitive performance in molecular machine learning tasks but currently lack measures of interpretability, which are important to improve trust in the models, detect biases, and inform molecular optimization campaigns. We here conceive and implement two interpretability measures for Gaussian process regression using a marginalized graph kernel (GPR-MGK) to quantify (1) the contribution of specific training data to the prediction and (2) the contribution of specific nodes of the graph to the prediction. We demonstrate the applicability of these interpretability measures for molecular property prediction. We compare GPR-MGK to graph neural networks on four logic datasets and find that the atomic attribution of GPR-MGK generally outperforms the atomic attribution of graph neural networks. We also perform a detailed molecular attribution analysis using the FreeSolv dataset, showing how molecules in the training set influence machine learning predictions and why Morgan fingerprints perform poorly on this dataset. This is the first systematic examination of the interpretability of GPR-MGK and thereby an important step in the further maturation of marginalized graph kernel methods for interpretable molecular predictions. ",2023-02-20T10:22:19.723Z,10.26434/chemrxiv-2023-gd1gl
14,Explainable Graph Neural Networks for Organic Cages,"The development of accurate and explicable machine learning models to predict the properties of topologically complex systems is a challenge in material science. Porous organic cages, a class of polycyclic molecular materials, have potential application in molecular separations, catalysis and encapsulation. For most applications of porous organic cages, having a permanent internal cavity in the absence of solvent, a property termed “shape persistency” is critical. Here, we report the development of Graph Neural Networks (GNNs) to predict the shape persistence of organic cages. Graph neural networks are a class of neural networks where the data, in our case that of organic cages, are represented by graphs. The performance of the GNN models was measured against a previously reported computational database of organic cages formed through a range of [4+6] reactions with a variety of reaction chemistries. The reported GNNs have an improved prediction accuracy and transferability compared to random forest predictions. Apart from the improvement in predictive power, we explored the explicability of the GNNs by computing the integrated gradient of the GNN input. The contribution of monomers and molecular fragments to the shape persistence of the organic cages could be quantitatively evaluated with integrated gradient. With the added explicability of the GNNs, it is possible not only to accurately predict the property of organic materials, but also to interpret the predictions of the deep learning models and provide structural insights to the discovery of future materials. ",2021-11-18T13:31:15.651Z,10.26434/chemrxiv-2021-zhcb1
15,A Graph Neural Network for Predicting Energy and Stability of Known and Hypothetical Crystal Structures,"The discovery of new inorganic materials in unexplored chemical spaces necessitates calculating total energy quickly and with sufficient accuracy. Machine learning models that provide such a capability for both ground-state (GS) and higher-energy structures would be instrumental in accelerating the screening for new materials over vast chemical spaces. Here, we develop a unique graph neural network model to accurately predict the total energy of both GS and higher-energy hypothetical structures. We use ~16,500 density functional theory calculated total energy from the NREL Materials Database and ~11,000 in-house generated hypothetical structures to train our model, thus making sure that the model is not biased towards either GS or higher-energy structures. We also demonstrate that our model satisfactorily ranks the structures in the correct order of their energies for a given composition. Furthermore, we present a thorough error analysis to explain several failure modes of the model, which highlights both prediction outliers and occasional inconsistencies in the training data. By peeling back layers of the neural network model, we are able to derive chemical trends by analyzing how the model represents learned structures and properties.",2021-04-16T12:50:45.000Z,10.26434/chemrxiv.14428865.v1
16,Comparative Analysis of Conventional Machine Learning and Graph Neural Network Models for Perovskite Property Prediction,"Perovskite materials, renowned for their versatility and remarkable properties, pose challenges in discovering optimal candidates due to the vast compositional space. Data-driven machine learning (ML) offers promise in expediting material discovery; however, the trade-off between accuracy and efficiency across different ML models for predicting perovskite properties is not well understood. In this study, we conducted a comprehensive assessment of various ML models for predicting the formation energy (Ef) and bandgap (Eg) of perovskites. We designed a protocol to extract perovskite structures from three databases based on the stoichiometry, octahedral lattice motif, and alignment with established perovskite prototype structures. Benchmarking conventional ML algorithms (CML) against graph neural network (GNN) models across three datasets, we identified the GATGNN model as the top performer, balancing exceptional prediction accuracy and computational efficiency. We further investigated the impact of data size on model performance, emphasizing the need for over 1000 data points for optimal prediction accuracy. Additionally, through SHAP analysis, we provided valuable insights into the interpretation of CML models in predicting Ef and Eg. Our study establishes a standardized benchmark for evaluating various ML models across diverse datasets of perovskite materials, facilitating future applications in materials science, particularly in model selection and the advancement of perovskite materials.",2024-05-13T08:44:40.570Z,10.26434/chemrxiv-2024-bd1x5
17,Predicting Surface Strain Effects on Adsorption Energy with Graph Neural Networks,"Modifying the adsorption energies of reaction intermediates on different material surfaces can significantly improve heterogeneous catalysis by reducing energy barriers for intermediate elementary reaction steps. Surface strain can increase or decrease the adsorption energy depending on the surface composition, adsorbate composition, surface facet, and adsorbate site, breaking traditional scaling relationships which inhibit energy barrier alteration in reactions such as ammonia synthesis. We aim to generate a model that maps the adsorption energy response to a given input strain for a range of adsorbates and catalyst structures. After generating a training dataset of strained copper binary alloy catalyst + adsorbate complexes from the Open Catalyst Project and calculating the adsorption energy with first-principles calculations (dataset made available), we train a graph neural network to learn the relationship between catalyst + adsorbate structure, surface strain, and adsorption energy. The model successfully predicts the nature of the adsorption energy response for 85% of surface strains, outperforming simpler model baselines. Using the ammonia synthesis reaction as an example system, we identify Cu-S alloy catalysts as promising candidates for strain engineering since the majority of surface strain patterns raise the adsorption energy of the *NH intermediate. We find that the strain response of similar adsorbates on the same surface can greatly vary due to the competition between surface relaxation under strain and relaxation of the coordination environment. Our presented machine learning approach can be applied to additional datasets to identify target strain patterns that can reduce energy barriers in heterogeneous catalysis.",2022-03-21T12:56:57.442Z,10.26434/chemrxiv-2022-kqnpk
18,PregPred: an In-Silico Alternative to Animal Testing for Predicting Developmental Toxicity Potential,"Background: Understanding potential prenatal and development toxicity hazard associated with the use of pharmaceutical and cosmetic products is an important component of women health. This hazard can be estimated from chemical structure of respective agents using Quantitative Structure-Activity Relationship (QSAR) models; however, the development of reliable models is challenging due to the complex nature of this endpoint.   Methods: Aggregating and curating data from the Food and Drug Administration (FDA), Teratogen Information System (TERIS) database, and select independent studies, we have created, to the best of our knowledge, the largest publicly available dataset comprising compounds annotated as developmental toxicants or not toxicants. Results: We built several binary classification QSAR models exhibiting a correct classification rate of 62-72%, a sensitivity of 66-75%, a specificity of 59-82%, and high coverage of 70-90% assessed using five-fold external validation protocol. We developed a publicly accessible web portal PregPred for developmental toxicity prediction of both overall toxicity and trimester-specific toxicity predictions.   Conclusions: Due to high accuracy and coverage as well as public accessibility of the respective web portal, our models can be employed as a computational tool to support regulatory assessment of pharmaceutical and cosmetic products in alignment with the 3Rs (refining, reducing, and replacing) of animal testing. This in silico model holds the potential to substantially influence the field of developmental toxicology, steering regulatory practices toward safer drug development for pregnant women. The first-of-its-kind curated dataset of developmental toxicants and all developed models implemented as a user-friendly web tool, PregPred, are freely available at https://pregpred.mml.unc.edu/).  ",2024-04-04T10:04:32.571Z,10.26434/chemrxiv-2024-b0m7w
19,BonDNet: A Graph Neural Network for the Prediction of Bond Dissociation Energies for Charged Molecules,"<div><div><div><p>A broad collection of technologies, including e.g. drug metabolism, biofuel combustion, photochemical decontamination of water, and interfacial passivation in energy production/storage systems rely on chemical processes that involve bond-breaking molecular reactions. In this context, a fundamental thermodynamic property of interest is the bond dissociation energy (BDE) which measures the strength of a chemical bond. Fast and accurate prediction of BDEs for arbitrary molecules would lay the groundwork for data-driven projections of complex reaction cascades and hence a deeper understanding of these critical chemical processes and, ultimately, how to reverse design them. In this paper, we propose a chemically inspired graph neural network machine learning model, BonDNet, for the rapid and accurate prediction of BDEs. BonDNet maps the difference between the molecular representations of the reactants and products to the reaction BDE. Because of the use of this difference representation and the introduction of global features, including molecular charge, it is the first machine learning model capable of predicting both homolytic and heterolytic BDEs for molecules of any charge. To test the model, we have constructed a dataset of both homolytic and heterolytic BDEs for neutral and charged (1 and +1) molecules. BonDNet achieves a mean absolute error (MAE) of 0.022 eV for unseen test data, significantly below chemical accuracy (0.043 eV). Besides the ability to handle complex bond dissociation reactions that no previous model could con- sider, BonDNet distinguishes itself even in only predicting homolytic BDEs for neutral molecules; it achieves an MAE of 0.020 eV on the PubChem BDE dataset, a 20% improvement over the previous best performing model. We gain additional insight into the model’s predictions by analyzing the patterns in the features representing the molecules and the bond dissociation reactions, which are qualitatively consistent with chemical rules and intuition. BonDNet is just one application of our general approach to representing and learning chemical reactivity, and it could be easily extended to the prediction of other reaction properties in the future.</p></div></div></div>",2020-09-23T06:31:23.000Z,10.26434/chemrxiv.12980774.v2
20,SLI-GNN: A Self-Learning-Input Graph Neural Network for Predicting Crystal and Molecular Properties,"Since the structures of crystals/molecules are often non-Euclidean data in real space, graph neural networks (GNNs) are regarded as the most prospective approach for their capacity of representing materials by graph-based inputs and emerged as an efficient and powerful tool in accelerating the discovery of new materials. Here, we proposed a self-learning-input GNN framework, named SLI-GNN, to uniformly predict the properties for both crystals and molecules, in which, for the first time, we design a dynamic embedding layer to self-update the input features along with the iteration of the neural network and introduce the Infomax mechanism to maximize the average mutual information between the local features and the global features. It is found that our SLI-GNN can reach ideal prediction accuracy with less inputs and more MPNN layers. The model evaluation on the Materials Project Dataset and QM9 dataset verify that the overall performance of our GNN is comparable to that of other previously reported GNNs. Thus, our GNN framework presents excellent performance in material property prediction, thereby being promising for accelerating the discovery of new materials.",2023-03-17T11:23:28.162Z,10.26434/chemrxiv-2023-wl8rn
21,Rapid Prediction of Conformationally-Dependent DFT-Level Descriptors using Graph Neural Networks for Carboxylic Acids and Alkyl Amines,"Data-driven reaction discovery and development is a growing field that relies on the use of molecular descriptors to capture key information about substrates, ligands, and targets. Broad adaptation of this strategy is hindered by the associated computational cost of descriptor calculation, especially when considering conformational flexibility. Descriptor libraries can be pre-computed agnostic of application to reduce the computational burden of data-driven reaction development. However, as one often applies these models to evaluate novel hypothetical structures, it would be ideal to predict the descriptors of compounds on-the-fly. Herein, we report DFT-level descriptor libraries for conformational ensembles of 8528 carboxylic acids and 8172 alkyl amines towards this goal. Employing 2D and 3D graph neural network architectures trained on these libraries culminated in the development of predictive models for molecule-level descriptors, as well as the bond- and atom-level descriptors for the conserved reactive site (carboxylic acid or amine). The predictions were confirmed to be robust for an external validation set of medicinally-relevant carboxylic acids and alkyl amines. Additionally, a retrospective study correlating the rate of amide coupling reactions demonstrated the suitability of the predicted DFT-level descriptors for downstream applications. Ultimately, these models enable high-fidelity predictions for a vast number of potential substrates, greatly increasing accessibility to the field of data-driven reaction development.",2024-02-23T11:15:22.334Z,10.26434/chemrxiv-2024-m5bpn
22,Molecular set representation learning,"Computational representation of molecules can take many forms, including graphs, string-encodings of graphs, binary vectors, or learned embeddings in the form of real-valued vectors. These representations are then used in downstream classification and regression tasks using a wide range of machine-learning models. However, existing models come with limitations, such as the requirement for clearly defined chemical bonds, which often do not represent the true underlying nature of a molecule. Here, we propose a framework for molecular machine learning tasks based on set representation learning. We show that learning on sets of atomic invariants alone reaches the performance of state-of-the-art graph-based models on the most-used chemical benchmark data sets and that introducing a set representation layer into graph neural networks can surpass the performance of established methods in the domains of chemistry, biology, and material science. We introduce specialised set representation-based neural network architectures for reaction yield and protein-ligand binding affinity prediction. Overall, we show that the technique we denote molecular set representation learning is both an alternative and an extension to graph neural network architectures for machine learning tasks on molecules, molecule complexes, and chemical reactions.",2024-03-15T06:27:47.920Z,10.26434/chemrxiv-2023-fk7kf-v2
23,Predicting Critical Micelle Concentrations for Surfactants using Graph Convolutional Neural Networks,"Surfactants are amphiphilic molecules that are widely used in consumer products, industrial processes, and biological applications. A critical property of a surfactant is the critical micelle concentration (CMC), which is the concentration at which surfactant molecules undergo cooperative self-assembly in solution. Notably, the primary method to obtain CMCs experimentally—tensiometry—is laborious and expensive. In this work, we show that graph convolutional neural networks (GCNs) can predict CMCs directly from the surfactant molecular structure. Specifically, we developed a GCN architecture that encodes the surfactant structure in the form of a molecular graph and trained it using experimental CMC data. We found that the GCN can predict CMCs with higher accuracy than previously proposed methods and that it can generalize to anionic, cationic, zwitterionic, and nonionic surfactants. Molecular saliency maps revealed how atom types and surfactant molecular substructures contribute to CMCs and found this to be in agreement with physical rules that correlate constitutional and topological information to CMCs. Following such rules, we proposed a small set of new surfactants for which experimental CMCs are not available; for these molecules, CMCs predicted with our GCN exhibited similar trends to those obtained from molecular simulations. These results provide evidence that GCNs can enable high-throughput screening of surfactants with desired self-assembly characteristics.",2021-04-09T06:41:24.000Z,10.26434/chemrxiv.14384693.v2
24,QupKake: Integrating Machine Learning and Quantum Chemistry for micro-pKa Predictions,"Accurate prediction of micro-pKa values is crucial for understanding and modulating the acidity and basicity of organic molecules, with applications in drug discovery, materials science, and environmental chemistry. This work introduces QupKake, a novel workflow that combines graph neural network (GNN) models with semiempirical quantum mechanical (QM) features to achieve exceptional accu- racy and generalization in micro-pKa prediction. QupKake outperforms state-of-the-art models on a variety of benchmark datasets, with root mean square errors (RMSEs) between 0.5-0.8 pKa units on five external test sets. Feature importance analysis reveals the crucial role of QM features in both the reaction site enumeration and micro-pKa prediction models. QupKake represents a significant advancement in micro-pKa prediction, offering a powerful tool for various applications in chemistry and beyond.",2023-12-05T04:43:15.558Z,10.26434/chemrxiv-2023-gxplb
25,"CoeffNet: Predicting activation barriers through a chemically-interpretable, equivariant and physically constrained graph neural network","Activation barriers of elementary reactions are essential to predict molecular reaction mechanisms and kinetics. However, computing these energy barriers by identifying transition states with electronic structure methods (e.g., density functional theory) can be time-consuming and computationally expensive. In this work, we introduce CoeffNet, an equivariant graph neural network that predicts activation barriers using coeﬀicients of a frontier molecular orbital (such as the highest occupied molecular orbital) of reactant and product complexes as graph node features. We show that using coeﬀicients as features offer several advantages, such as chemical interpretability and physical constraints on the network’s behaviour and numerical range. Model outputs are either activation barriers or coeﬀicients of the chosen molecular orbital of the transition state; the latter quantity allows us to interpret the results of the neural network through chemical intuition. We test CoeffNet on a dataset of SN2 reactions as a proof-of-concept and show that the activation barriers are predicted with a mean absolute error of less than 0.025 eV. The highest occupied molecular orbital of the transition state is visualized and the distribution of the orbital densities of the transition states is described for a few prototype SN2 reactions.",2023-08-21T12:55:15.715Z,10.26434/chemrxiv-2023-0hndv
26,Graph Neural Networks Bootstrapped for Synthetic Selection and Validation of Small Molecule Immunomodulators,"The Programmed Cell Death Protein 1/Programmed Death-Ligand 1 (PD-1/PD-L1) interaction is an immune checkpoint utilized by cancer cells to enhance immune suppression. There is a huge need to develop small molecule drugs that are fast acting, cost effective, and readily bioavailable compared to antibodies. Unfortunately, synthesizing and validating large libraries of small- molecules to inhibit PD-1/PD-L1 interaction in a blind manner is both time-consuming and expensive. To improve this drug discovery pipeline, we have developed a machine learning methodology trained on patent data to identify, synthesize, and validate PD-1/PD-L1 small molecule inhibitors. Our model incorporates two features: docking scores to represent the energy of binding (E) as a global feature and sub-graph features through a graph neural network (GNN) of molecular topology to represent local features. This interaction energy-based Graph Neural Network (EGNN) model outperforms traditional machine learning methods and a simple GNN with a F1 score of 0.9524 and Cohen’s kappa score of 0.8861 for the hold out test set, suggesting that the topology of the small molecule, the structural interaction in the binding pocket, and chemical diversity of the training data are all important considerations for enhancing model performance. A Bootstrapped EGNN model was used to select compounds for synthesis and experimental validation with predicted high and low potency to inhibit PD-1/PD-L1 interaction. The potent inhibitor, (4-((3-(2,3-dihydrobenzo[b][1,4]dioxin-6-yl)-2- methylbenzyl)oxy)-2,6-dimethoxybenzyl)-D-serine, is a hybrid of two known bioactive scaffolds, with an IC50 of 339.9 nM that is comparatively better than the known bioactive compound. We conclude that our bootstrapped EGNN model will be useful to identify target-specific high potency molecules designed by scaffold hopping, a well-known medicinal chemistry technique.",2021-10-18T09:17:01.010Z,10.26434/chemrxiv-2021-r4xnx-v2
27,Graph transformer neural network for chemical reactivity prediction,"Optimizing the properties of advanced drug candidates can be facilitated by directly introducing certain chemical groups without having to synthesize the molecules from scratch. However, their chemical complexity often renders reactivity predictions and synthesis planning challenging. Herein, we introduce a graph transformer neural network (GTNN) approach for computational reaction screening and identification of substrates suitable for late-stage functionalization, taking compound alkylation via Minisci-type chemistry as an example. GTNNs were trained on experimentally generated reactions obtained from miniaturized high-throughput experimentation and literature data. Trained models were prospectively applied to predicting the reactivity of 3180 advanced heterocyclic molecules, identifying potential substrates for Minisci-type alkylation. All predicted substrates were experimentally confirmed. Multiple chemical transformations were identified for each of these compounds. Selected hits were scaled up, isolated, and characterized, delivering 30 novel, suitably functionalized molecules for medicinal chemistry. These results positively advocate GTNN models for reactivity prediction in drug discovery.",2023-05-16T11:05:08.411Z,10.26434/chemrxiv-2023-8hdmv
28,Model agnostic generation of counterfactual explanations for molecules,"An outstanding challenge in deep learning in chemistry is its lack of interpretability. The inability of explaining why a neural network makes a prediction is a major barrier to deployment of AI models. This not only dissuades chemists from using deep learning predictions, but also has led to neural networks learning spurious correlations that are difficult to notice. Counterfactuals are a category of explanations that provide a rationale behind a model prediction with  satisfying properties like providing chemical structure insights. Yet, counterfactuals are have been previously limited to specific model architectures or required reinforcement learning as a separate process. In this work, we show a universal model-agnostic approach that can explain any black-box model prediction. We demonstrate this method on random forest models, sequence models, and graph neural networks in both classification and regression.",2021-09-06T05:26:44.634Z,10.26434/chemrxiv-2021-4qkg8-v2
29,Graph Neural Networks for Identifying Protein-Reactive Compounds,"The identification of protein-reactive electrophilic compounds is critical to the design of new covalent modifier drugs, screening for toxic compounds, and the exclusion of reactive compounds from high throughput screening. In this work, we employ traditional and graph machine learning (ML) algorithms to classify molecules being reactive towards proteins or nonreactive. For training data, we built a new dataset, ProteinReactiveDB, composed primarily of covalent and noncovalent inhibitors from  the DrugBank, BindingDB, and CovalentInDB databases. To assess the transferability of the trained models, we created a custom set of covalent and noncovalent inhibitors, which was constructed from the recent literature. Baseline models were developed using Morgan fingerprints as training inputs, but they performed poorly when applied to compounds outside the training set. We then trained various Graph Neural Networks (GNNs), with the best GNN model achieving an Area Under the Receiver Operator Characteristic (AUROC) curve of 0.80, precision of 0.89, and recall of 0.72. We also explore the interpretability of these GNNs using Gradient Activation Mapping (GradCAM), which shows regions of the molecules GNNs deem most relevant when making a prediction. These maps indicated that our trained models can identify electrophilic functional groups in a molecule and classify molecules as protein-reactive based on their presence. We demonstrate the use of these models by comparing their performance against common chemical filters, identifying covalent modifiers in the ChEMBL database and generating a putative covalent inhibitor based on an established noncovalent inhibitor.",2024-06-07T04:40:09.310Z,10.26434/chemrxiv-2023-d0dqp-v3
30,Interpretable attribution assignment for octanol-water partition coefficient,"With the increasing development of machine learning models, their credibility has become an important issue.  In chemistry, attribution assignment is gaining relevance in designing molecules and debugging models.  However, attention has been paid to which atoms are important in the prediction without considering whether the attribution is reasonable.  In this study, we developed a graph neural network model, a high interpretable attribution model in chemistry, and modified the integrated gradients method.  The credibility of our approach was confirmed by predicting the octanol--water partition coefficient (logP) and evaluating the three metrics --accuracy, consistency, and stability-- in the attribution assignment. ",2023-04-19T07:23:26.255Z,10.26434/chemrxiv-2023-2lwsh-v2
31,Expanding the chemical space using a Chemical Reaction Knowledge Graph," In this work, we present a new molecular de novo design approach which utilizes a knowledge graph encoding of chemical reactions, extracted from the publicly available USPTO (United States Patent and Trademark Office) dataset. Our proposed method can be used to expand the chemical space by performing forward synthesis prediction on the knowledge graph and can generate libraries of de novo compounds along with a valid synthetic route. The forward synthesis prediction of novel compounds involves two steps. In a first step, a graph neural network-based link prediction model is used to suggest pairs of existing reactant nodes in the graph that are likely to react. In a second step, product prediction is performed using a molecular transformer model to obtain the potential products for the suggested reactant pairs. We achieve a ROC-AUC score of 0.861 for link prediction in the knowledge graph and for the product prediction a top-1 accuracy of 0.924. The method’s utility is demonstrated by generating a set of de novo compounds by predicting high probability reactions in USPTO. The generated compounds are diverse in nature and many exhibits drug-like properties. Further, evaluation of the potential activity using a quantitative structure–activity relationship (QSAR) model suggested presence of potential dopamine receptor D2 (DRD2) modulators among the proposed compounds. In summary, our results suggest that the proposed method can expand the easily accessible chemical space and identify novel drug-like compounds for a specific target.",2023-08-25T07:30:36.092Z,10.26434/chemrxiv-2023-qdvmm
32,Feature selection in molecular graph neural networks based on quantum chemical approaches,"Feature selection is an important topic that has been widely studied in data science. Recently, graph neural networks (GNNs) and graph convolutional networks (GCNs) have also been employed in chemistry. To enhance the performance characteristics of the GNN  and GCN in the field of chemistry, the feature selection should also be discussed in detail from the chemistry viewpoint. Thus, this study proposes a new feature in molecular GNNs based on the quantum chemical approaches and discusses the accuracy, overcorrelation between features, and interpretability. From the overcorrelation and accuracy, the important graph convolution (IGC) with molecular-atomic properties (MAP) proposed herein showed good performance. Moreover, the integrated gradients analysis showed that the machine learning model with the IGC(MAP) explained the prediction outputs reasonably.",2023-01-19T05:33:01.713Z,10.26434/chemrxiv-2022-lzmrc-v3
33,Transfer Learning for a Foundational Chemistry Model,"Data-driven chemistry has garnered much interest concurrent with improvements in hardware and the development of new machine learning models. However, a notable bottleneck for data-driven chemistry specifically is the challenge in obtaining sufficiently large, accurate datasets of a desired chemical outcome. Herein, I develop a machine learning framework that makes prediction amid low data: First, a chemical “foundational model” is trained using on a dataset of ~1 million experimental organic crystal structures of organic molecules - a source of big data in the chemistry. A task specific model is then stacked on top on this general model. This approach achieves state-of-the-art performance in a diverse set of tasks – toxicity prediction, yield prediction, and odor prediction. More generally, my work shows that a foundational model approach, which led to step-change in domains such as natural language, can unlock advances in chemistry. ",2023-09-20T11:42:23.797Z,10.26434/chemrxiv-2023-gnzpf
34,Real-time Prediction of 1H and 13C Chemical Shifts with DFT accuracy using a 3D Graph Neural Network,"The computational prediction of NMR chemical shifts using quantum mechanical calculations is now commonplace in aiding organic structural assignment since spectra can be computed for several candidate structures and then compared with experimental values to find the best possible match. However, the computational demands of calculating multiple structural- and stereo-isomers, each of which may typically exist as an ensemble of rapidly-interconverting conformations calculations, are expensive. In this work, we address both of these shortcomings by developing a rapid machine learning (ML) protocol to predict 1H and 13C chemical shifts through an efficient graph neural network (GNN) using 3D structures as input. Transfer learning with experimental data is used to improve the final prediction accuracy of a model training using QM calculations. When tested on the CHESHIRE dataset, the  13C chemical shifts are predicted with comparable accuracy to the best-performing DFT functionals (1.5 ppm) in around 1/6000 of the CPU time.",2021-06-18T12:48:53.382Z,10.26434/chemrxiv-2021-zmp0l
35,Capturing Molecular Interactions in Graph Neural Networks: A Case Study in Multi-Component Phase Equilibrium,"Graph neural networks (GNNs) have been widely used for predicting molecular properties, especially for single molecules. However, when treating multi-component systems, GNNs have mostly used simple data representations (concatenation, averaging, or self-attention on features of individual components) that might fail to capture molecular interactions and potentially limit prediction accuracy. In this work, we propose a GNN  architecture that captures molecular interactions in an explicit manner by combining atomic-level (local) graph convolution and molecular-level (global) message passing through a molecular interaction network.  We tested the architecture (which we call SolvGNN) on a comprehensive phase equilibrium case study that aims to predict activity coefficients for a wide range of binary and ternary mixtures; we built this large dataset using the COnductor-like Screening MOdel for Real Solvation (COSMO-RS). We show that  SolvGNN can predict composition-dependent activity coefficients with high accuracy and show that it outperforms a previously developed GNN used for predicting only infinite-dilution activity coefficients. We performed counterfactual analysis on the SolvGNN model that allowed us to explore the impact of functional groups and composition on equilibrium behavior. We also used the SolvGNN model for the development of a computational framework that automatically creates phase diagrams for a diverse set of complex mixtures. All scripts needed to reproduce the results are shared as open-source code. ",2022-09-23T05:08:42.615Z,10.26434/chemrxiv-2022-3tq4c-v2
36,Online triplet contrastive learning enables efficient cliff awareness in molecular activity prediction,"Predicting molecular activity and quantitative structure-activity relationship (QSAR) is important for drug discovery and optimization. With molecular structures as frames, graph neural networks (GNNs) are suited for activity prediction but tend to overlook activity-cliffs (ACs) where structurally-similar molecules have vastly different activity values. To address this, we introduced a new online triplet contrastive learning framework ACANet that incorporates a unique activity-cliff-awareness (ACA) loss function, enabling efficient AC-awareness during training. The ACA loss enhances metric learning in the latent space and task learning in the target space simultaneously to make networks aware of ACs. ACANet outperformed the state-of-the-art machine learning and deep learning models in activity prediction and AC awareness on 39 benchmark datasets. ACA loss function is superior in AC-awareness than the mean absolute error and mean squared error loss functions. This innovative approach opens new avenues and provides valuable tools for applications in drug discovery and chemical engineering.",2023-05-29T09:35:47.335Z,10.26434/chemrxiv-2023-5cz7s
37,Benchmarking Graph Neural Networks for Materials Chemistry,"Graph neural networks (GNNs) have received intense interest as a rapidly expanding class of machine learning models remarkably well-suited for materials applications. To date, a number of successful GNNs have been proposed and demonstrated for systems ranging from crystal stability to electronic property prediction and to surface chemistry and heterogeneous catalysis. However, a consistent benchmark of these models remains lacking, hindering the development and consistent evaluation of new models in the materials field. Here, we present a workflow and testing platform, MatDeepLearn, for quickly and reproducibly assessing and comparing GNNs and other machine learning models. We use this platform to optimize and evaluate a selection of top performing GNNs on several representative datasets in computational materials chemistry. From our investigations we note the importance of hyperparameter selection and find roughly similar performances for the top models once optimized. We identify several strengths in GNNs over conventional models in cases with compositionally diverse datasets and in its overall flexibility with respect to inputs, due to learned rather than defined representations. Meanwhile several weaknesses of GNNs are also observed including high data requirements, and suggestions for further improvement for applications in materials chemistry are proposed.",2021-01-22T07:14:21.000Z,10.26434/chemrxiv.13615421.v2
38,Revising Message Passing Graph Neural Networks for Catalyst Design,"Applying deep learning to search for catalysts is an important challenge for solving energy storage problems and the conversion of greenhouse gases into more valuable products caused by global warming. We present several graph neural networks (GNNs) in our work, including convolutional and message passing architectures with physically informed node and edge attributes for atomistic systems. We demonstrate an improvement in adsorption energy predictions on the OC20 dataset using our proposed architecture in terms of the mean absolute error of predicted energy and energy within threshold metrics. Proposed architectures are stable to overfitting and can be used to predict experimental and quantum chemical properties of a wide spectrum of materials and molecules. We propose the use of two GNN architectures (EdgeUpdateNet and OFMNet) together with an advanced featurization method of nodes and edges. We represent edge fingerprints as elements of interatomic interaction matrices (Coulomb matrix, Ewald sum matrix, Sine matrix). For node fingerprints, we use elements of the orbital field matrix (OFM), a one-hot representation of the electronic state of atoms with surrounding atomic orbitals. Also, we propose and implement the representation of catalytically active atoms as a subgraph. Proposed methods and architectures demonstrate improvement in the accuracy of adsorption energy predictions.  Especially significant improvements are observed in out of domain examples for both adsorbates and catalysts. The generalizability and extrapolation capabilities on out of domain examples of the proposed architectures also make proposed GNNs feasible for use in catalyst screening in the vast chemical space.",2022-04-25T07:09:50.671Z,10.26434/chemrxiv-2022-jgd2t
39,Enhancing Molecular Energy Predictions with Physically Constrained Modifications to the Neural Network Potential,"Exclusively prioritizing the precision of energy prediction frequently proves inadequate in satisfying multifaceted requirements. A heightened focus is warranted on assessing the rationality of potential energy curves predicted by machine learning-based force fields (MLFF), alongside evaluating the pragmatic utility of these MLFF. This study introduces SWANI, an optimized Neural Network Potential (NNP) stemming from the ANI framework. Through the incorporation of supplementary physical constraints, SWANI aligns more cohesively with chemical expectations, yielding rational potential energy profiles. It also exhibits superior predictive precision compared to the ANI model. Additionally, a comprehensive comparison is conducted between SWANI and a prominent Graph Neural Network (GNN)-based model. The findings indicate that SWANI outperforms the latter, particularly for molecules exceeding the dimensions of the training set. This outcome underscores SWANI's exceptional capacity for generalization and its proficiency in handling larger molecular systems.",2023-09-20T12:11:20.387Z,10.26434/chemrxiv-2023-ddxlh
40,Mole-BERT: Rethinking Pre-training Graph Neural Networks for Molecules,"Recent years have witnessed the prosperity of pre-training graph neural networks (GNNs) for molecules. Typically, atom types as node attributes are randomly masked and GNNs are then trained to predict masked types as in AttrMask \citep{hu2020strategies}, following the Masked Language Modeling (MLM) task of BERT~\citep{devlin2019bert}. However, unlike MLM where the vocabulary is large, the AttrMask pre-training does not learn informative molecular representations due to small and unbalanced atom `vocabulary'. To amend this problem, we propose a variant of VQ-VAE~\citep{van2017neural} as a context-aware tokenizer to encode atom attributes into chemically meaningful discrete codes. This can enlarge the atom vocabulary size and mitigate the quantitative divergence between dominant (e.g., carbons) and rare atoms (e.g., phosphorus). With the enlarged atom `vocabulary', we propose a novel node-level pre-training task, dubbed Masked Atoms Modeling (MAM), to mask some discrete codes randomly and then pre-train GNNs to predict them. MAM also mitigates another issue of AttrMask, namely the negative transfer. It can be easily combined with various pre-training tasks to improve their performance. Furthermore, we propose triplet masked contrastive learning (TMCL) for graph-level pre-training to model the heterogeneous semantic similarity between molecules for effective molecule retrieval. MAM and TMCL constitute a novel pre-training framework, Mole-BERT, which can match or outperform state-of-the-art methods in a fully data-driven manner. We release the code at \textcolor{magenta}{\url{https://github.com/junxia97/Mole-BERT}}.",2023-04-13T04:40:10.029Z,10.26434/chemrxiv-2023-dngg4
41,Feature attributions for water-solubility predictions obtained by artificial intelligence methods and chemists,"Recently, the field of explainable  artificial intelligence has attracted significant research interest, with a particular focus on “feature attribution” in the field of chemistry. However, studies comparing the relationship between artificial-intelligence- and human-based feature attributions when predicting the same outcome are scarce. Hence, the current study aims to investigate this relationship by comparing machine-learning-based feature attributions (graph neural networks and integrated gradients) with those of chemists (Hansch–Fujita method) when predicting water solubility. The findings reveal that the artificial-intelligence-based attributions are similar to those of chemists despite their distinct origins.",2024-05-08T11:24:08.327Z,10.26434/chemrxiv-2024-n51wc
42,A Graph-Convolutional Neural Network for Addressing Small-Scale Reaction Prediction,"We describe a graph-convolutional neural network (GCN) model whose reaction prediction capable as potent as the transformer model on sufficient data, and adopt the Baeyer-Villiger oxidation to explore their performance differences on limited data. The top-1 accuracy of GCN model (90.4%) is higher than that of transformer model (58.4%).",2021-02-02T06:27:30.000Z,10.26434/chemrxiv.13669214.v1
43,Classifying the toxicity of pesticides to honey bees via support vector machines with random walk graph kernels,"Pesticides benefit agriculture by increasing crop yield, quality, and security. However, pesticides may inadvertently harm bees, which are valuable as pollinators. Thus, candidate pesticides in development pipelines must be assessed for toxicity to bees.  Leveraging a data set of 382 molecules with toxicity labels from honey bee exposure experiments, we train a support vector machine (SVM) to predict the toxicity of pesticides to honey bees. We compare two representations of the pesticide molecules: (i) a random walk feature vector listing counts of length-L walks on the molecular graph with each vertex- and edge-label sequence and (ii) the MACCS structural key fingerprint (FP), a bit vector indicating the presence/absence of a list of pre-defined subgraph patterns in the molecular graph. We explicitly construct the MACCS FPs, but rely on the fixed-length-L random walk graph kernel (RWGK) in place of the dot product for the random walk representation. The L-RWGK-SVM achieves an accuracy, precision, recall, and F1 score (mean over 2000 runs) of 0.81, 0.68, 0.71, and 0.69 on the test data set---with L=4 the mode optimal walk length. The MACCS-FP-SVM performs on par/marginally better than the L-RWGK-SVM, lends more interpretability, but varies more in performance. We interpret the MACCS-FP-SVM by illuminating which subgraph patterns in the molecules tend to strongly push them towards the toxic/non-toxic side of the separating hyperplane. ",2022-05-23T08:15:26.885Z,10.26434/chemrxiv-2022-q5zgx-v4
44,Prediction of Homolytic Bond Dissociation Enthalpies for Organic Molecules at near Chemical Accuracy with Sub-Second Computational Cost,"Bond dissociation enthalpies (BDEs) of organic molecules play a fundamental role in determining chemical reactivity. However, BDE computations at sufficiently high levels of quantum mechanical (QM) theory require substantial computing resources. We have therefore developed A machine-Learning derived, Fast, Accurate Bond dissociation Enthalpy Tool (ALFABET), capable of accurately predicting BDEs for organic molecules in a fraction of a second. Automated density functional theory (DFT) calculations at the M06-2X/def2-TZVP level of theory were performed for 42,577 small organic molecules, resulting in a dataset of 290,664 BDEs. A graph neural network was trained on a subset of these results, achieving a mean absolute error of 0.58 kcal/mol for the BDE values of unseen molecules. An interface for the developed prediction tool is available online at https://ml.nrel.gov/bde. The model rapidly and accurately predicts major sites of hydrogen abstraction in metabolism of drug-like molecules and determines the dominant molecular fragmentation pathways during soot formation.",2019-11-15T02:00:09.000Z,10.26434/chemrxiv.10052048.v2
45,iEdgeDTA: integrated edge information and 1D graph convolutional neural networks for binding affinity prediction,"Drug repurposing, where an existing low-risk drug is applied for new indications, becomes more attractive in drug development as drug discovery is very costly and time-consuming. However, the wet-lab testing process to find a drug candidate for a new purpose from its possible binding to a protein is still expensive and laborious due to the available vast quantity of drugs and target proteins. This study aims to leverage artificial intelligence to aid drug repurposing by utilizing drug-protein interaction data and estimating their binding affinity. In this work, we propose an estimation approach that employs a graph-based deep learning technique and enhances prediction accuracy by incorporating the compound's edge information as a multi-dimensional feature. In addition, we used a pre-trained model for protein embedding and graph operation over a 1D protein sequence to overcome a fixed-length problem in the language model task and also incorporated the global feature of the protein. We evaluated the performance of our model in the same benchmark datasets using a variety of matrices, and the results show that our model can achieve the best prediction result compared to other state-of-the-art models while at the same time requiring no contact-map information compared to recent graph-based works Availability: https://github.com/cucpbioinfo/iEdgeDTA",2023-02-20T11:56:29.716Z,10.26434/chemrxiv-2023-qs2w0
46,Encoding Protein-Ligand Interactions: Binding Affinity Prediction with Multigraph-based Modeling and Graph Convolutional Network,"Machine learning models are employed to enhance the speed and provide novel insights in drug discovery due to their demonstrated effectiveness in predicting properties of small molecules like pKa, solubility, and binding affinity. These approaches accelerate drug discovery by helping researchers efficiently identify, prioritize, and optimize compounds. Nonetheless, when investigating properties that depend on the interaction between a ligand and its corresponding protein, a compelling need arises to incorporate the protein counterpart information within the models. Recently, graph neural networks (GNNs) have been developed to incorporate 3D structural information to improve our understanding of the underlying protein-ligand interactions. However, incorporating 3D information into GNNs is not always straightforward. To address the challenge, we introduce a model called InterGraph, which models the protein-ligand interaction as topological multigraphs.  By leveraging a topological representation, InterGraph offers a comprehensive approach to a graph representation of the intricate spatial organization and connectivity patterns within protein-ligand systems. We introduce interaction spheres that assign varying edge densities, capturing the proximity-based influence of interactions. This approach enables us to capture the characteristics of the interaction network, filtering out the ones that are beyond 9 Å from the ligand since they are not considered relevant or established. Finally, we trained the model using a ligand binding dataset from PDBbind and tested it on a hold-out test set, achieving an RMSE value of 1.34. Our findings have demonstrated the power of the multigraph to encode the importance of close interactions, a factor that is relevant in the context of binding affinity. On average, our model accurately predicts binding affinity values for several protein-ligand complexes and exhibits higher accuracy for hydrolase, lyase, and families of proteins involved in mediating protein-protein interactions. Additionally, the Intergraph method displayed sensitivity to the binding mode when compared to a set of complexes that had undergone redocking calculations",2023-12-18T05:58:22.752Z,10.26434/chemrxiv-2023-bvps7-v2
47,Classification of Tastants: A Deep Learning Based Approach,"Predicting the taste of molecules is of critical importance in the food and beverages, flavor, and pharmaceutical industries for the design and screening of new tastants. In this work, we have built deep learning models to classify sweet, bitter, and umami molecules— the three basic tastes whose sensation is mediated by G protein-coupled receptors. An extensive dataset containing 1466 bitter, 1764 sweet, and 238 umami tastants was curated from existing literature. We analyzed the chemical characteristics of the molecules, with special focus on the presence of different functional groups. A deep neural network model based on molecular descriptors and a graph neural network model were trained for taste prediction. The class imbalance due to fewer umami molecules was tackled using special sampling techniques. Both models show comparable performance during evaluation, but the graph-based model can learn task-specific representations from the molecular structure without requiring handcrafted features. We further explain the deep neural network predictions using Shapley additive explanations. Finally, we demonstrated the applicability of the models by screening bitter, sweet, and umami molecules from a large food database. This study develops an in-silico approach to classify molecules based on their taste by leveraging the recent progress in deep learning, which can serve as a powerful tool for tastant design. ",2023-05-18T06:58:16.099Z,10.26434/chemrxiv-2022-rs6x3-v2
48,Graph Networks for Molecular Design,"Deep learning methods applied to chemistry can be used to accelerate the discovery of new molecules. This work introduces GraphINVENT, a platform developed for graph-based molecular design using graph neural networks (GNNs). GraphINVENT uses a tiered deep neural network architecture to probabilistically generate new molecules a single bond at a time. All models implemented in GraphINVENT can quickly learn to build molecules resembling the training set molecules without any explicit programming of chemical rules. The models have been benchmarked using the MOSES distribution-based metrics, showing how GraphINVENT models compare well with state-of-the-art generative models. This work is one of the first thorough graph-based molecular design studies, and illustrates how GNN-based models are promising tools for molecular discovery.<br />",2020-08-24T11:43:47.000Z,10.26434/chemrxiv.12843137.v1
49,Self-Supervised Learning for Molecular Property Prediction,"Predicting molecular properties remains a challenging task with numerous potential applications, notably in drug discovery. Recently, the development of deep learning, combined with rising amounts of data, has provided powerful tools to build predictive models. Since molecules can be encoded as graphs, Graph Neural Networks (GNNs) have emerged as a popular choice of architecture to tackle this task. Training GNNs to predict molecular properties however faces the challenge of collecting annotated data which is a costly and time consuming process. On the other hand, it is easy to access large databases of molecules without annotations. In this setting, self-supervised learning can efficiently leverage large amounts of non-annotated data to compensate for the lack of annotated ones. In this work, we introduce a self-supervised framework for GNNs tailored specifically for molecular property prediction. Our framework uses multiple pretext tasks focusing on different scales of molecules (atoms, fragments and entire molecules). We evaluate our method on a representative set of GNN architectures and datasets and also consider the impact of the choice of input features. Our results show that our framework can  successfully  improve  performance compared to training from scratch, especially in low data regimes. The  improvement  varies  depending  on  the  dataset, model architecture and, importantly, on the choice of input feature representation.",2021-10-15T13:25:05.882Z,10.26434/chemrxiv-2021-vr43g
50,A Universal Deep Learning Framework based on Graph Neural Network for Virtual Co-Crystal Screening,"<p>Cocrystal plays an important role in various fields. However, how to choose coformer remains a challenge on experiments. In this work, we develop a novel graph neural network (GNN) based deep learning framework to rapidly predict formation of the cocrystal. A large and reliable data set is first constructed, which contains 7871 samples. A complementary feature representation is proposed by combining molecular graph and molecular descriptors from priori knowledge. A new GNN learning architecture is then explored to effectively embed the priori knowledge into the “endto-end” learning on the molecular graph, in which multi-head attention mechanism is introduced to further optimize the feature space. Consequently, the performance of our model achieves 98.86% accuracy, greatly surpassing some traditional machine learning models and classic GNN models. Furthermore, the out-of-distribution prediction on energetic cocrystals is also high up to 97.11% accuracy, showing strong generalization.</p><br />",2021-01-05T04:45:00.000Z,10.26434/chemrxiv.13514903.v1
51,Predicting Single-Substance Phase Diagrams: A Kernel Approach on Graph Representations of Molecules,"<p>This work presents a Gaussian process regression (GPR) model on top of a novel graph representation of chemical molecules that predicts thermodynamic properties of pure substances in single, double, and triple phases. A transferable molecular graph representation is proposed as the input for a marginalized graph kernel, which is the major component of the covariance function in our GPR models. Radial basis function kernels of temperature and pressure are also incorporated into the covariance function when necessary. We predicted three types of representative properties of pure substances in single, double, and triple phases, i.e., critical temperature, vapor-liquid equilibrium (VLE) density, and pressure-temperature density. The data is collected from Knovel Data Analysis Beta: NIST ThermoDynamics Pure Compounds. The accuracy of the models is nearly identical to the precision of the experimental measurements. Moreover, the reliability of our predictions can be quantified on a per-sample basis using the posterior uncertainty of the GPR model. We compare our model against Morgan fingerprints and a graph neural network to further demonstrate the advantage of the proposed method. The marginalized graph kernel is computed using GraphDot package at <a href=""https://github.com/yhtang/GraphDot"">https://github.com/yhtang/GraphDot</a>. All codes used in this work can be found at <a href=""https://github.com/Xiangyan93/Chem-Graph-Kernel-Machine"">https://github.com/Xiangyan93/Chem-Graph-Kernel-Machine</a>.</p>",2021-03-03T05:31:51.000Z,10.26434/chemrxiv.14138636.v1
52,On the Use of Real-World Datasets for Reaction Yield Prediction,"The lack of publicly available, large, and unbiased datasets is a key bottleneck for the application of machine learning (ML) methods in synthetic chemistry. Data from electronic laboratory notebooks (ELNs) could provide less biased, large datasets, but no such datasets have been made publicly available. The first real-world dataset from the ELNs of a large pharmaceutical company is disclosed and its relationship to high-throughput experimentation (HTE) datasets is described.  For chemical yield predictions, a key task in chemical synthesis, an attributed graph neural network (AGNN) performs as good or better than the best previous models on two HTE datasets for the Suzuki and Buchwald-Hartwig reactions. However, training of the AGNN on the ELN dataset does not lead to a predictive model. The implications of using ELN data for training ML-based models are discussed in the context of yield predictions.",2021-09-27T06:47:38.852Z,10.26434/chemrxiv-2021-2x06r-v3
53,Describing Chiral Ligands in Palladium-catalyzed Decarboxylative Asymmetric Allylic Allylation: A Critical Comparison of Three Machine Learning Approaches,"Despite its current popularity, machine learning (ML) applied to asymmetric catalysis remains underexplored. Present strategies include direct use of existing descriptors (e.g. those originally formulated for medicinal chemistry), the development of new bespoke steric and electronic descriptors, or the use of molecular graphs. This method diversity, in the absence of user guidelines, makes selecting an optimal ML algorithm unclear. The fact that asymmetric catalysis data sets are frequently small also make interpretable ML of chiral ligand understanding difficult to realize. Herein, we present an exhaustive evaluation of reaction representations in combination with different machine learning algorithms (including linear regression, random forests, gradient boosting, and graph neural networks) using a realistic-size database compromising 103 palladium- catalyzed decarboxylative asymmetric allylic alkylation (DAAA). This database consists of the combination of three different Trost-type ligands with 54 different substrates. It is concluded that our new bespoke steric and electronic descriptors offer the best performance, while overcoming the problem of interpretability of using existing topo-electronic descriptors, and the problem of data requirements of Graph Neural Networks.",2024-05-13T12:53:13.419Z,10.26434/chemrxiv-2024-gxvd9-v2
54,Deep Learning Total Energies and Orbital Energies of Large Organic Molecules Using Hybridization of Molecular Fingerprints,"<p>The ability to predict material properties without the need of resource consuming experimental efforts can immensely accelerate material and drug discovery. Although ab initio methods can be reliable and accurate in making such predictions, they are computationally too expensive at a large scale. The recent advancements in artificial intelligence and machine learning as well as availability of large quantum mechanics derived datasets enable us to train models on these datasets as benchmark and to make fast predictions on much larger datasets. The success of these machine learning models highly depends on the machine-readable fingerprints of the molecules that capture their chemical properties as well as topological information. In this work we propose a common deep learning based framework to combine different types of molecular fingerprints to enhance prediction accuracy. Graph Neural Network (GNN), Many Body Tensor Representation (MBTR) and a set of simple Molecular Descriptors (MD) were used to predict the total energies, Highest Occupied Molecular Orbital (HOMO) energies and Lowest Unoccupied Molecular Orbital (LUMO) energies of a dataset containing ~62k large organic molecules with complex aromatic rings and remarkably diverse functional groups.  The results demonstrate that a combination of best performing molecular fingerprints can produce better results than the individual ones.  The simple and flexible deep learning framework developed in this work can be easily adapted to incorporate other types of molecular fingerprints.<br /></p>",2020-06-30T13:15:20.000Z,10.26434/chemrxiv.12581381.v1
55,CoPriNet: Graph Neural Networks provide accurate and rapid compound price prediction for molecule prioritisation.,"Compound availability is a critical property for design prioritization across the drug discovery pipeline. Historically, and despite their multiple limitations, compound-oriented synthetic accessibility scores have been used as proxies for this problem. However, the size of the catalogues of commercially available molecules has dramatically increased over the last decade, redefining the problem of compound accessibility as a matter of budget. In this paper we show that if compound prices are the desired proxy for compound availability, then synthetic accessibility scores are not effective strategies for us in selection. Our approach, CopriNet, is a retrosynthesis-free deep learning model trained on 2D graph representations of compounds alongside their prices extracted from the Mcule catalogue. We show that CoPriNet provides price predictions that correlate far better with actual compound prices than any synthetic accessibility score. Moreover, unlike standard retrosynthesis methods, CoPriNet is rapid, with execution times comparable to popular synthetic accessibility metrics, and thus is suitable for high-throughput experiments including virtual screening and de novo compound generation. While the Mcule catalogue is a proprietary dataset, the CoPriNet source code and the model trained on the proprietary data as well as the fraction of the catalogue (100K compound/prices) used as test dataset have been made publicly available at https://github.com/oxpig/CoPriNet.",2022-10-31T08:56:45.369Z,10.26434/chemrxiv-2022-gvk2k-v6
56,A Graph-Convolutional Neural Network Model for the Prediction of Chemical Reactivity,"We present a supervised learning approach to predict the products of organic reactions given their reactants, reagents, and solvent(s). The prediction task is factored into two stages comparable to manual expert approaches:  considering possible sites of reactivity and evaluating their relative likelihoods. By training on hundreds of thousands of reaction precedents covering a broad range of reaction types from the patent literature, the neural model makes informed predictions of chemical reactivity. The model predicts the major product correctly over 85% of the time requiring around 100 ms per example, a significantly higher accuracy than achieved by previous machine learning approaches, and performs on par with expert chemists with years of formal training. We gain additional insight into predictions via the design of the neural model, revealing an understanding of chemistry qualitatively consistent with manual approaches.",2018-10-04T14:08:06.000Z,10.26434/chemrxiv.7163189.v1
57,Generating Transition States of Isomerization Reactions with Deep Learning,"Lack of quality data and difficulty generating these data hinder quantitative understanding of reaction kinetics.  Specifically, conventional methods to generate transition state structures are deficient in speed, accuracy, or scope. We describe a novel method to generate three-dimensional transition state structures for isomerization reactions using reactant and product geometries. Our approach relies on a graph neural network to predict the transition state distance matrix and a least squares optimization to reconstruct the coordinates based on which entries of the distance matrix the model perceives to be important. We feed the structures generated by our algorithm through a rigorous quantum mechanics workflow to ensure the predicted transition state corresponds to the ground truth reactant and product. In both generating viable geometries and predicting accurate transition states, our method achieves excellent results.  We envision workflows like this, which combine neural networks and quantum chemistry calculations, will become the preferred methods for computing chemical reactions.",2020-05-18T05:15:43.000Z,10.26434/chemrxiv.12302084.v2
58,Catalysis distillation neural network for the few-shot open catalyst challenge,"The integration of artificial intelligence and science has resulted in substantial progress in computational chemistry methods for the design and discovery of novel catalysts. Nonetheless, the challenges of electrocatalytic reactions and developing a “large-scale language model” in catalysis persist, and the recent success of ChatGPT's (Chat Generative Pre-trained Transformer) few-shot methods surpassing BERT (Bidirectional Encoder Representation from Transformers) underscores the importance of addressing limited data, expensive computations, time constraints and structure-activity relationship in research. Hence, the development of few-shot techniques for catalysis is critical and essential, regardless of present and future requirements. This paper introduces the Few-Shot Open Catalyst Challenge 2023, a competition aimed at advancing the application of machine learning technology for predicting catalytic reactions on catalytic surfaces, with a specific focus on dual-atom catalysts in hydrogen peroxide electrocatalysis. To address the challenge of limited data in catalysis, we propose a machine learning approach based on MLP-Like and a framework called Catalysis Distillation Graph Neural Network (CDGNN). Our results demonstrate that CDGNN effectively learns embeddings from catalytic structures, enabling the capture of structure-adsorption relationships. This accomplishment has resulted in the utmost advanced and efficient determination of the reaction pathway for hydrogen peroxide, surpassing the current graph neural network approach by 16.1%. Consequently, CDGNN presents a promising approach for few-shot learning in catalysis.",2023-05-30T10:45:56.351Z,10.26434/chemrxiv-2023-94zd8
59,Graph comparison of molecular crystals in band gap prediction using neural networks,"In materials informatics, the representation of the material structure is fundamentally essential to obtain better prediction results, and graph representation has attracted much attention in recent years. Molecular crystals can be graphically represented in molecular and crystal representations, but the comparison of which representation is more effective has not been examined. In this study, we compared the prediction accuracy between molecular and crystal graphs for band gap prediction. The results showed that the prediction accuracies using crystal graphs were better than those using molecular graphs. While this result is not surprising, error analysis quantitatively evaluated that the crystal graph reduces the error 0.4 times with medium correlation than the molecular graph. The novelty of this study lies in the comparison of molecular crystal representations and in the quantitative evaluation of the contribution of intermolecular interactions in the band gap.",2023-07-18T09:26:09.064Z,10.26434/chemrxiv-2022-q426t-v2
60,Designing solvent systems in chemical processes using self-evolving solubility databases and graph neural networks,"Designing solvent systems is key to achieving the facile synthesis and separation of desired products from chemical processes, so many machine learning models have been developed to predict solubilities. However, breakthroughs are needed to address deficiencies in the model’s predictive accuracy and generalizability; this can be addressed by expanding and integrating experimental and computational solubility databases. To maximize predictive accuracy, these two databases should not be trained separately, and they should not be simply combined without reconciling the discrepancies from different magnitudes of errors and uncertainties. Here, we introduce self-evolving solubility databases and graph neural networks developed through semi-supervised self-training approaches. Solubilities from quantum-mechanical calculations are referred to during semi-supervised learning, but they are not directly added to the experimental database. Dataset augmentation is performed from 11,637 experimental solubilities to >900,000 data points in the integrated database, while correcting for the discrepancies between experiment and computation. Our model was successfully applied to study solvent selection in organic reactions and separation processes. The accuracy (mean absolute error around 0.2 kcal/mol for the test set) is quantitatively useful in exploring Linear Free Energy Relationships between reaction rates and solvation free energies for 11 organic reactions. Our model also accurately predicted the partition coefficients of lignin-derived monomers and drug-like molecules. We anticipate this approach will be attractive to other areas of predictive chemistry where experimental, computational, and any other heterogeneous data sources should be combined.",2023-07-07T05:09:34.714Z,10.26434/chemrxiv-2022-sq34x-v3
61,Cocrystal Prediction by Artificial Neural Networks,"<div>A significant amount of attention has been given to the design and synthesis of cocrystals by both industry and academia because of its potential to change a molecule’s physicochemical properties. This paper reports on the application of a data-driven cocrystal prediction method, based on two types of artificial neural network models and cocrystal data present in the Cambridge Structural Database. The models accept pairs of coformers and predict whether a cocrystal is likely to form.</div>",2020-06-24T09:43:33.000Z,10.26434/chemrxiv.12452849.v2
62,"Exploring Deep Learning for Metalloporphyrins: Databases, Molecular Representations, and Model Architectures","Metalloporphyrins have been studied as biomimetic catalysts for more than 120 years and have accumulated a large amount of data, which provides a solid foundation for deep learning to discover chemical trends and structure-function relationships. In this study, key components of deep learning of metalloporphyrins, including databases, molecular representations, and model architectures, were systematically investigated. A protocol to construct canonical SMILES for metalloporphyrins was proposed, which was then used to represent the two-dimensional structures of over 10,000 metalloporphyrins in an existing computational database. Subsequently, several state-of-the-art chemical deep learning models, including graph neural network-based models and natural language processing-based models, were employed to predict the energy gaps of metalloporphyrins. Two models showed satisfactory predictive performance (R2>0.94) with canonical SMILES as the only source of structural information. In addition, an unsupervised visualization algorithm was used to interpret the molecular features learned by the deep learning models.",2022-10-11T10:10:53.486Z,10.26434/chemrxiv-2022-sq6dg-v2
63,Predicting Redox Potentials by Graph-Based Machine Learning Methods,"The evaluation of oxidation and reduction potentials is a pivotal task in various chemical fields. However, their accurate prediction by theoretical computations, which is a complementary task and sometimes the only alternative to experimental measurement, may be often resource-intensive and time-consuming. This paper addresses this challenge through the application of machine learning techniques, with a particular focus on graph-based methods (such as graph edit distances, graph kernels, and graph neural networks) that are reviewed to enlighten their deep links with theoreti- cal chemistry. To this aim, we establish the ORedOx159 database, a comprehensive, homogeneous (with reference values stemming from density functional theory calculations), and reliable resource containing 318 one-electron reduction and oxidation reactions and featuring 159 large organic com- pounds. Subsequently, we provide an instructive overview of the good practice in machine learning and of commonly utilized machine learning models. We then assess their predictive performances on the ORedOx159 dataset through extensive analyses. Our simulations using descriptors that are computed in an almost instantaneous way result in a notable improvement in prediction accuracy, with mean absolute error (MAE) values equal to 5.6 kcal mol−1 for reduction and 7.2 kcal mol−1 for oxidation potentials, which paves a way toward efficient in silico design of new electrochemical systems.",2024-03-19T06:00:07.319Z,10.26434/chemrxiv-2023-gmpmg-v2
64,Analyzing the Accuracy of Critical Micelle Concentration Predictions using Deep Learning,"This paper presents a novel approach to predicting critical micelle concentrations (CMCs) using graph neural networks (GNNs) augmented with Gaussian processes (GPs). The proposed model uses learned latent space representations of molecules to predict CMCs and estimate uncertainties. The performance of the model on a dataset containing nonionic, cationic, anionic and zwitterionic molecules is compared against a linear model that works with extended-connectivity fingerprints (ECFPs). The GNN-based model performs slightly better than the linear ECFP model, when there is enough well-balanced training data, and achieves predictive accuracy that is comparable to published models that were evaluated on a smaller range of surfactant chemistries. We illustrate the applicability domain of our model using a molecular cartogram to visualize the latent space, which helps identify molecules for which predictions are likely to be erroneous. In addition to accurately predicting CMCs for some surfactant classes, the proposed approach can provide valuable insights into the molecular properties that influence CMCs.",2023-09-19T07:13:35.466Z,10.26434/chemrxiv-2023-r53mf-v3
65,Graph Neural Network Guided Evolutionary Search of Grain Boundaries in 2D Materials,"Grain boundaries (GBs) in two-dimensional (2D) materials are known to dramatically impact material properties ranging from the physical, chemical, mechanical, electronic, and optical to name a few. Predicting a range of physically realistic GB structures for 2D materials is critical to exercising control over their properties. This, however, is non-trivial given the vast structural and configurational (defect) search space between lateral 2D sheets with varying misfits. Here, in a departure from traditional evolutionary search methods, we introduce a workflow that combines the Graph Neural Network (GNN) and an evolutionary algorithm for the discovery and design of novel 2D lateral interfaces. We use a representative 2D material, blue phosphorene (BP), and identify 2D GB structures to test the efficacy of our GNN model. The GNN was trained with a computationally inexpensive machine learning bond order potential (Tersoff formalism), and density functional theory (DFT). Systematic downsampling of the training datasets indicates that our model can predict structural energy under 0.5% mean absolute error with sparse (< 2000) DFT generated energy labels for training. We further couple the GNN model with a multi-objective genetic algorithm (MOGA) and demonstrate strong accuracy in the ability of the GNN to predict GBs. Our method is generalizable, material agnostic, and is anticipated to accelerate the discovery of 2D GB structures.",2023-04-11T06:01:37.169Z,10.26434/chemrxiv-2023-2h5r8-v2
66,Invariant Features for Accurate Predictions of Quantum Chemical UV-vis Spectra of Organic Molecules,"Including invariance of global properties of a physical system as an intrinsic feature in graph neural networks (GNNs) enhances the model’s robustness and generalizability and reduces the amount of training data required to obtain a desired accuracy for predictions of these properties.  Existing open source GNN libraries construct invariant features only for specific GNN architectures. This precludes the generalization of invariant features to arbitrary message passing neural network (MPNN) layers which, in turn, precludes the use of these libraries for new, user-specified predictive tasks. To address this limitation, we implement invariant MPNNs into the flexible and scalable HydraGNN architecture. HydraGNN enables a seamless switch between various MPNNs in a unified layer sequence and allows for a fair comparison between the predictive performance of different MPNNs. We trained this enhanced HydraGNN architecture on the ultraviolet-visible (UV-vis) spectrum of GDB-9 molecules, a feature that describes the molecule’s electronic excitation modes, computed with time-dependent density functional tight binding (TD-DFTB) and available open source through the GDB-9-Ex dataset. We assess the robustness (i.e., accuracy and generalizability) of the predictions obtained using different invariant MPNNs with respect to different values of the full width at half maximum (FWHM) for the Gaussian smearing of the theoretical peaks. Our numerical results show that incorporating invariance in the HydraGNN architecture significantly enhances both accuracy and generalizability in predicting UV-vis spectra of organic molecules.",2023-11-09T10:39:20.078Z,10.26434/chemrxiv-2023-9n306
67,The Second CACHE Challenge - Targeting the RNA-Binding Pocket of the SARS-CoV2 Nonstructural Protein 13 via a consensus-scoring method and FITTED templated docking.,"Disrupting the Nonstructural Protein 13 (NSP13) in SARS-CoV2 could provide a great avenue for the treatment of COVID-19 and help reduce its enormous health burden. As part of the second CACHE challenge, we targeted each of two sub-pockets of the NSP13 RNA-binding site via a multi-pronged virtual screening (VS) campaign, using the latest functionality in FITTED, our docking program, part of the FORECASTER drug discovery suite. After extensive structure preparation and docking (rigid, flexible), we evaluated predicted poses from the VS using four approaches: docking score, machine learning (graph neural network), quantum-mechanics, and visualization, with the final selection being based on the consensus of all four approaches. Additionally, we implemented templated docking within FITTED to take advantage of fragments co-crystallized with NSP13, which supplemented our consensus selection. We now await the experimental testing of our predictions by the Structural Genomics Consortium, and once available, we will update this manuscript accordingly. In sharing our approach and findings, we hope to continue contributing to open science, and engaging in the ongoing effort of the scientific community towards ending COVID-19.",2023-03-01T04:53:10.265Z,10.26434/chemrxiv-2023-5g38r
68,Why does that molecule smell?,"Learning structure-scent relationships is a complex challenge due to both the large chemical space of odorous molecules and the molecular biology of a smell. We empirically fit structure-scent relationships by training an accurate graph neural network and then explaining its predictions. We use counterfactuals and descriptor attribution to generate explanations for the 112 scents in the Leffingwell Odor Dataset (Sanchez-Lengeling et al., 2019). Then we use natural language processing to summarize the quantitative explanations into text. The complete process goes from data to a natural language explanation with the aim of determining structure-scent relationships. ",2022-12-08T09:01:01.699Z,10.26434/chemrxiv-2022-vs838
69,How Robust are Modern Graph Neural Network Potentials in Long and Hot Molecular Dynamics Simulations?,"Graph neural networks (GNNs) have emerged as a powerful machine learning approach for the prediction of molecular properties. In particular, recently proposed advanced GNN models promise quantum chemical accuracy at a fraction of the computational cost. While the capabilities of such advanced GNNs have been extensively demonstrated on benchmark datasets, there have been few applications in real atomistic simulations. Here, we therefore put the robustness of GNN interatomic potentials to the test, using the recently proposed GemNet architecture as a testbed. Models are trained on the QM7-x database of organic molecules and used to perform extensive MD simulations. We find that low test set errors are not sufficient for obtaining stable dynamics and that severe pathologies sometimes only become apparent after hundreds of ps of dynamics. Nonetheless, highly stable and transferable GemNet potentials can be obtained with sufficiently large training sets.",2022-04-01T10:24:23.408Z,10.26434/chemrxiv-2022-mc4gb
70,Deep Learning Metal Complex Properties with Natural Quantum Graphs,"Machine learning can make a strong contribution to accelerating the discovery of transition metal complexes (TMC). These compounds will play a key role in the development of new technologies for which there is an urgent need, including the production of green hydrogen from renewable sources. Despite the recent developments in machine learning for drug discovery and organic chemistry in general, the application of these methods to TMCs remains challenged by their higher complexity and the limited availability of large datasets. In this work, we report a representation for deep graph learning on TMCs – the natural quantum graph (NatQG), which leverages the electronic structure data available from natural bond orbital (NBO) analysis. This data was used to define both the topology and the information expressed by the NatQG graphs. At the topology level, two different NatQG flavors were developed: u-NatQG, with undirected edges, and d-NatQG, with edges directed along donor → acceptor orbital interactions. At the information level, the node and edge attribute vectors of both graphs contain NBO data, including natural charges and bond orders. The NatQG graphs were used to develop graph neural networks (GNNs) for the prediction of the quantum properties underlying the structure and reactivity of TMCs (e.g. HOMO-LUMO gap and polarizability). These models surpassed baselines based on traditional descriptors and performed at a level similar to, or higher than, state-of-the-art GNNs based on radial cutoffs. The results showed that the electronic structure information encoded by the models has a stronger impact on its accuracy than the geometric information. With the aim of benchmarking the GNNs, we also developed the transition metal quantum mechanics graph dataset (tmQMg), which provides the geometries, properties, and NatQG graphs of 60k TMCs.",2022-11-09T09:38:41.493Z,10.26434/chemrxiv-2022-fd43k-v2
71,Transfer Learning with Graph Neural Networks for Optoelectronic Properties of Conjugated Oligomers,"Despite the remarkable progress of machine learning (ML) techniques in chemistry, modeling the optoelectronic properties of long conjugated oligomers and polymers with ML remains challenging due to the difficulty in obtaining sufficient training data. Here we use transfer learning to address the data scarcity issue by pre-training graph neural networks using data from short oligomers. With only a few hundred training data, we are able to achieve an average error of about 0.1 eV for excited state energy of oligothiophenes against TDDFT calculations. We show that the success of our transfer learning approach relies on the relative locality of low-lying electronic excitations in long conjugated oligomers. Finally, we demonstrate the transferability of our approach by modeling the lowest-lying excited-state energies of poly(3-hexylthiopnene) (P3HT) in its single-crystal and solution phases using the transfer learning models trained with data of gas-phase oligothiophenes. The transfer learning predicted excited-state energy distributions agree quantitatively with TDDFT calculations and capture some important qualitative features observed in experimental absorption spectra.<br />",2020-11-16T11:18:07.000Z,10.26434/chemrxiv.13238414.v1
72,Using Domain-specific Fingerprints Generated Through Neural Networks to Enhance Ligand-based Virtual Screening.,"Molecular fingerprints are essential for different cheminformatics approaches like similarity-based virtual screening. In this work, the concept of neural (network) fingerprints in the context of similarity search is introduced in which the activation of the last hidden layer of a trained neural network represents the molecular fingerprint. The neural fingerprint performance of five different neural network architectures was analyzed and compared to the well-established Extended Connectivity Fingerprint (ECFP) and an autoencoder-based fingerprint. This is done using a published compound dataset with known bioactivity on 160 different kinase targets. We expect neural networks to combine information about the molecular space of<br />already known bioactive compounds together with the information on the molecular structure of the query and by doing so enrich the fingerprint. The results show that indeed neural fingerprints can greatly improve the performance of similarity searches. Most importantly, it could be shown that the neural fingerprint performs well even for kinase targets that were not included in the training. Surprisingly, while Graph Neural Networks (GNNs) are thought to offer an advantageous alternative, the best performing neural fingerprints were based on traditional fully connected layers using the ECFP4 as input. The best performing kinase-specific neural fingerprint will be provided for public use.",2020-08-31T13:08:59.000Z,10.26434/chemrxiv.12894800.v1
73,HCat-GNet: An Interpretable Graph Neural Network for Catalysis Optimization,"Homogeneous catalysts enable faster conversions of molecules with higher selectivities (stereo- and regioselectivity) in chemical reactions. Traditionally, catalyst improvements are made through empirical trials, where the catalyst is functionalised by adding, removing or modifying groups within its structure and, subsequently, reevaluating the new catalytic activity. This procedure is not efficient and leads to unsuccessful trials that waste resources. Machine learning (ML) approaches have been proposed to accelerate homogeneous asymmetric catalyst optimization. However, these often lack a general descriptor generation procedure to allow encoding of molecules from a broad region of chemical space. To overcome this, we propose a homogeneous catalyst graph neural network (HCat-GNet) for the prediction of selectivity of catalysts given the SMILES of participant molecules. We demonstrate its use in rhodium-catalyzed asymmetric 1,4-addition (RhCAA), a reaction of major importance in organic synthesis. We benchmark HCat-GNet against traditional ML methods for its ability to predict RhCAA stereoselectivity from two chiral diene ligand two datasets; one for learning and one for final testing. For the learning dataset, both traditional ML and HCat-GNet methods give comparable results. However, when presented with the new unseen test dataset, traditional ML models perform poorly, while HCat-GNet retains a general ability to accurately predict product absolute stereochemistry and reaction stereoselectivity. Furthermore, HCat-GNet allows model interpretability, permitting analysis of the effect of ligand substituents in determining reaction selectivity. HCat-GNet shows greater potential for catalyst optimization than traditional ML, as it allows the use of a non-fixed number of participant molecules to train the model, only requiring the SMILES of the molecules to create graph representations. HCat-GNet allows more general models that accurately extrapolate into unseen regions of chemical space. ",2024-02-22T13:12:37.915Z,10.26434/chemrxiv-2024-zjnkd
74,Deep Learning Strategies for Enhanced Molecular Docking and Virtual Screening,"Over the last few years, machine learning (ML) and deep learning (DL) have been revolutionising the computer-aided drug discovery landscape. With the recent availability of the so-called ultra-large virtual libraries (libraries with up to billions of readily available virtual compounds), new ML and DL approaches have been developed to enable the exploration of these large chemical spaces, achieving promising results. Molecular docking is one of the most widely used computational methods for performing in silico screenings of virtual libraries. The two primary goals of molecular docking are to predict the correct binding pose of small molecules inside the binding pocket of a protein target and also estimate the binding affinity of the protein-ligand complex. In particular, DL methods have been applied in all aspects of protein-ligand molecular docking, from pose and binding affinity prediction to virtual screening campaigns, improving computational costs and accuracy. This chapter introduces the core aspects of the molecular docking methodology and some fundamental concepts of machine learning and deep learning. We also describe different types of molecular representations and DL architectures commonly employed in the field, such as convolutional and graph neural networks. Furthermore, we provide insights into potential applications by presenting related works from the scientific literature. Finally, we discuss the current limitations, challenges, and biases of DL applied to molecular docking.",2023-11-08T04:41:11.761Z,10.26434/chemrxiv-2023-zfv87-v2
75,Molecular Graph Transformer: Stepping Beyond ALIGNN Into Long-Range Interactions,"Graph Neural Networks (GNNs) have revolutionized material property prediction by learning directly from the structural information of molecules and materials. However, conventional GNN models rely solely on local atomic interactions, such as bond lengths and angles, neglecting crucial longrange electrostatic forces that aect certain properties. To address this, we introduce the Molecular Graph Transformer (MGT), a novel GNN architecture that combines local attention mechanisms with message passing on both bond graphs and their line graphs, explicitly capturing long-range interactions. Benchmarking on MatBench and Quantum MOF (QMOF) datasets demonstrates that MGT's improved understanding of electrostatic interactions signicantly enhances the prediction accuracy of properties like exfoliation energy and refractive index, while maintaining state-of-theart performance on all other properties. This breakthrough paves the way for the development of highly accurate and efficient materials design tools across diverse applications. Code is available at: https://github.com/MolecularGraphTransformer/MGT",2024-01-22T09:44:30.411Z,10.26434/chemrxiv-2024-rxwbc
76,Accurately Extending the Organic-Trained RexGen Graph Convolutional Neural Network to Inorganic Reaction Prediction,"Computational chemists have taken great interest in machine learning in recent years, as techniques are being developed to produce faster predictions with higher accuracy.  In 2019, Coley, et al, proposed a graph convolutional neural network (GCNN) model which predicts organic chemical reactions with 85\% accuracy.  By creating graphs with atoms as nodes and bonds as edges, and exploiting the standard rules of organic chemical bonding, the trained model was able to output graphs corresponding to the actual product of the given reaction. This is a promising model, and would be even more powerful if also able to predict metal-based, inorganic chemical reactions.  We explore the accuracy of this model for inorganic reaction predictions in this paper.  Testing on 53,000 data points not included in the original paper, we were able to demonstrate 85\% accuracy in predicting chemical reactions, both organic and inorganic, with the pre-trained, organic-based GCNN.  On exclusively inorganic reactions, the pre-trained model performed with 82\% accuracy.  Re-training the model with our own training and validation datasets comprised of inorganic reactions, we were able to achieve 96.0\% accuracy, and 97.2\% accuracy with dropout regularization.",2023-08-24T08:15:54.344Z,10.26434/chemrxiv-2023-rwmw2-v2
77,How to make machine learning scoring functions competitive with FEP,"Machine learning offers a promising approach for fast and accurate binding affin- ity predictions. However, current models often fail to generalise beyond their training data and are not robustly evaluated on a diverse range of benchmarks, limiting their application in drug discovery projects. In this work, we address these issues by intro- ducing a novel graph neural network model called AEV-PLIG (Atomic Environment Vector - Protein Ligand Interaction Graph), which encodes protein-ligand interactions via atomic environment vectors to improve generalisation. We evaluate our model on improved benchmarks, including our new out-of-distribution test set we call OOD Test, and two alternative benchmark systems used for free energy perturbation (FEP) calculations, and highlight competitive performance of AEV-PLIG across the board. Moreover, we demonstrate how augmented data can be leveraged to enhance predic- tion accuracy, and how enriching the training data with three complexes from a con- generic series of ligands binding to a target of interest improves performance further. Altogether, we show that these strategies improve the applicability of machine learn- ing scoring functions and enable state-of-the-art performance nearing the accuracy of physics-based simulation methods—but at a fraction of their computational cost. This practical approach extends the predictive capabilities of machine learning for molecular discovery, paving the way for its broader use in computer-aided drug design.",2024-06-24T11:11:22.632Z,10.26434/chemrxiv-2024-bth5z
78,A Diversified Machine Learning Strategy for Predicting and Understanding Molecular Melting Points,"<p>The ability to predict multi-molecule processes, using only knowledge of single molecule structure, stands as a grand challenge for molecular modeling. Methods capable of predicting melting points (MP) solely from chemical structure represent a canonical example, and are highly desirable in many crucial industrial applications. In this work, we explore a data-driven approach utilizing machine learning (ML) techniques to predict and understand the MP of molecules. Several experimental databases are aggregated from the literature to design a low-bias dataset that includes 3D structural and quantum-chemical properties. Using experimental and polymorph-induced uncertainties, we derive a tenable lower limit for MP prediction accuracy, and apply graph neural networks and Gaussian processes to predict MP competitive with these error bounds. To further understand how MP correlates with molecular structure, we employ several semi-supervised and unsupervised ML techniques. First, we use unsupervised clustering methods to identify classes of molecules, their common fragments, and expected errors for each data set. We then build molecular geometric spaces shaped by MP with a semi-supervised variational autoencoder and graph embedding spaces, and apply graph attribution methods to highlight atom-level contributions to MP within the datasets. Overall, this work serves as a case study of how to employ a diversified ML toolkit to predict and understand correlations between molecular structures and thermophysical properties of interest.</p>",2019-09-30T19:03:38.000Z,10.26434/chemrxiv.9914378.v1
79,Phase diagrams of alloys and their hydrides via on-lattice graph neural networks and limited training data,"Efficient prediction of sampling-intensive thermodynamic properties in both closed and open systems is needed to evaluate material performance and permit high-throughput materials discovery for a diverse array of technology applications, from rational design of low-density high entropy alloys, to optimizing battery cathodes, to modulating hydrogen absorption equilibria in complex metals. To alleviate the prohibitive computational expense of high-throughput configurational sampling with density functional theory (DFT), surrogate modeling strategies like cluster expansion are many orders of magnitude more efficient, but can be difficult to construct in systems with high compositional complexity. We therefore employ minimal-complexity graph neural network models that accurately predict, and can even extrapolate to out-of-train-distribution, formation energies of DFT-relaxed structures from an ideal (unrelaxed) crystallographic representation. This enables the large-scale sampling necessary for various thermodynamic property predictions that may otherwise be intractable and can be achieved with small training datasets. Two exemplars, optimizing thermodynamic stability of low-density high entropy alloys and the modulating the plateau pressure of hydrogen in metal alloys, demonstrate the power of this approach, which will be extendable to a variety of materials discovery and modeling problems.",2023-11-21T12:09:58.614Z,10.26434/chemrxiv-2023-2w7w7
80,Predicting the properties of salt water using neural network potentials and continuum solvent theory,"Electrolyte solutions play a fundamental role in a vast range of important industrial and biological applications. Yet their thermodynamic and kinetic properties still can not be predicted from first principles. There are three central challenges that need to be overcome to achieve this. Firstly, the dynamic nature of these solutions requires long time scale simulations. Secondly, the long-range Coulomb interactions require large spatial scales. Thirdly, the short-range quantum mechanical (QM) interactions require an expensive level of QM theory. Here, we demonstrate a methodology to address these challenges. Data from a short \emph{ab initio} molecular dynamics (AIMD) simulation of aqueous sodium chloride is used to train an equivariant graph neural network interatomic potential (NNP) that can reliably reproduce the short-range QM forces and energies at a moderate computational cost. This NNP is combined with a continuum solvent description of the long-range electrostatic interactions to enable stable long time and large spatial scale simulations. From these simulations, ion-water and ion-ion radial distribution functions (RDFs), as well as ionic diffusivities, can be determined. The ion-ion RDFs are then used in a continuum solvent approach to calculate the osmotic and activity coefficients. Good experimental agreement is demonstrated up to the solubility limit of sodium chloride in water. This result implies that classical electrostatic theory can describe electrolyte solution over a remarkably wide concentration range as long as it is combined with an accurate description of the short-range interactions.  This approach should be applicable to determine the thermodynamic and kinetic properties of many important electrolyte solutions for which experimental data is insufficient.",2022-06-09T10:27:44.598Z,10.26434/chemrxiv-2022-jndlx
81,Nanosecond MD of battery cathode materials with electron density description,"Potentials derived with machine learning algorithms achieve the accuracy of high-fidelity quantum mechanical computations such as density functional theory (DFT), while allowing orders of magnitude lower computational time. In this work, we demonstrate the use of uncertainty aware equivariant graph neural networks for predicting spin-resolved electron densities, forces, and energies of the $Na_3V_2(PO_4)_3$ NASICON structured cathode. Due to the speedup in computational time, we are able to investigate structures of $\sim 300$ atoms for ~200 million timesteps. The ability to model larger systems on the nanosecond length scale with maintaining DFT level accuracy allowed critical insights into the diffusion characteristics of Na-ions, associated electron transfer processes, and dependence of diffusivity on sodium concentration in the structure.",2023-06-14T04:55:08.234Z,10.26434/chemrxiv-2023-ldtj8
82,Guided Diffusion for Inverse Molecular Design,"The holy grail of materials science is de novo molecular design -- i.e., the ability to engineer molecules with desired characteristics. Recently, this goal has become increasingly achievable thanks to developments such as equivariant graph neural networks that can better predict molecular properties, and to the improved performance of generation tasks, in particular of conditional generation, in text-to-image generators and large language models. Herein, we introduce GaUDI, a guided diffusion model for inverse molecular design, which combines these advances and can generate novel molecules with desired properties. GaUDI decouples the generator and the property-predicting models and can be guided using both point-wise targets and open-ended targets (e.g., minimum/maximum). We demonstrate GaUDI’s effectiveness using single- and multiple-objective tasks applied to newly-generated data sets of polycyclic aromatic systems, achieving nearly 100% validity of generated molecules. Further, for some tasks, GaUDI discovers better molecules than those present in our data set of 475k molecules.",2023-04-05T13:25:58.658Z,10.26434/chemrxiv-2023-z8ltp
83,Uncertainty-Informed Deep Transfer Learning of PFAS Toxicity,"In this article, we present our recent study on computational methodology for predicting the toxicity of PFAS known as “forever chemicals” based on chemical structures through evaluation of multiple machine learning methods. To address the scarcity of PFAS toxicity data, a deep “transfer learning” method has been investigated by leveraging toxicity information over the entire organic chemical domain and an uncertainty-informed workflow by incorporating SelectiveNet architecture, which can support future guidance of high throughput screening with knowledge of chemical structures, has been developed.",2021-04-15T06:53:34.000Z,10.26434/chemrxiv.14397140.v1
84,Building Attention and Edge Convolution Neural Networks for Bioactivity and Physical-Chemical Property Prediction,"We introduce Attention and Edge Memory schemes to the existing Message Passing Neural Network framework for graph convolution, and benchmark our approaches against eight different physical-chemical and bioactivity datasets from the literature. We remove the need to introduce <i>a priori</i> knowledge of the task and chemical descriptor calculation by using only fundamental graph-derived properties. Our results consistently perform on-par with other state-of-the-art machine learning approaches, and set a new standard on sparse multi-task virtual screening targets. We also investigate model performance as a function of dataset preprocessing, and make some suggestions regarding hyperparameter selection.",2019-12-19T12:36:09.000Z,10.26434/chemrxiv.9873599.v2
85,Upper-Bound Energy Minimization to Search for Stable Functional Materials with Graph Neural Networks,"The discovery of new materials in unexplored chemical spaces necessitates quick and accurate prediction of thermodynamic stability, often assessed using density functional theory (DFT), and efficient search strategies. Here, we develop a new approach to finding stable inorganic functional materials. We start by defining an upper bound to the fully-relaxed energy obtained via DFT as the energy resulting from a constrained optimization over only cell volume. Because the fractional atomic coordinates for these calculations are known a priori, this upper bound energy can be quickly and accurately predicted with a scale-invariant graph neural network (GNN). We generate new structures via ionic substitution of known prototypes, and train our GNN on a new database of 128,000 DFT calculations comprising both fully-relaxed and volume-only relaxed structures. By minimizing the predicted upper-bound energy, we discover new stable structures with over 99% accuracy (versus DFT). We demonstrate the method by finding promising new candidates for solid-state battery (SSB) electrolytes that not only possess the required stability, but also additional functional properties such as large electrochemical stability windows and high conduction ion fraction. We expect this proposed framework to be directly applicable to a wide range of design challenges in materials science.",2022-09-26T04:33:21.618Z,10.26434/chemrxiv-2022-sfxzl-v2
86,Ground truth explanation dataset for chemical property prediction on molecular graphs,"Interpretation of chemistry on an atomic scale improves with explainable artificial intelligence (XAI). The parts of the molecule with the most significant influence on the chemical property of interest can be visualized with atomwise and bondwise attributions. Nonetheless, the attributions from different XAI methods regularly disagree substantially, causing uncertainty about which explanation is correct. To determine a ground truth for attributions, we define chemical operations which avoid alchemical steps or approximations and allow extracting one attribution per atom or bond from existing datasets of chemical properties. This general procedure allows for generating large datasets of ground truth attributions. The approach allowed us to create a ground truth explanation dataset with more than 5 million data points for the HOMO-LUMO gap chemical property. This open-source dataset of atomistic ground truth explanations may serve as a reference for XAI approaches.",2022-12-14T05:55:46.313Z,10.26434/chemrxiv-2022-96slq-v2
87,Practical Notes on Building Molecular Graph Generative Models,"<p>Here are presented technical notes and tips on developing graph generative models for molecular design. This work stems from the development of GraphINVENT, a Python platform for graph-based molecular generation using graph neural networks. In this work, technical details that could be of interest to researchers developing their own molecular generative models are discussed, including strategies for designing new models.  Advice on development and debugging tools which were helpful during code development is also provided.  Finally, methods that were tested but which ultimately didn’t lead to promising results in the development of GraphINVENT are described here in the hope that this will help other researchers avoid pitfalls in development and instead focus their efforts on more promising strategies for graph-based molecular generation.</p>",2020-08-31T12:42:17.000Z,10.26434/chemrxiv.12888383.v1
88,DASH Properties: Estimating Atomic and Molecular Properties from a Dynamic Attention-Based Substructure Hierarchy,"Recently, we presented a method to assign atomic partial charges based on the DASH tree (dynamic attention-based substructure hierarchy) with high efficiency and quantum mechanical (QM) like accuracy. Additionally, the approach can be considered “rule based” – where the rules are derived from the attention values of a graph neural network – and thus, each assignment is fully explainable by visualizing the underlying molecular substructures. In this work, we demonstrate that these hierarchically sorted substructures capture the key features of the local environment of an atom and allow us to predict different atomic properties with high accuracy without building a new DASH tree for each property. The fast prediction of atomic properties in molecules with the DASH tree can for example be used as an efficient way to generate feature vectors for machine learning without the need for expensive QM calculations.",2024-06-11T09:12:36.112Z,10.26434/chemrxiv-2024-0ks0p
89,Efficient Integration of Molecular Representation and Message-Passing Neural Networks for Predicting Small Molecule Drug-like Properties,"The physicochemical properties of a drug molecule determine its metabolism properties. There have been hybrid quantum mechanics approaches with computer-aided drug design and recent supervised machine-learning approaches to predict these properties of small-molecule drugs. However, these methods are low in accuracy and computationally expensive. To get around this problem and improve the performance of a model that predicts the properties of drug molecules, we came up with a novel architecture that uses a ""bond order matrix"" and structural information to improve molecular graph representations and information in the molecule. Message-passing neural networks (MPNNs) are a framework used to learn local and global features from irregularly formed data invariant to permutations. We take advantage of MPNN architecture and introduce a “semi-master node,” a unique way of representing the functional groups in a small molecule and aggregating features obtained from the functional groups, in anticipation of reverse engineering small molecules given the desired physicochemical properties. This novel architecture and molecule representation were evaluated on the QM9 dataset, which has 133,000 stable small organic molecules with nine heavy atoms (CONF) out of the GDB-17 chemical universe. The metric for evaluating the model's performance is DFT error, an estimated average error of the properties of each molecule. Our models have shown a performance gain of ~10%.",2024-03-15T08:15:20.485Z,10.26434/chemrxiv-2024-jj94j
90,A New Robust Method for Predicting Hemolytic Toxicity from Peptide Se-quence,"The desirable pharmacological properties and a broad number of therapeutic activities have placed peptides as promising drugs over small organic molecules and antibody drugs. Nevertheless, toxic effects such as hemolysis have hampered the development of such promising drugs. Hence, a reliable computational tool to predict peptide hemolytic toxicity is enormously useful before synthesis and ex-perimental evaluation. Currently, four web servers that predict hemolytic activity using Machine Learning (ML) algorithms; however, they exhibit some limitations such as the need for a reliable negative set and limited application domain. Hence, we developed a robust model based on a novel theoretical approach that combines network science and a multi-query similarity searching (MQSS) method. A total of 1152 initial models were constructed from 144 scaffolds generated in a previous report. These were evaluated on external datasets, and the best models were fused and improved. Our best MQSS model I1 outperformed all state-of-the-art ML-based models and was used to characterize the prevalence of hemolytic toxicity on therapeutic peptides. Based on our model’s estimation, the number of hemolytic peptides might be 3.9-fold higher than the reported. ",2023-11-09T11:02:02.228Z,10.26434/chemrxiv-2023-1zqzf
91,Towards a Computational Ecotoxicity Assay,"Thousands of anthropogenic chemicals are released into the environment each year, posing potential hazards to human and environmental health. Toxic chemicals may cause a variety of adverse health effects, triggering immediate symptoms or delayed effects over longer periods of time. It is thus crucial to develop methods that can rapidly screen and predict the toxicity of chemicals, to limit the potential harmful impacts of chemical pollutants. Computational methods are being increasingly used in toxicity predictions. Here, the method of molecular docking is assessed for screening potential toxicity of a variety of xenobiotic compounds, including pesticides, pharmaceuticals, pollutants and toxins deriving from the chemical industry. The method predicts the binding energy of the pollutants to a set of carefully selected receptors, under the assumption that toxicity in many cases is related to interference with biochemical pathways. The strength of the applied method lies in its rapid generation of interaction maps between potential toxins and the targeted enzymes, which could quickly yield molecularlevel information and insight into potential perturbation pathways, aiding in the prioritisation of chemicals for further tests. Two scoring functions are compared, Autodock Vina and the machine-learning scoring function RF-Score-VS. The results are promising, though hampered by the accuracy of the scoring functions. The strengths and weaknesses of the docking protocol are discussed, as well as future directions for improving the accuracy for the purpose of toxicity predictions.<br />",2020-03-06T11:25:37.000Z,10.26434/chemrxiv.11944371.v1
92,Multi-Task Deep Neural Networks for Ames Mutagenicity Prediction,"The Ames mutagenicity test constitutes the most frequently used assay to estimate the mutagenic potential of drug candidates. While this test employs experimental results using various strains of Salmonella typhimurium, the vast majority of the published in silico models for predicting mutagenicity do not take into account the test results of the individual experiments conducted for each strain. Instead, such QSAR models are generally trained employing overall labels (i.e. mutagenic and non-mutagenic). Recently, neural-based models combined with multi-task learning strategies have yielded interesting results in different domains, given their capabilities to model multi-target functions. In this scenario, we propose a novel neural-based QSAR model to predict mutagenicity that leverages experimental results from different strains involved in the Ames test by means of a multi-task learning approach. To the best of our knowledge, the modeling strategy hereby proposed has not been applied to model Ames mutagenicity previously. The results yielded by our model surpass those obtained by single-task modeling strategies, such as models that predict the overall Ames label or ensemble models built from individual strains. For reproducibility and accessibility purposes, all source code and datasets used in our experiments are publicly available.",2022-05-04T05:59:44.811Z,10.26434/chemrxiv-2022-852tf
93,Integrating Deep Neural Networks and Symbolic Inference for Organic Reactivity Prediction,"<div>Accurate <i>in silico</i> models for the prediction of novel chemical reaction outcomes can be used to guide the rapid discovery of new reactivity and enable novel synthesis strategies for newly discovered lead compounds. Recent advances in machine learning, driven by deep learning models and data availability, have shown utility throughout synthetic organic chemistry as a data-driven method for reaction prediction. Here we present a machine-intelligence approach to predict the products of an organic reaction by integrating deep neural networks with a probabilistic and symbolic inference that flexibly enforces chemical constraints and accounts for prior chemical knowledge. We first train a graph convolutional neural network to estimate the likelihood of changes in covalent bonds, hydrogen counts, and formal charges. These estimated likelihoods govern a probability distribution over potential products. Integer Linear Programming is then used to infer the most probable products from the probability distribution subject to heuristic rules such as the octet rule and chemical constraints that reflect a user's prior knowledge. Our approach outperforms previous graph-based neural networks by predicting products with more than 90% accuracy, demonstrates intuitive chemical reasoning through a learned attention mechanism, and provides generalizability across various reaction types. Furthermore, we demonstrate the potential for even higher model accuracy when complemented by expert chemists contributing to the system, boosting both machine and expert performance. The results show the advantages of empowering deep learning models with chemical intuition and knowledge to expedite the drug discovery process.</div>",2020-01-21T11:59:24.000Z,10.26434/chemrxiv.11659563.v1
94,General QSPR Protocol for Atomic/Inter-atomic Properties Predictions: Fragments based Graph Convolutional Neural Network (F-GCN),"In this study, a general quantitative structure-property relationship (QSPR) protocol, fragments based graph convolutional neural network (F-GCN), was developed for atomic and inter-atomic properties predictions. We applied this novel artificial intelligence (AI) tool in NMR chemical shifts and bond dissociation energies (BDEs) predictions. The predicted results were comparable to experimental measurement, while the computational cost was substantially reduced, with respect to pure density functional theory (DFT) calculations. The two important features of F-GCN can be summarised as: first, it could utilise different levels of molecular fragments centered at the target chemical bonds for atomic and inter-atomic information extraction; second, the designed architecture is also open to include additional descriptors for more accurate solution of chemical environment, making itself more efficient for local properties descriptions. And during our test, the averaged prediction error of <sup>1</sup>H NMR chemical shifts can be as small as 0.32 ppm; and the error of C-H BDEs estimations, is 2.7 kcal/mol. Moreover, we further demonstrated the applicability of this developed F-GCN model via several challenging structural assignments. The success of the F-GCN in atomic and inter-atomic predictions also indicates an essential improvement of computational chemistry with the assistance of AI tools.",2021-02-23T11:27:55.000Z,10.26434/chemrxiv.14094903.v1
95,Reducing hERG Toxicity Using hERG Classification Model and Fragment-growing Network,"Drug-induced cardiotoxicity has become one of the major reasons leading to drug withdrawal in past decades, which is closely related to the blockade of human Ether-a-go-go-related gene (hERG) potassium channel. Developing reliable hERG predicting model and optimizing model can greatly reduce the risk faced in drug discovery. In this study, we constructed eight hERG classification models, the best of which shows desirable generalization ability on low-similarity clinical compounds, as well as advantages in perceiving activity gap caused by small structural changes. Furthermore, we developed a hERG optimizer based on fragment grow strategy and explored its usage in four cases. After reinforcement learning, our model successfully suggests same or similar compounds as chemists’ optimization. Results suggest that our model can provide reasonable optimizing direction to reduce hERG toxicity when hERG risk is corresponding to lipophilicity, basicity, the number of rotatable bonds and pi-pi interactions. Overall, we demonstrate our model as a promising tool for medicinal chemists in hERG optimization attempts.",2021-03-15T10:54:35.000Z,10.26434/chemrxiv.13153112.v2
96,Applying Large Graph Neural Networks to Predict Transition Metal Complex Energies Using the tmQM_wB97MV Dataset,"Machine learning (ML) methods have shown promise for discovering novel catalysts, but are often restricted to specific chemical domains. Generalizable ML models require large and diverse training datasets, which exist for heterogeneous catalysis but not for homogeneous catalysis. The tmQM dataset, which contains properties of 86,665 transition metal complexes calculated at the TPSSh/def2-SVP level of density functional theory (DFT), provided a promising training dataset for homogeneous catalyst systems. However, we find that ML models trained on tmQM consistently underpredict the energies of a chemically distinct subset of the data. To address this, we present the tmQM_wB97MV dataset, which filters out several structures in tmQM found to be missing hydrogens and recomputes the energies of all other structures at the wB97M-V/def2-SVPD level of DFT. ML models trained on tmQM_wB97MV show no pattern of consistently incorrect predictions and much lower errors than those trained on tmQM. The ML models tested on tmQM_wB97MV were, from best to worst, GemNet-T > PaiNN ~ SpinConv > SchNet. Performance consistently improves when using only neutral structures instead of the entire dataset. However, while models saturate with only neutral structures, more data continues to improve the models when including charged species, indicating the importance of accurately capturing a range of oxidation states in future data generation and model development. Furthermore, a fine-tuning approach where  weights were initialized from models trained on OC20 led to drastic improvements in model performance, indicating transferability between ML strategies of heterogeneous and homogeneous systems.",2023-11-09T06:44:42.020Z,10.26434/chemrxiv-2023-4m3rt-v2
97,Fast Evaluation of the Adsorption Energy of Organic Molecules on Metals via Graph Neural Networks,"Modeling of solid-state material-molecule interfaces in heterogeneous catalysis requires the extensive evaluation of the energy of molecules on surfaces. Obtaining the binding energy of many configurations of large organic molecules requires a vast amount of computational time with density functional theory (DFT). Here, we use a graph neural network (GNN) to evaluate the adsorption energy of molecular species adsorbed on metallic surfaces. The GNN is trained on a set of C1–4 fragments including N, O, S heteroatoms and C6–10 aromatic rings. Compared to DFT, the GNN shows a mean absolute error (MAE) of 0.17 eV on the test set being 6 orders of magnitude faster. When applying the trained model with subsequent hyperparameter optimization to molecules of industrial interest (biomass, plastics and polyurethanes precursors) containing up to 22 carbon atoms, the prediction performance for the adsorption energy yields a MAE of 0.03 eV/(non-H atom). While the error for out-of-distribution molecules is higher, it is still within the acceptable limit for adsorption energies (0.05 eV/atom), confirming the viability of the approach. The proposed framework represents a potential tool for the fast screening of catalytic materials, as well as their inverse design, enabling the multi-scale modeling for systems that cannot be easily simulated by DFT.",2022-10-06T09:11:37.797Z,10.26434/chemrxiv-2022-m719x
98,Deep interactome learning for de novo drug design,"De novo drug design aims to generate molecules from scratch that possess specific chemical and pharmacological properties. We present a computational approach utilizing interactome-based deep learning for ligand- and structure-based generation of drug-like molecules. This method capitalizes on the unique strengths of both graph neural networks and chemical language models, offering an alternative to the need for application-specific reinforcement, transfer, or few-shot learning. It allows for the construction of compound libraries tailored to possess specific bioactivity, synthesizability, and structural novelty. In order to proactively evaluate the deep interactome learning framework for structure-based drug design, potential new ligands targeting the binding site of the human peroxisome proliferator-activated receptor (PPAR) subtype gamma were generated. The top-ranking designs were chemically synthesized and biophysically and biochemically characterized. Potent PPAR partial agonists were identified, demonstrating favorable activity and the desired selectivity profiles for both nuclear receptors and off-target interactions. Crystal structure determination of the ligand-receptor complex confirmed the anticipated binding mode. This successful outcome positively advocates interactome-based de novo design for application in bioorganic and medicinal chemistry, enabling the creation of innovative bioactive molecules. ",2023-09-19T04:52:14.641Z,10.26434/chemrxiv-2023-cbq9k
99,GraphVAMPnets for Uncovering Slow Collective Variables of Self-Assembly Dynamics,"Uncovering slow collective variables (CVs) of self-assembly dynamics is important to elucidate its numerous kinetic assembly pathways and drive the design of novel structures for advanced materials through the bottom-up approach. However, identifying the CVs for self-assembly presents several challenges. First, self-assembly systems often consist of identical monomers and the feature representations should be invariant to permutations and rotational symmetries. Physical coordinates, such as aggregate size, lack the high-resolution detail, while common geometric coordinates like pairwise distances are hindered by the permutation and rotational symmetry challenge. Second, self-assembly is usually a downhill process, and the trajectories often suffer from insufficient sampling of backward transitions that correspond to the dissociation of self-assembled structures. Popular dimensionality reduction methods, like tICA, impose detailed balance constraints, potentially obscuring the true dynamics of self-assembly. In this work, we employ GraphVAMPnets which combines graph neural networks with variational approach for Markovian process (VAMP) theory to identify the slow CVs of the self-assembly processes. First, GraphVAMPnets bears the advantages of graph neural networks, in which the graph embeddings can represent self-assembly structures in a high-resolution while being invariant to permutations and rotational symmetries. Second, it is built upon VAMP theory that studies Markov processes without forcing detailed balance constraint, which addresses the out-of-equilibrium challenge in self-assembly process. We demonstrate GraphVAMPnets for identifying slow CVs of self-assembly kinetics in two systems: aggregation of two hydrophobic molecules and self-assembly of patchy particles. We expect that our GraphVAMPnets can be widely to applied to molecular self-assembly. ",2023-05-18T12:05:32.875Z,10.26434/chemrxiv-2023-v0dwk
100,"Using test-time augmentation to investigate explainable AI: inconsistencies between method, model and human intuition","Stakeholders of machine learning models desire explainable artificial intelligence (XAI) to produce human-understandable and consistent interpretations. In computational toxicity, augmentation of text-based molecular representations has been used successfully for transfer learning on downstream tasks. Augmentations of molecular representations can also be used at inference to compare differences between multiple representations of the same ground-truth. In this study, we investigate the robustness of eight XAI methods using test-time augmentation for a molecular-representation model in the field of computational toxicity prediction. We report significant differences between explanations for different representations of the same ground-truth, and show that randomized models have similar variance. We hypothesize that text-based molecular representations in this and past research reflect tokenization more than learned parameters. Furthermore, we see a greater variance between in-domain predictions than out-of-domain predictions, indicating XAI measures something other than learned parameters. Finally, we investigate the relative importance given to expert-derived structural alerts and find similar importance given irregardless of applicability domain, randomization and varying training procedures. We therefore caution future research to validate their methods using a similar comparison to human intuition without further investigation.",2024-01-03T08:13:03.903Z,10.26434/chemrxiv-2024-kdx3g
101,Substituting density functional theory in reaction barrier calculations for hydrogen atom transfer in proteins,"Hydrogen atom transfer (HAT) reactions are important in many biological systems. As these reactions are hard to observe experimentally, it is of high interest to shed light on them using simulations. Here, we present a machine learning model based on graph neural networks for the prediction of energy barriers of HAT reactions in proteins. As input, the model uses exclusively non-optimized structures as obtained from classical simulations. It was trained on more than 17,000 energy barriers calculated using hybrid density functional theory. We built and evaluated the model in the context of HAT in collagen, but we show that the same workflow can easily be applied to HAT reactions in other biological or synthetic polymers. We obtain for relevant reactions (small reaction distances) a model with good predictive power (R2 ∼ 0.9 and mean absolute error of < 3 kcal/mol). As the inference speed is high, this model enables evaluations of dozens of chemical situations within seconds. When combined with molecular dynamics in a kinetic Monte-Carlo scheme, the model paves the way toward reactive simulations.",2024-01-09T10:19:17.822Z,10.26434/chemrxiv-2023-7hntk-v3
102,Design Green Chemicals by Predicting Vaporization Properties Using Explainable Graph Attention Networks,"Computational predictions of vaporization properties aid the de novo design of green chemicals, including clean alternative fuels and working fluids for efficient thermal energy recovery. Here, we developed chemically explainable graph attention networks to predict five physical properties pertinent to performance in utilizing renewable energy: heat of vaporization (HoV), critical temperature, flash point, boiling point, and liquid heat capacity. The predictive model for HoV was trained using ~150,000 data points, with considering their uncertainties and temperature dependence. Next, this model was expanded to the other properties through transfer learning to overcome the limitations due to fewer data points (700-7,500). Chemical interpretability of the model was then investigated, demonstrating that the model explains molecular structural effects on vaporization properties. Finally, the developed predictive models were applied to the design of chemicals that have desirable properties as efficient and green working fluids and fuels, enabling fast and accurate screening before experiments.",2023-05-11T05:26:44.927Z,10.26434/chemrxiv-2023-hs9n1
103,Chemoinformatics and Artificial Intelligence Colloquium: Progress and Challenges to Develop Bioactive Compounds,"We report the main conclusions of the first Chemoinformatics and Artificial Intelligence Colloquium, Mexico City, June 15-17, 2022. Fifteen lectures were presented during a virtual public event with speakers from industry, academia, and non-for-profit organizations. Twelve hundred and ninety students and academics from more than 60 countries. During the meeting, applications, challenges, and opportunities in drug discovery, de novo drug design, ADME-Tox (absorption, distribution, metabolism, excretion and toxicity) property predictions, organic chemistry, peptides, and antibiotic resistance were discussed. The program along with the recordings of all sessions are freely available at https://www.difacquim.com/english/events/2022-colloquium/",2022-08-09T08:23:58.206Z,10.26434/chemrxiv-2022-nr0dm-v2
104,Deciphering molecular embeddings with centered kernel alignment,"The creation of effective models is of utmost importance in various scientific and engineering domains. However, analyzing such models, especially nonlinear ones, poses significant challenges. In this context, centered kernel alignment (CKA) has emerged as a promising model analysis tool that assesses the independence between two embeddings. CKA's efficacy depends on the selection of a kernel that adequately captures the underlying properties of the compared models. We examine the properties of the linear and random forest (RF) kernel with respect to multilayer perceptrons (MLPs) and RFs to adapt the model analysis tool CKA to cheminformatics. Furthermore, we demonstrate the utility of CKA in cheminformatics in three case studies in which we (1) investigate why optimizing the radius of circular fingerprints beyond two bonds results in only minor changes in the performance of models, (2) analyze the dependence between physicochemical properties and the molecular representations induced by graph neural networks (GNNs) that use addition as readout operation, and (3) compare different graph readout operations in GNNs.",2024-05-14T13:32:04.752Z,10.26434/chemrxiv-2024-f8bnk-v2
105,Graph network-based simulation of multicellular dynamics  driven by polymer brush-modified cellulose nanofibers,"Manipulating the three-dimensional (3D) structures of cells is important for facilitating to repair or regenerate tissues.  A self-assembly system of cells with cellulose nanofibers (CNFs) and concentrated polymer brushes (CPBs) has been developed to fabricate various cell 3D structures. To further generate tissues at an implantable level,  it is necessary to carry out a large number of experiments using different cell culture conditions and material properties; however this is practically intractable. To address this issue, we present a graph neural network-based simulator (GNS) that can be trained by using assembly process images to predict the assembly status of future time steps.  A total of 24 (25 steps) time-series images were recorded (four repeats for each of six different conditions), and each image was transformed into a graph by regarding the cells as nodes and the connecting neighboring cells as edges. Using the obtained data, the performances of the GNS were examined under three scenarios (i.e. changing a pair of the training and testing data) to verify the possibility of using the GNS as a predictor for further time steps. It was confirmed that the GNS could reasonably reproduce the assembly process, even under the toughest scenario, in which the experimental conditions differed between the training and testing data. Practically, this means that the GNS trained by the first 24 hour images could predict the cell types obtained three weeks later. This result could reduce the number of experiments required to find the optimal conditions for generating cells with desired 3D structures. Ultimately, our approach could accelerate progress in regenerative medicine.",2023-12-18T13:15:10.657Z,10.26434/chemrxiv-2023-9ll6s
106,Graphormer-IR: Graph Transformers Predict Experimental IR Spectra Using Highly Specialized Attention,"Given that Infrared (IR) spectroscopy is a crucial tool in various chemical and forensic domains, improved  in silico methods for predicting experimental spectra are needed due to the time and accuracy limitations of ab initio methods. We employ Graphormer, a graph neural network (GNN) transformer, to predict IR spectra using only Simplified Molecular-Input Line-Entry System (SMILES) strings. Our dataset includes 53,528 high-quality spectra with elements H, C, N, O, F, Si, S, P, Cl, Br, and I in five phases. When using only atomic numbers for node encodings, Graphormer-IR achieved mean test Spectral Information Similarity (SIS_μ) of 0.8449±0.0012 (n=5), surpassing the state-of-the-art Chemprop-IR (SIS_μ = 0.8409 ± 0.0014, n=5), with only 36% of the encoded information. Augmenting node embeddings with additional node-level descriptors in learned embeddings generated through a multi-layer perceptron improves scores to SIS_μ = 0.8523±0.0006, a total improvement of 19.7σ.  These improved scores show how Graphormer-IR excels in capturing long-range interactions like hydrogen bonding, anharmonic peak positions in experimental spectra, and stretching frequencies of uncommon functional groups. Scaling our architecture to 210 attention heads demonstrates specialist-like behavior for distinct IR frequencies that improves model performance. Our model utilizes novel architectures, including a global node for phase encoding, learned node feature embeddings, and a 1D smoothing CNN. Graphormer-IR’s innovations underscore its value over traditional message-passing neural networks (MPNNs) due to its expressive embeddings and ability to capture long-range intra-molecular relationships.",2024-01-18T05:57:24.043Z,10.26434/chemrxiv-2023-f38b5-v2
107,Multi-task ADME/PK Prediction at Industrial Scale: Leveraging Large and Diverse Experimental Datasets,"ADME (Absorption, Distribution, Metabolism, Excretion) properties are key parameters to judge whether a drug candidate exhibits a desired pharmacokinetic (PK) profile. In this study, we tested multi-task machine learning (ML) models to predict ADME and animal PK endpoints trained on in-house data generated at Boehringer Ingelheim. Models were evaluated both at the design stage of a compound (i.e., no experimental data of test compounds available) and at testing stage when a particular assay would be conducted (i.e., experimental data of earlier conducted assays may be available). Using realistic time-splits, we found a clear benefit in performance of multi-task graph-based neural network models over single-task models, which was even stronger when experimental data of earlier assays is available. In an attempt to explain the success of multi-task models, we found that especially endpoints with the largest numbers of data points (physicochemical endpoints, clearance in microsomes) are responsible for increased predictivity in more complex ADME and PK endpoints. In summary, our study provides insight into how data for multiple ADME/PK endpoints in a pharmaceutical company can be best leveraged to optimize predictivity of ML models.",2024-01-12T09:42:03.315Z,10.26434/chemrxiv-2024-pf4w9
108,DRACON: Disconnected Graph Neural Network for Atom Mapping in Chemical Reactions,<p>Machine learning solved many challenging problems in computer-assisted synthesis prediction (CASP). We formulate a reaction prediction problem in terms of node-classification in a disconnected graph of source molecules and generalize a graph convolution neural network for disconnected graphs. Here we demonstrate that our approach can successfully predict reaction outcome and atom-mapping during a chemical transformation. A set of experiments using the USPTO dataset demonstrates excellent performance and interpretability of the proposed model. Implicitly learned latent vector representation of chemical reactions strongly correlates with the class of the chemical reaction. Reactions with similar templates group together in the latent vector space.</p>,2020-07-17T07:20:09.000Z,10.26434/chemrxiv.12594785.v2
109,"Transfer Learning Graph Representations of Molecules for pKa, 13C-NMR, and Solubility","We explore transfer learning models from a pre-trained graph convoluntional neural network representation of molecules, obtained from SchNet, 1 to predict 13 C-NMR, pKa, and logS sol- ubility. SchNet learns a graph representation of a molecule by associating each atom with an “embedding vector” and interacts the atom-embeddings with each other by leveraging graph- convolutional filters on their interatomic distances. We pre-trained SchNet on molecular energy and demonstrate that the pre-trained atomistic embeddings can then be used as a transferable representation for a wide array of properties. On the one hand, for atomic properties such as micro-pK1 and 13 C-NMR, we investigate two models, one linear and one neural net, that inputs pre-trained atom-embeddings of a particular atom (e.g. carbon) and predicts a local property (e.g. 13 C-NMR). On the other hand, for molecular properties such as solubility, a size-extensive graph model is built using the embeddings of all atoms in the molecule as input. For all cases, qualitatively correct predictions are made with relatively little training data (< 1000 training points), showcasing the ease with which pre-trained embeddings pick up on important chemical patterns. The proposed models successfully capture well-understood trends of pK1 and solu- bility. This study advances our understanding of current neural net graph representations and their capacity for transfer learning applications in chemistry.",2023-12-22T06:59:25.712Z,10.26434/chemrxiv-2023-hfcm5-v2
110,"High-Throughput Predictions of Metal–Organic Framework Electronic Properties: Theoretical Challenges, Graph Neural Networks, and Data Exploration","With the goal of accelerating the design and discovery of metal–organic frameworks (MOFs) for (opto)electronic and energy storage applications, we present a new dataset of predicted electronic structure properties for thousands of MOFs carried out using multiple density functional approximations. Compared to more accurate hybrid functionals, we find that the widely used PBE generalized gradient approximation (GGA) functional severely underpredicts MOF band gaps in a largely systematic manner for semi-conductors and insulators without magnetic character. However, an even larger and less predictable disparity in the band gap prediction is present for MOFs with open-shell 3d transition metal cations. With regards to partial atomic charges, we find that different density functional approximations predict similar charges overall, although hybrid functionals tend to shift electron density away from the metal centers and onto the ligand environments compared to the GGA point of reference. Much more significant differences in partial atomic charges are observed when comparing different charge partitioning schemes. We conclude by using the new dataset of computed MOF properties to train machine learning models that can rapidly predict MOF band gaps for all four density functional approximations considered in this work, paving the way for future high-throughput screening studies. To encourage exploration and reuse of the theoretical calculations presented in this work, the curated data is made publicly available via an interactive and user-friendly web application on the Materials Project.",2021-12-13T11:18:00.163Z,10.26434/chemrxiv-2021-6cs91
111,High-throughput Quantum Theory of Atoms in Molecules (QTAIM) for Geometric Deep Learning of Molecular and Reaction Properties,"We present a package, Generator, for geometric molecular property prediction based on topological features of quantum mechanical electron density. Generator computes Quantum Theory of Atoms in Molecules (QTAIM) features, at density functional theory (DFT) level, for sets of molecules or reac- tions in a high-throughput manner, and compiles features into a single data structure for processing, analysis, and geometric machine learning. An accompanying graph neural network package can be used for property prediction and allows users to readily use computed features for learning tasks. To test the efficacy of electron density-based data for machine learning, we benchmark several datasets including QM8, QM9, LIBE, Tox21, and a Green 2022 Reaction dataset. This wide dataset diversity underscores the flexibility of QTAIM descriptors and our package. In addition, we made our code high-throughput methods compatible with new versions of BondNet and Chemprop architectures to allow for both reaction and molecular property prediction out-of-the-box. To motivate the use of QTAIM features for varied prediction tasks we also perform extensive benchmarking of our new mod- els to existing benchmark models as well as to our own models without QTAIM features. We show that almost universally, QTAIM features improve model performance on our algorithms, ChemProp, and BondNet. We also determine that QTAIM can aid in generalizing model performance to out-of- domain (OOD) datasets and improve learning at smaller data regimes. Combined, we hope that this framework could enable QTAIM-enhanced structure-to-property predictions - especially in domains with less data, including experimental or reaction-level datasets with complex underlying chemistries",2024-02-27T08:07:38.398Z,10.26434/chemrxiv-2024-wlx21
112,Multi-objective goal-directed optimization of de novo stable organic radicals for aqueous redox flow batteries,"Advances in the field of goal-directed molecular optimization offer the promise to find feasible candidates for even the most challenging molecular design applications. However, several obstacles remain in applying these tools to practical problems, including lengthy computational or experimental evaluation, synthesizability considerations, and a vast potential search space. As an example of a fundamental design challenge with industrial relevance, we search for novel stable radical scaffolds for an aqueous redox flow battery that simultaneously satisfy redox requirements at the anode and cathode. To meet this challenge, we develop a new open-source molecular optimization framework based on AlphaZero coupled with a fast, machine learning-derived surrogate objective trained with nearly 100,000 quantum chemistry simulations. The objective function comprises two graph neural networks: one that predicts adiabatic oxidation and reduction potentials and a second that predicts electron density and local 3D environment, previously shown to be correlated with radical persistence and stability. With no hand-coded knowledge of organic chemistry, the reinforcement learning agent finds molecule candidates that satisfy a precise combination of redox, stability, and synthesizability requirements defined at the quantum chemistry level, many of which have reasonable predicted retrosynthetic pathways. The optimized molecules show that alternative stable radical scaffolds may offer a unique profile of stability and redox potentials to enable low-cost symmetric aqueous redox flow batteries.",2021-12-15T07:41:41.643Z,10.26434/chemrxiv-2021-jm3p8
113,PASSer: Prediction of Allosteric Sites Server,"Allostery is considered important in regulating protein's activity. Drug development depends on the understanding of allosteric mechanisms, especially the identification of allosteric sites, which is prerequisite in drug discovery and design. Many computational methods have been developed for allosteric site prediction using pocket features and dynamics information. Here, we provide a novel ensembled model, consisting of eXtreme gradient boosting (XGBoost) and graph convolutional neural network (GCNN) to predict allosteric sites. Our model can learn both physical properties and topology structure without any prior information and exhibited good performance under several indicators. Prediction results have shown that 84.9% of allosteric pockets in the testing proteins appeared in the top 3 positions. The PASSer: Protein Allosteric Sites Server (https://passer.smu.edu), along with a command line interface (CLI, https://github.com/smutaogroup/passerCLI) provide insights for further analysis in drug discovery.",2020-12-16T11:12:03.000Z,10.26434/chemrxiv.13360535.v2
114,Neural Scaling of Deep Chemical Models,"Massive scale, both in terms of data availability and computation, enables significant breakthroughs in key application areas of deep learning such as natural language processing (NLP) and computer vision. There is emerging evidence that scale may be a key ingredient in scientific deep learning, but the importance of physical priors in scientific domains makes the strategies and benefits of scaling uncertain. Here, we investigate neural scaling behavior in large chemical models by varying model and dataset sizes over many orders of magnitude, studying models with over one billion parameters, pre-trained on datasets of up to ten million datapoints. We consider large language models for generative chemistry and graph neural networks for machine-learned interatomic potentials. To enable large-scale scientific deep learning studies under resource constraints, we develop the Training Performance Estimation (TPE) framework to reduce the costs of scalable hyperparameter optimization by up to 90%. Using this framework, we discover empirical neural scaling relations for deep chemical models and investigate the interplay between physical priors and scale. Potential applications of large, pre-trained models for ""prompt engineering"" and unsupervised representation learning of molecules are shown.",2022-05-16T08:38:59.817Z,10.26434/chemrxiv-2022-3s512
115,Plant-Derived Natural Polyphenols as Potential Antiviral Drugs Against SARS-CoV-2 via RNA‐dependent RNA Polymerase (RdRp) Inhibition: An In-Silico Analysis,"<p>The sudden outburst of Coronavirus disease (COVID-19) has left the entire world to a standstill. COVID-19 is caused by Severe Acute Respiratory Syndrome Coronavirus 2 (SARS-CoV-2). As per the report from the WHO, more than 4.5 million people have been infected by SARS-CoV-2 with more than 3,00,000 deaths across the globe. As of now, there is no therapeutic drug or vaccine approved for the treatment of SARS-CoV-2 infection. Hence, the outbreak of COVID-19 poses a massive threat to humans. Due to the time taking process of new drug design and development, drug repurposing might be the only viable solution to tackle COVID-19. RNA‐dependent RNA polymerase (RdRp) catalyzes SARS-CoV-2 RNA replication, <i>i.e.</i> the synthesis of single-stranded RNA genomes, an absolutely necessary step for the survival and growth of the virus. Thus, RdRp is an obvious target for antiviral drug design. Interestingly, several plant-derived polyphenols have been shown to inhibit enzymatic activities of RdRp of various RNA viruses including polio-virus type 1, parainfluenza virus type 3, and respiratory syncytial virus etc. More importantly, natural polyphenols have been used as a dietary supplementation for humans for a long time and played a beneficial role in immune homeostasis. Therefore, we were curious to study the binding of dietary polyphenols with RdRp of SARS-CoV-2 and assess their potential as an effective therapy for COVID-19. In this present work, we made a library of twenty potent polyphenols that have shown substantial therapeutic effects against various diseases. The polyphenols were successfully docked in the catalytic pocket of RdRp of SARS-CoV and SARS-CoV-2, and detailed studies on ADME prediction, toxicity prediction and target analysis were performed. The study reveals that EGCG, quercetagetin, and myricetin strongly bind to the active site of SARS-CoV-2 RdRp. Our studies suggest that EGCG, quercetagetin, and myricetin can inhibit RdRp and represent an effective therapy for COVID-19. </p>",2020-05-18T10:10:55.000Z,10.26434/chemrxiv.12312263.v1
116,Identifying Coarse-Grained Representations for Electronic Predictions,"Coarse-grained (CG) simulations are an important computational tool in chemistry and materials science. Recently, systematic ``bottom-up"" CG models have been introduced to capture electronic structure variations of molecules and polymers at the CG resolution. However, the performance of these models is limited by the ability to select reduced representations that preserve electronic structure information, which remains a challenge. We propose two methods for (i) identifying important electronically coupled atomic degrees of freedom and (ii) scoring the efficacy of CG representations used in conjunction with CG electronic predictions. The first method is a physically-motivated approach that incorporates nuclear vibrations and electronic structure derived from simple quantum chemical calculations. We complement this physically-motivated approach with a machine learning technique based on the marginal contribution of nuclear degrees of freedom to electronic prediction accuracy using an equivariant graph neural network. By integrating these two approaches, we can both identify critical electronically coupled atomic coordinates and score the efficacy of arbitrary CG representations for making electronic predictions. We leverage this capability to make a connection between optimized CG representations and the future potential for ``bottom-up"" development of simplified model Hamiltonians incorporating non-linear vibrational modes.",2023-04-27T10:37:57.288Z,10.26434/chemrxiv-2023-lnfq8
117,Prediction and Interpretable Visualization of Synthetic Reactions Using Graph Convolutional Networks,"<div>Recently, many research groups have been addressing data-driven approaches for reaction prediction and retrosynthetic analysis. Although the performances of the data-driven approach have progressed due to recent advances of machine learning and deep learning techniques, problems such as improving capability of reaction prediction and the black-box problem of neural networks still persist for practical use by chemists. To expand data-driven approaches to chemists, we focused on two challenges: improvement of reaction prediction and interpretability of the prediction. In this paper, we propose an interpretable prediction framework using Graph Convolutional Networks (GCN) for reaction prediction and Integrated Gradients (IGs) for visualization of contributions to the prediction to address these challenges. As a result, our model showed better performances than the approach using Extended-Connectivity Fingerprint (ECFP). Furthermore, IGs based visualization of the GCN prediction successfully highlighted reaction-related atoms.</div>",2019-07-01T16:03:34.000Z,10.26434/chemrxiv.8343995.v1
118,Distilling Coarse-Grained Representations of Molecular Electronic Structure with Continuously Gated Message Passing,"Bottom-up methods for coarse-grained (CG) molecular modeling are critically needed to establish rigorous links between atomistic reference data and reduced molecular representations. For a target molecule, the ideal reduced CG representation is a function of both the conformational ensemble of the system and the target physical observable(s) to be reproduced at the CG resolution. However, there is an absence of algorithms for selecting CG representations of molecules from which complex properties, including molecular electronic structure, can be accurately modeled. We introduce continuously gated message passing (CGMP), a graph neural network (GNN) method for atomically decomposing molecular electronic structure sampled over conformational ensembles. CGMP integrates 3D-invariant GNNs and a novel gated message passing system to continuously reduce the atomic degrees of freedom accessible for electronic predictions, resulting in a one-shot importance ranking of atoms contributing to a target molecular property. Moreover, CGMP provides the first approach by which to quantify the degeneracy of ``good"" CG representations conditioned on specific prediction targets, facilitating the development of more transferable CG representations. We further show how CGMP can be used to highlight multiatom correlations, illuminating a path to developing CG electronic Hamiltonians in terms of interpretable collective variables for arbitrarily complex molecules.",2023-10-03T13:01:06.521Z,10.26434/chemrxiv-2023-kfr9g
119,Inductive Transfer Learning for Molecular Activity Prediction: Next-Gen QSAR Models with MolPMoFiT,"<p>Deep neural networks can directly learn from chemical structures without extensive, user-driven selection of descriptors in order to predict molecular properties/activities with high reliability. But these approaches typically require large training sets to learn the endpoint-specific structural features and ensure reasonable prediction accuracy. Even though large datasets are becoming the new normal in drug discovery, especially when it comes to high-throughput screening or metabolomics datasets, one should also consider smaller datasets with challenging endpoints to model and forecast. Thus, it would be highly relevant to better utilize the tremendous compendium of unlabeled compounds from publicly-available datasets for improving the model performances for the user’s particular series of compounds. In this study, we propose the <b>Mol</b>ecular <b>P</b>rediction <b>Mo</b>del <b>Fi</b>ne-<b>T</b>uning (<b>MolPMoFiT</b>) approach, an effective transfer learning method based on self-supervised pre-training + task-specific fine-tuning for QSPR/QSAR modeling. A large-scale molecular structure prediction model is pre-trained using one million unlabeled molecules from ChEMBL in a self-supervised learning manner, and can then be fine-tuned on various QSPR/QSAR tasks for smaller chemical datasets with specific endpoints. Herein, the method is evaluated on four benchmark datasets (lipophilicity, FreeSolv, HIV, and blood-brain barrier penetration). The results showed the method can achieve strong performances for all four datasets compared to other state-of-the-art machine learning modeling techniques reported in the literature so far. <br /></p>",2020-03-30T10:46:15.000Z,10.26434/chemrxiv.9978743.v2
120,Src kinase app: valid inhibitor generation and prediction with explanation using predictive model and selfies,"Dealing with a small Experimental dataset using a generative model produces a model with underfitting and reduces its ability to generate a new valid compound. Even in the presence of  free available chemical databases SMILES string has to use a complex and computationally intensive model to solve validation problems. SELFIES solve all validation problems but further activity optimization is needed with the absence of an app that records molecules generated. In this study, the author uses a predictive model to provide a dataset by a virtual screen of 3 million compounds from a chemical online database in addition to experimental active dataset. Data feed to a different model of one layer Recurrent Neural Network model using both SELFIES and SMILES for about 2-4 epochs. Structure-based drug design was used and Src Kinase as a target to validate both the predictive model and compounds produced by Recurrent Neural Network and further filtration happens using Molecular Dynamics Simulation. SELFIES outperform SMILES in producing valid molecules in all types of Recurrent Neural Network simple structures. Recurrent Neural Network can produce active compounds using the GRU layer without any activity optimization from just 4 runs 100 molecules each. The novelty of the result can be compared to the result coming from predictive model virtual screen data. Recurrent Neural Network can produce novel compounds with key interaction residue with the target protein. All Predictive Models were deployed and ExplainableAI is used to guide generated molecules. MERN stack app SaveMol is used to save molecules produced with substructure research ability and apps links provide here(https://github.com/phalem/Src).",2022-10-13T04:28:48.494Z,10.26434/chemrxiv-2022-090pf-v2
121,"Accelerating Organic Electronic Materials Design with Low-Cost, Robust Molecular Reorganization Energy Predictions","A critical bottleneck for the design of high-conductivity organic materials is finding molecules with low reorganization energy. The development of low-cost machine-learning-based models for calculating the reorganization energy has proven to be challenging. Here we combine a graph-based neural network recently benchmarked for drug design applications, ChIRo, with low-cost conformational features and show the feasibility of reorganization energy predictions on the benchmark QM9 dataset without needing DFT geometries.",2022-11-30T12:10:46.300Z,10.26434/chemrxiv-2022-fk22p
122,Molecular Fingerprints Optimization for Enhanced Predictive Modeling,"The human exposome is represented by a vast number of chemicals, the fate and behavior of which remain largely unexplored. While modeling approaches are commonly employed to address this challenge, there is a recognized need for alternative molecular representations, such as molecular fingerprints. However, existing algorithms for computing molecular fingerprints may incorporate irrelevant or insufficient information for accurate activity prediction.  In this study, we present an algorithm designed to optimize molecular fingerprints. This algorithm combines the relevant bits of information, aiming to enrich the final fingerprint for predicting specific behavioral properties. To achieve this, relevant variables (i.e. bits) for prediction were collected from six non-hashed fingerprints and fused into a master fingerprint. We used fish toxicity as a proof of concept. The RFR model was developed based on the master fingerprint. It demonstrated comparable results to conventional descriptor-based models with R$^2$ $\approx 0.9$ for the training set and R$^2$ $\approx 0.6$ for the test set. The molecular fingerprints have the advantage of being consistent and interpretable. Consequently, we were able to confirm the relevance of variables to the toxicity prediction. The final model outperformed each of the models based on individual fingerprints in the number of chemicals with prediction error, that fell in the range of +/- one standard deviation of residuals. The number of cases with the lower prediction error was on average four times higher for the master fingerprint-based model. The algorithm developed for optimizing molecular fingerprints is universal and can be applied to various case studies.",2024-02-26T08:31:33.914Z,10.26434/chemrxiv-2024-zr2vr
123,Investigating the Reliability and Interpretability of Machine Learning Frameworks for Chemical Retrosynthesis,"Machine learning models for chemical retrosynthesis have attracted substantial interest in recent years. Unaddressed challenges, particularly the absence of robust evaluation metrics for performance comparison, and the lack of black-box interpretability, obscure model limitations and impede progress in the field. We present an automated benchmarking pipeline designed for effective model performance comparisons. With an emphasis on user-friendly design, we aim to streamline accessibility and facilitate utilisation within the research community. Additionally, we suggest and perform a new interpretability study to uncover the degree of chemical understanding acquired by retrosynthesis models. Our results reveal that frameworks based on chemical reaction rules yield the most diverse, chemically valid, and feasible reactions, whereas purely data-driven frameworks suffer from unfeasible and invalid predictions. The interpretability study emphasises that incorporating reaction rules not only enhances model performance but also improves interpretability. For simple molecules, we demonstrate that Graph Neural Networks identify relevant functional groups within the product molecule, providing thermodynamic stabilisation over the reactant precursors. In contrast, the popular Transformer fails to identify such crucial stabilisation. As the molecule and reaction mechanism grow more complex, both data-driven models propose unfeasible disconnections without offering a chemical rationale. We stress the importance of incorporating chemically meaningful descriptors within deep-learning models. Our study provides valuable guidance for the future development of retrosynthesis frameworks.",2024-02-12T05:51:22.823Z,10.26434/chemrxiv-2024-qdgnv-v3
124,Machine Learning for Acute Toxicity Prediction Using High-Throughput Enzyme-Reaction Chip,"<p>Machine learning (ML) has brought significant technological innovations in many fields, but it has not been widely embraced by most researchers of natural sciences to date. Traditional understanding and promotion of chemical analysis cannot meet the definition and requirement of big data for running of ML. Over the years, we focused on building a more versatile and low-cost approach to the acquisition of copious amounts of data containing in a chemical reaction. The generated data meet exclusively the thirst of ML when swimming in the vast space of chemical effect. As proof in this study, we carried out a case for acute toxicity test throughout the whole routine, from model building, chip preparation, data collection, and ML training. Such a strategy will probably play an important role in connecting ML with much research in natural science in the future.</p>",2019-03-04T16:45:21.000Z,10.26434/chemrxiv.7263596.v2
125,Machine learning in materials research: developments over the last decade and challenges for the future,"The number of studies that apply machine learning (ML) to materials science has been growing at a rate of approximately 1.67 times per year over the past decade. In this review, I examine this growth in various contexts. First, I present an analysis of the most commonly used tools (software, databases, materials science methods, and ML methods) used within papers that apply ML to materials science. The analysis demonstrates that despite the growth of deep learning techniques, the use of classical machine learning is still dominant as a whole. It also demonstrates how new research can effectively build upon past research, particular in the domain of ML models trained on density functional theory calculation data. Next, I present the progression of best scores as a function of time on the matbench materials science benchmark for formation enthalpy prediction. In particular, a dramatic improvement of 7 times reduction in error is obtained when progressing from feature-based methods that use conventional ML (random forest, support vector regression, etc.) to the use of graph neural network techniques. Finally, I provide views on future challenges and opportunities, focusing on data size and complexity, extrapolation, interpretation, access, and relevance. ",2024-02-26T10:36:24.810Z,10.26434/chemrxiv-2024-x6spt
126,"Materials discovery for high-temperature, clean-energy applications using graph neural network models of vacancy defects and free-energy calculations","  We present a graph neural network modeling approach that fully automates the prediction of the DFT-relaxed vacancy formation enthalpy of any crystallographic site from its DFT-relaxed host structure. Applicable to arbitrary structures with an accuracy limited principally by the amount/diversity of the data on which it is trained, this model accelerates the screening of vacancy defects by many orders of magnitude by replacing the DFT supercell relaxations required for each symmetrically unique crystal site. It can thus be used off-the-shelf to rapidly screen 10,000s of crystal structures (which can contain millions of unique defects) from existing databases of DFT-relaxed crystal structures. This modeling approach therefore provides a significant screening and discovery capability for a plethora of applications in which vacancy defects are the primary driver of a material's utility. For example, by high-throughput screening the Materials Project's metal oxides, we rapidly ""re-discover"" and identify new high potential candidate materials for hydrogen generation via solar thermochemical water splitting and energy storage, for CO2 conversion via reverse water gas shift chemical looping, and for cathodes in solid oxide fuel cells. Thermodynamic modeling on the basis of the high-throughput screening results allows us to connect the predicted defect energies to high temperature process conditions relevant to the different application areas, and we extract the reduction entropies as an additional selection criterion for high-performance materials. Further model development and accumulation of additional training data will only serve to expand the significant utility of this generalizable defect model to solving materials discovery problems in clean energy applications and beyond.",2023-01-06T05:14:17.127Z,10.26434/chemrxiv-2022-frcns-v2
127,Deep learning of multimodal networks with topological regularization for drug repositioning,"Motivation: Computational techniques for drug-disease prediction are essential in enhancing drug discovery and repositioning. While many methods utilize multimodal networks from various biolog-ical databases, few integrate comprehensive multi-omics data, including transcriptomes, proteomes, and metabolomes. We introduce STRGNN, a novel graph deep learning approach that predicts drug-disease relationships using extensive multimodal networks comprising proteins, RNAs, metab-olites, and compounds. We have constructed a detailed dataset incorporating multi-omics data and developed a learning algorithm with topological regularization. This algorithm selectively leverages informative modalities while filtering out redundancies.  Results: STRGNN demonstrates superior accuracy compared to existing methods and has identified several novel drug effects, corroborating existing literature. STRGNN emerges as a powerful tool for drug prediction and discovery. The source code for STRGNN, along with the dataset for perfor-mance evaluation, is available at https://github.com/yuto-ohnuki/STRGNN.git. ",2024-01-10T05:38:28.060Z,10.26434/chemrxiv-2024-pd20z
128,Analyzing Learned Molecular Representations for Property Prediction,"Advancements in neural machinery have led to a wide range of algorithmic solutions for molecular property prediction. Two classes of models in particular have yielded promising results: neural networks applied to computed molecular fingerprints or expert-crafted descriptors, and graph convolutional neural networks that construct a learned molecular representation by operating on the graph structure of the molecule. However, recent literature has yet to clearly determine which of these two methods is superior when generalizing to new chemical space. Furthermore, prior research has rarely examined these new models in industry research settings in comparison to existing employed models. In this paper, we benchmark models extensively on 19 public and 16 proprietary industrial datasets spanning a wide variety of chemical endpoints. In addition, we introduce a graph convolutional model that consistently matches or outperforms models using fixed molecular descriptors as well as previous graph neural architectures on both public and proprietary datasets. Our empirical findings indicate that while approaches based on these representations have yet to reach the level of experimental reproducibility, our proposed model nevertheless offers significant improvements over models currently used in industrial workflows.",2019-07-30T19:25:01.000Z,10.26434/chemrxiv.7940594.v3
129,Transfer learning based on atomic feature extraction for the prediction of experimental ¹³C chemical shifts,"Forecasting experimental chemical shifts of organic compounds is a long-standing challenge in organic chemistry. Recent advances in machine learning (ML) have led to routines that surpass the accuracy of ab initio Density Functional Theory (DFT) in estimating experimental $^{13}$C shifts. The extraction of knowledge from other models, known as transfer learning, has demonstrated remarkable improvements, particularly in scenarios with limited data availability. However, the extent to which transfer learning improves predictive accuracy in low-data regimes for experimental chemical shift predictions remains unexplored.  This study indicates that atomic features derived from a message passing neural network (MPNN) forcefield are robust descriptors for atomic properties. A dense network utilizing these descriptors to predict $^{13}$C shifts achieves a mean absolute error (MAE) of 1.68 ppm. When these features are used as node labels in a simple graph neural network (GNN), the model attains a better MAE of 1.34 ppm. On the other hand, embeddings from a self-supervised pre-trained 3D aware transformer are not sufficiently descriptive for a feedforward model but show reasonable accuracy within the GNN framework, achieving an MAE of 1.51 ppm. Under low-data conditions, all transfer-learned models show a significant improvement in predictive accuracy compared to existing literature models, regardless of the sampling strategy used to select from the pool of unlabeled examples. We demonstrated that extracting atomic features from models trained on large and diverse datasets is an effective transfer learning strategy for predicting NMR chemical shifts, achieving results on par with existing literature models. This method provides several benefits, such as reduced training times, simpler models with fewer trainable parameters, and strong performance in low-data scenarios, without the need for costly ab initio data of the target property. This technique can be applied to other chemical tasks opening many new potential applications where the amount of data is a limiting factor.",2024-06-20T08:54:08.667Z,10.26434/chemrxiv-2024-8fxfk
130,Graph neural networks and molecular docking as two complementary approaches for virtual screening: a case study on Cruzain ,"The idea behind virtual screening is to first test compounds computationally in order to reduce the number of compounds that need to be screened experimentally, thus reducing the time and cost of physical experiments. Molecular docking is the most popular virtual screening technique, it predicts the binding of candidate compounds to the protein target by modeling the interactions at the binding pocket. Despite being widely used, docking accuracy is often low due to the difficulty of modeling inherently complex biological systems. On the other hand, state of the art deep neural networks, like Graph Convolutional Networks (GCNs) are able to capture the complex non-linear relationships between structural and biological data, but they lack the interpretability of structure-based modeling. In this work we took advantage of the activity data from a quantitative High Throughput Screen (HTS) of ~200K compounds against Cruzain (Cz) to retrospectively evaluate the ability of a docking algorithm and a Graph Convolutional Network for prioritizing the active compounds from the dataset. We then propose strategies to combine both techniques in a single virtual screening pipeline in order to exploit their orthogonal benefits. By plugging in the atomic embeddings learned by the GCN into the docking algorithm by means of pharmacophoric restraints, docking ability to retrieve the active ligands was enhanced. Moreover, by applying the GCN as a pre-docking filter, the compound’s library was enriched in active molecules and subsequent docking of the filtered library achieved significantly higher hit rates. This work aims to be a proof of concept of the usefulness of combination strategies involving deep learning and classical molecular docking techniques, in the context of  drug discovery.   ",2022-12-21T10:56:21.897Z,10.26434/chemrxiv-2022-btz77
131,Chemically transferable electronic coarse graining for polythiophenes,"Recent advances in machine-learning-based electronic coarse graining (ECG) methods have demonstrated the potential to enable electronic predictions in soft materials at mesoscopic length scales. However, previous ECG models have yet to confront the issue of chemical transferability. In this study, we develop chemically transferable ECG models for polythiophenes using graph neural networks. Our models are trained on a dataset that samples over the conformational space of random polythiophene sequences generated with 15 different monomer chemistries and three different degrees of polymerization. We systematically explore the impact of coarse-grained (CG) representation at multiple resolutions on ECG accuracy, highlighting the significance of preserving the C-beta coordinates in thiophene. We also find that integrating unique polymer sequences into training enhances model performance more efficiently than augmenting conformational sampling for sequences already in the training dataset. Moreover, our ECG models, developed initially for one property and one level of quantum chemical theory, can be efficiently transferred to related properties and higher levels of theory with minimal additional data. The chemically transferable ECG model introduced in this work will serve as a foundation model for new classes of chemically transferable ECG predictions across a broader chemical space.",2024-06-21T08:33:26.062Z,10.26434/chemrxiv-2024-80klb
132,Prediction of Compound Synthesis Accessibility Based on Reaction Knowledge Graph,"<a>With the increasing application of deep learning based generative models for <i>de novo</i> molecule design, quantitative estimation of molecular synthetic accessibility becomes a crucial factor for prioritizing the structures generated from generative models. On the other hand, it is also useful for helping prioritization of hit/lead compounds and guiding retro-synthesis analysis. In current study, based on the USPTO and Pistachio reaction datasets, we created a chemical reaction network, in which a depth-first search was performed for identification of the reaction paths of product compounds. This reaction dataset was then used to build predictive model for distinguishing the organic compounds either as easy synthesize (ES) or hard-to synthesize (HS) classes. Three synthesis accessibility (SA) models were built using deep learning/machine learning algorithms. The comparison between our three SA scoring functions with other existing synthesis accessibility scoring schemes, such as SYBA, SCScore, SAScore were also carried out. and the graph based deep learning model outperforms those existing SA scores. Our results show that prediction models based on historical reaction knowledge could be a useful tool for measuring molecule complexity and estimating molecule SA.</a>",2021-05-21T09:15:40.000Z,10.26434/chemrxiv.14608296.v1
133,Can Large Language Models Predict Antimicrobial Peptide Activity and Toxicity?,"Antimicrobial peptides (AMPs) are naturally occurring or designed peptides up to a few tens of amino acids which may help address the antimicrobial resistance crisis. However, their clinical development is limited by toxicity to human cells, a parameter which is very difficult to control. Given the similarity between peptide sequences and words, large language models (LLMs) might be able to predict AMP activity and toxicity. To test this hypothesis, we fine-tuned LLMs using data from the Database of Antimicrobial Activity and Structure of Peptides (DBAASP). GPT-3 performed well but not reproducibly for activity prediction and hemolysis, taken as a proxy for toxicity. The later GPT-3.5 performed more poorly and was surpassed by recurrent neural networks (RNN) trained on sequence-activity data or support vector machines (SVM) trained on MAP4C molecular fingerprint-activity data. These simpler models are therefore recommended, although the rapid evolution of LLMs warrants future re-evaluation of their prediction abilities. ",2024-03-12T09:44:44.751Z,10.26434/chemrxiv-2023-74041-v2
134,"VIRTUAL SCREENING OF CYANOBACTERIAL METABOLITES AS INHIBITORS OF SARS-CoV-2 HOST CELL ENTRY, VIRAL REPLICATION, AND HOST IMMUNITY MODULATION INFECTIVE MECHANISMS","The novel severe acute respiratory syndrome coronavirus (SARS-CoV-2) emerged in December 2019 leading to a global pandemic and lockdowns in different countries including the Philippines. There is an oral antiviral treatment, Paxlovid, produced by Pfizer that is currently authorized for emergency use to treat COVID-19. However, there is still a necessity to discover specific antiviral drugs due to increasing cases worldwide. In this study, 56 cyanobacterial secondary metabolites were virtually screened for in silico inhibitory prospects against five main targeted proteins of SARS-CoV-2 involved in viral attachment, viral replication, and host immunity modulation mechanisms. Pharmacokinetic properties and toxicity predictions were also performed. Of the fifty-six secondary metabolites molecularly docked, compounds 1–7 showed favorable binding energy ranging from -10.9 to -8.0 kcal/mol against the spike’s ACE2 (angiotensin-converting enzyme 2) and GRP 78 (glucose-related protein 78) receptor binding domains, 3CLPRO (3-chymotrypsin-like protease), PLPRO (papain-like protease), and RdRp (RNA-dependent RNA-polymerase). Three compounds, scytonemin (1) a bisindole alkaloid dimer, cryptophycin (5) a macrolactam, and tjipanazole A2 (6) an indole alkaloid glucoside exhibited highest the binding affinities with BE’s ranging from -10.4 to -8.6 kcal/mol. Top-ranked ligands 1–7 also demonstrated favorable pharmacokinetics with low toxicity risks. ",2022-02-01T08:10:09.184Z,10.26434/chemrxiv-2022-pz27f
135,Electron-Passing Neural Networks for Atomic Charge Prediction in Systems with Arbitrary Molecular Charge,"Atomic charges are critical quantities in molecular mechanics and molecular dynamics, but obtaining these quantities requires heuristic choices based on atom-typing or relatively expensive quantum mechanical methods to generate a density to be partitioned. Most machine learning efforts in this domain ignore total molecular charges, relying on overfitting and arbitrary rescaling in order to match the total system charge. Here we introduce the electron-passing neural network (EPNN), a fast, accurate neural network atomic charge partitioning model that conserves total molecular charge by construction. EPNNs predict atomic charges very similar to those obtained by partitioning quantum mechanical densities, but at such a small fraction of the cost that they can be easily computed for large biomolecules. Charges from this method may be used directly for molecular mechanics, as features for cheminformatics, or as input to any neural network potential.<br />",2020-09-21T10:20:12.000Z,10.26434/chemrxiv.12980150.v1
136,ClassicalGSG: Prediction of logP Using Classical Molecular Force Fields and Geometric Scattering for Graphs,"<p>This work examines methods for predicting the partition coecient (log P) for a dataset of small molecules. Here, we use atomic attributes such as radius and partial charge, which are typically used as forcefield parameters in classical molecular dynamics simulations. These atomic features are transformed into index-invariant molecular features using a recently developed method called Geometric Scattering for Graphs (GSG). We call this approach ""ClassicalGSG"" and examine its performance under a broad range of conditions and hyperparameters. We train a ClassicalGSG log P predictor with neural networks using 10722 molecules from the ChEMBL21 dataset and apply it to predict the log P values from four independent test sets. The ClassicalGSG method's performance is compared to a baseline model that employs graph convolutional neural networks (GCNNs). Our results show that the best prediction accuracies are obtained using atomic attributes generated with the CHARMM generalized Force Field (CGenFF) and 2D molecular structures.</p>",2020-11-19T12:44:17.000Z,10.26434/chemrxiv.13256222.v1
137,SCONES: Self-Consistent Neural Network for Protein Stability Prediction Upon Mutation,"<div>Engineering proteins to have desired properties by mutating amino acids at specific sites is commonplace. Such engineered proteins must be stable to function. Experimental methods used to determine stability at throughputs required to scan the protein sequence space thoroughly are laborious. To this end, many machine learning based methods have been developed to predict thermodynamic stability changes upon mutation. These methods have been evaluated for symmetric consistency by testing with hypothetical reverse mutations. In this work, we propose transitive data augmentation, evaluating transitive consistency, and a new machine learning based method, first of its kind, that incorporates both symmetric and transitive properties into the architecture. Our method, called SCONES, is an interpretable neural network that estimates a residue's contributions towards protein stability dG in its local structural environment. The difference between independently predicted contributions of the reference and mutant residues in a missense mutation is reported as dG. We show that this self-consistent machine learning architecture is immune to many common biases in datasets, relies less on data than existing methods, and is robust to overfitting.</div><div><br /></div>",2021-06-04T11:38:06.000Z,10.26434/chemrxiv.14729445.v1
138,STopTox: An In-Silico Alternative to Animal Testing for Acute Systemic and TOPical TOXicity,"<p><a>Since 2009, animal testing for cosmetic products has been prohibited in Europe, and in 2016, US EPA announced their intent to modernize the so-called ""6-pack"" of acute toxicity tests (acute oral toxicity, acute dermal toxicity, acute inhalation toxicity, skin irritation and corrosion, eye irritation and corrosion, and skin sensitization) and expand acceptance of alternative methods to reduce animal testing of pesticides. We have compiled, curated, and integrated the largest publicly available dataset and developed an ensemble of QSAR models for all six endpoints. All models were validated according to the OECD QSAR principles and tested using newly identified data on compounds not included in the training sets. We have established a publicly accessible Systemic and Topical chemical Toxicity (STopTox) web portal (https://stoptox.mml.unc.edu/) integrating all developed models for “6-pack” assays.  This portal can be used by scientists and regulators to identify putative toxicants or non-toxicants in chemical libraries of interest.</a></p>",2020-11-25T12:47:57.000Z,10.26434/chemrxiv.13283930.v1
139,"ARKA: A framework of dimensionality reduction for machine-learning classification modeling, risk assessment, and data gap-filling of sparse environmental toxicity data","Toxicity assessment of environmental chemicals is an integral aspect of assessing the sustainability of flora and fauna constituting the aquatic and terrestrial ecosystems. A wide variety of living organisms are constantly being exposed to these chemicals, most of which generate toxic effects. Due to the lack of experimental toxicity data of environmental chemicals, there arises a need to fill data gaps by in silico approaches. One of the most commonly used in silico approaches for toxicity assessment of small datasets is the Quantitative Structure-Activity Relationship (QSAR), which generates predictive models for the efficient prediction of query compounds. However, the predictions from these models are often erroneous for some compounds, and the reliability of the predictions from QSARs derived from small datasets is often questionable from a statistical point of view. This is due to the presence of a larger number of descriptors as compared to the number of training compounds, which reduces the degree of freedom of the developed model. To reduce the overall prediction error for a particular QSAR model, we have proposed here the computation of the novel Arithmetic Residuals in K-groups Analysis (ARKA) descriptors. We have reduced the number of modeling descriptors, keeping the entire chemical space and preventing the loss of chemical information. We have used here five representative environmentally relevant endpoints (skin sensitization, earthworm toxicity, milk/plasma partitioning, algal toxicity, and rodent carcinogenicity of hazardous chemicals) with graded responses to which the ARKA framework was applied for classification modeling. On comparing the performance of the models generated using conventional QSAR descriptors and the ARKA descriptors, the prediction quality of the models derived from ARKA descriptors was found much better than the models derived from QSAR descriptors signifying the potential of ARKA descriptors in ecotoxicological classification modeling of small data sets. For the ease of users, a Java-based expert system has been developed that computes the ARKA descriptors from the input of QSAR descriptors.   ",2024-03-29T13:10:52.815Z,10.26434/chemrxiv-2024-jqkjv
140,Machine Learning for Acute Oral System Toxicity Regression and Classification,"<p><i>In vivo</i>toxicity testing remains a costly and time-consuming component of any pre-clinical drug development campaign. In particular, LD50 measurements require the loss of animal life but remain a critical component in preventing lethal compounds from entering the clinic. With advances in machine learning, <i>in silico</i>LD50 prediction now has the potential to greatly reduce this burden. We study various types of machine learning models to predict acute oral LD50 measurements in rats as regression and classification problems. We demonstrate that transfer learning a ResNet34 model pretrained on ImageNet with test time augmentation generates the best performing regression model and that random forest augmented with conformal prediction provides a robust methodology to perform classification.</p>",2019-08-28T17:32:54.000Z,10.26434/chemrxiv.9733973.v1
141,Active learning accelerated exploration of single-atom local environments in multimetallic systems for oxygen electrocatalysis,"Single-atom catalysts (SACs) exhibit high activity for a wide range of sluggish reactions and allow performance tunability at atomic-level through the selection of central metals, ligand environments, and secondary metal sites. However, the design space with varying structures and compositions significantly hinders the fast and accurate identification of desired multimetallic SACs. In this work, we demonstrate a self-driving computational strategy for exploring binary metallic sites with varying combinations of 3d transition metals and different ligand environments, resulting in over 30,000 single atom sites for the electrochemical catalysis of the oxygen reduction and evolution reactions (ORR/OER). This approach is based on the density functional theory (DFT) calculations of binding energies and atomic descriptors as target properties and utilizes an equivariant graph neural network (GNN) as a surrogate model for predicting DFT labels directly from the atomic structure. The chemical environments learned by the GNN lead to capturing composition-structure-property relationships for the ORR/OER activity and selectivity. Active learning facilitates the investigation of the search space by balancing the exploration of unseen atomic structures with the exploitation of the active ones. The computational predictions of promising Co-Fe, Co-Co, and Co-Zn metal pairs are consistent with the state-of-the-art results of experimental measurements reported in the literature. The GNN-based analysis of multiple active sites on a single surface for target catalytic reaction can be extended to a broader class of multi-element high entropic materials systems.",2024-03-14T05:44:39.006Z,10.26434/chemrxiv-2024-6skxn
142,Neural Network Potentials for Accelerated Metadynamics of Oxygen Reduction Kinetics at Au-Water Interfaces,"The application of ab-initio molecular dynamics (AIMD) for the explicit modeling of reactions at the solid- liquid interfaces can provide new understandings towards the reaction mechanisms. However, prohibitive computational cost severely restricts the time- and length-scale of AIMD. Equiv- ariant graph neural network (GNN) based accurate surrogate potentials can accelerate the speed of performing molecular dynamics after learning on representative structures in a data efficient manner. In this study, we combined uncertainty- aware GNN potentials and enhanced sampling to investigate the reactive process of the oxygen reduction reaction (ORR) at Au(100)-water interface. By using a well-established active learning framework based on CUR matrix decomposition, we can evenly sample equilibrium structures from MD simulations and non-equilibrium reaction intermediates that are rarely vis- ited during the reaction. The trained GNNs have shown excep- tional performance in terms of force prediction accuracy, the ability to reproduce structural properties, and the low uncer- tainties when performing MD and metadynamics simulations. Furthermore, the collective variables employed in this work en- ables an automatic search of reaction pathways and provide a detailed understanding towards the ORR reaction mechanism on Au(100). Our simulations identify an associative reaction mechanism where adsorbed O2 reacts with water to form hy- droxyls through an *OOH transition state. The reaction pro- ceeds without formation of *O with a low reaction barrier of 0.3 eV. The low barrier agrees with the fast reaction kinetics observed experimentally. The methodology employed in this study can pave the way for modeling complex chemical reac- tions at electrochemical interfaces with an explicit solvent at ambient conditions.",2022-11-29T07:16:13.468Z,10.26434/chemrxiv-2022-b1pt5
143,General Graph Neural Network Based Implicit Solvation Model for Organic Molecules in Water,"The dynamical behavior of small molecules in their environment can be studied with molecular dynamics (MD) simulations to gain deeper insight on an atomic level and thus complement and rationalize the interpretation of experimental findings. Such approaches are of great value in various areas of research, e.g., in the development of new therapeutics. The accurate description of solvation effects in such simulations is thereby key and has in consequence been an active field of research since the introduction of MD. Until today the most accurate approaches involve computationally expensive explicit solvent simulations, while widely applied models using an implicit solvent description suffer from reduced accuracy. Recently, machine learning (ML) approaches that provide a probabilistic representation of solvation effects have been proposed as potential alternatives. However, the associated computational costs and minimal or lacking transferability used to render them unusable in practice. Here, we report the first example of a transferable ML-based implicit solvent model trained on a diverse set of 3’000’000 molecular structures that can be applied to organic small molecules for simulations in water. Extensive testing against reference calculations demonstrated that the model delivers on par accuracy with explicit solvent simulations while providing up to 18-fold increase in sampling rate.",2024-04-08T12:39:12.425Z,10.26434/chemrxiv-2024-z8725
144,Predicting Intermetallic Surface Energies with High-Throughput DFT and Convolutional Neural Networks,"Surface energy of inorganic crystals is crucial in understanding experimentally-relevant surface properties and thus important in designing materials for many applications including catalysis. Predictive methods and datasets exist for surface energies of monometallic crystals but predicting these properties for bimetallic or more complicated surfaces is an open challenge. Here we present a workflow for predicting surface energies \textit{ab initio} using high-throughput DFT and a machine learning framework. We calculate the surface energy of 3,285 intermetallic alloys with combinations of 36 elements and 47 space groups. We used this high-throughput workflow to seed a database of surface energies, which we used to train a crystal graph convolutional neural network (CGCNN). The CGCNN model was able to predict surface energies with a mean absolute test error of 0.0082 eV/angstrom^2 and can qualitatively reproduce nanoparticle surface distributions (Wulff constructions). Our workflow provides quantitative insights into which surfaces are more stable and therefore more realistic. It allows us to down-select interesting candidates that we can study with robust theoretical and experimental methods for applications such as catalysts screening and nanomaterials synthesis.",2019-07-08T13:51:00.000Z,10.26434/chemrxiv.8709566.v1
145,Actionable predictions of human pharmacokinetics at the drug design stage,"We present a novel computational approach for predicting human pharmacokinetics (PK) that addresses the challenges of early-stage drug design. Our study introduces and describes a large-scale dataset of 11 clinical PK endpoints, encompassing over 2700 unique chemical structures to train machine learning models. To that end multiple advanced training strategies are compared, including the integration of in vitro data and a novel self-supervised pre-training task. In addition to the predictions, our final model provides meaningful epistemic uncertainties for every data point. This allows us to successfully identify regions of exceptional predictive performance, with an Absolute Average Fold Error (AAFE/GMFE) of less than 2.5 across multiple endpoints. These advancements represent a significant leap towards actionable PK predictions, which can be utilized early on in the drug design process to expedite development and reduce reliance on nonclinical studies.",2024-03-06T10:19:49.470Z,10.26434/chemrxiv-2024-vgbxq
146,Developing Differentiable Long-Range Force Field for Proteins with E(3) Neural Network Predicted Asymptotic Parameters,"Accurately describing long-range interactions is a significant challenge in molecular dynamics (MD) simulations of proteins. And high-quality long-range potential is also an important component of range-separated machine learning force field. This study introduces a comprehensive asymptotic parameter database, encompassing atomic multipole moments, polarizabilities, and dispersion coefficients. Leveraging active learning, our database comprehensively represents protein fragments with up to 8 heavy atoms, capturing their conformational diversity with merely 78,000 data points. Additionally, E(3) neural network (E3NN) is employed to predict the asymptotic parameters directly from the local geometry. The E3NN models demonstrate exceptional accuracy and transferability across all asymptotic parameters, achieving an R2 of 0.999 for both protein fragments and 20 amino acid dipeptide test sets. The long range electrostatic and dispersion energies can be obtained using the the E3NN-predited parameters, with an error of 0.07 and 0.02 kcal/mol, respectively, when compared to Symmetry-Adapted Perturbation Theory (SAPT). Therefore, our force fields demonstrate the capability to accurately describe long-range interactions in proteins, paving the way for the nextgeneration protein force fields.  ",2024-05-29T12:13:42.729Z,10.26434/chemrxiv-2024-kkb5h-v2
147,AABBA: Atom–Atom Bond–Bond Bond–Atom Graph Kernel for Machine Learning on Molecules and Materials,"Graphs are one of the most natural and powerful representations available for molecules; natural because they have an intuitive correspondence to skeletal formulas, the language used by chemists worldwide, and powerful, because they are highly expressive both globally (molecular topology) and locally (atomic properties). Graph kernels are used to transform molecular graphs into fixed-length vectors, which can be used as fingerprints in machine learning (ML) models. To date, kernels have mostly focused on the atomic nodes of the graph. In this work, we developed an extended graph kernel computing atom–atom, bond–bond, and bond–atom (AABBA) autocorrelations. The resulting AABBA representations were evaluated with a transition metal complex benchmark, motivated by the higher complexity of these compounds relative to organic molecules. In particular, we tested different flavors of the AABBA kernel in the prediction of the energy barriers and bond distances of the Vaska’s complex dataset (Friederich et al., Chem. Sci., 2020, 11, 4584). For a variety of ML models, including neural networks, gradient boosting machines, and Gaussian processes, we showed that AABBA outperforms the baseline including only atom–atom autocorrelations. Dimensionality reduction studies also showed that the bond–bond and bond–atom autocorrelations yield many of the most relevant features. We believe that the AABBA graph kernel can accelerate the discovery of chemical compounds and inspire novel molecular representations in which both atomic and bond properties play an important role.",2023-09-05T11:49:35.883Z,10.26434/chemrxiv-2023-5wbkr
148,"CarbonAI, A Non-Docking Deep learning based small molecule virtual screening platform","Structure-based virtual screening is a promising in silico technique that integrates computational methods into drug discovery. The most extensively used method in structure-based virtual screening is molecular docking. However, the docking process is not computationally efficient and simultaneously accurate due to classic mechanics-based scoring functions. These can only approximate, but not reach, quantum mechanics precision. In order to reduce the computational cost of the protein-ligand scoring process and use data-driven approaches to boost the scoring function accuracy, deep learning non-docking methods can be used by utilizing 3D structure or 1D sequence information of the protein target. This method can minimize the error inherited from molecular docking methods and avoid the extensive computational cost of docking. Furthermore, these two methods are integrated into an easy-to-use framework, CarbonAI, that provides both choices for researchers. Graph neural network (GNN) is employed in the 3D version and BiLSTM has been adopted in the sequence version of CarbonAI, respectively. To verify our approaches, different experiments were performed on two datasets, an open dataset Directory of Useful Decoys: Enhanced (DUD.E) and an in-house proprietary dataset without computer generated artificial decoys (NoDecoy). On DUD.E we achieved a state-of-the-art AUC of 0.981 and on NoDecoy we achieved an AUC of 0.974 whereas on the conventional docking program, the respective AUC performance is less than 0.8. The CarbonAI engine also reaches a state-of-the-art enrichment factor at top 2 percent for 36.2 folds. We have also retrospectively validated the CarbonAI models with various wet lab experimental data, and the results demonstrated a consistently accurate performance. Furthermore, the inference speed of the engine was benchmarked using the openly available 2021 Enamine REAL Database (RDB), that comprises over 1.36 billion molecules in 4050 core-hours using our CarbonAI non-docking method (CarbonAI-ND). The inference speed of CarbonAI-ND is about 36000 molecule per core-hour, compared to typical docking methods' speed of 20, which is about 16000 times faster than conventional docking method. Overall, the experiments indicate that CarbonAI is accurate and computationally efficient with good generalization to different molecular targets for virtual screening. ",2023-03-28T08:37:23.988Z,10.26434/chemrxiv-2022-gk3n6-v2
149,A Comparative Study of Marginalized Graph Kernel and Message Passing Neural Network,"<p>This work proposes a state-of-the-art hybrid kernel to calculate molecular similarity. Combining with Gaussian process models, the performance of the hybrid kernel in predicting molecular properties is comparable to that of the Directed Message Passing Neural Network (D-MPNN). The hybrid kernel consists of a marginalized graph kernel (MGK) and a radial basis function (RBF) kernel that operates on molecular graphs and global molecular features, respectively. Bayesian optimization was used to get the optimal hyperparameters for both models. The comparisons are performed on 11 publicly available data sets. Our results show that the predictions of both models are correlated with similar performance, and the ensemble prediction of both models performs better than either of them. Through principal component analysis, we found that the features extracted by the hybrid kernel are similar to those extracted by D-MPNN. The advantage of D-MPNN lies in computational efficiency, while the advantage of the graph kernel models lies in the inherent uncertainty quantification and accurate uncertainty quantification. All codes for graph kernel machines used in this work can be found at <a href=""https://github.com/Xiangyan93/Chem-Graph-Kernel-Machine"">https://github.com/Xiangyan93/Chem-Graph-Kernel-Machine</a>.</p>",2021-07-21T04:50:01.862Z,10.26434/chemrxiv-2021-c3w1l-v2
150,An Interpretable Machine Learning model for Selectivity of Small Molecules against Homologous Protein Family,"Motivation: The primary goal of drug design is to develop potent small molecules that can inhibit the target protein with high selectivity. In the early stage of drug discovery, various experimental and computational methods are used to measure the target-specificity of small molecules against the target protein of interest. The selectivity of the small molecule remains a challenge, especially when the target protein belongs to a homologous family, which can often lead to off-target side effects. Results: We have developed a multi-task deep learning model for predicting the selectivity of small molecules on the closely related homologs of the target protein. The multi-task model, which can learn from training data of the related tasks has been tested on the Janus kinase (JAK) and dopamine receptor family of proteins. To decipher the model decision on selectivity, the important fragments associated with each homolog protein were identified using SHapley Additive exPlanations (SHAP) method. The performance of the multi-task model was evaluated using various representation of small molecules such as fingerprints (ECFP4) and molecular graph representations. It was observed that the feature-based representation (ECFP4) with the XGBoost performed marginally better when compared to deep neural network models in most of the evaluation metrics. Both the models outperformed the graph-based models. The identification of important fragments associated with each proteins of the homolog family using SHAP method, explains the factors that governed the decision of the multi-task predictive model. The proposed method can be used post hit generation.",2022-01-25T07:48:07.303Z,10.26434/chemrxiv-2022-nzszj-v2
151,Enhancing ADMET Property Models Performance through Combinatorial Fusion Analysis.,"Accurate prediction of Absorption, Distribution, Metabolism, Excretion, and Toxicity(ADMET) properties is crucial for drug discovery and development. However, existing computational models for ADMET predictions often lack generalizability and robustness. In this paper, we deployed a Combinatorial Fusion Analysis (CFA) to enhance the performance of ADMET models. Utilizing ADMET benchmark datasets on Therapeutics Data Commons (TDC), we conduct a comprehensive evaluation against traditional and state-of-the-art models. CFA models show superior performance compared to most of the individual models. The CFA model architecture and the performance of CFA models on TDC and other internal datasets are discussed. This significant enhancement suggests that CFA is a viable tool for improving ADMET model performance, promising faster and more cost-effective drug development pipelines. The code and models trained are available on GitHub at https://github.com/FLIDM/CFA4DD.",2023-11-29T10:25:55.253Z,10.26434/chemrxiv-2023-dh70x
152,Machine Learning Nucleation Collective Variables with Graph Neural Networks,"The efficient calculation of nucleation collective variables (CVs) is one of the main limitations to the application of enhanced sampling methods to the investigation of nucleation processes in realistic environments.  Here we discuss the development of a graph-based model for the approximation of nucleation CVs, which enables orders-of-magnitude gains in computational efficiency in the on-the-fly evaluation of nucleation CVs. By performing simulations on a nucleating colloidal system mimicking a multistep nucleation process from solution, we assess the model's efficiency in both postprocessing and on-the-fly biasing of nucleation trajectories with pulling, umbrella sampling and metadynamics simulations. Moreover, we probe and discuss the transferability of graph-based models of nucleation CVs across systems by using the model of a CV based on sixth-order Steinhardt parameters trained on a colloidal system to drive the nucleation of crystalline copper from its melt. Our approach is general and potentially transferable to more complex systems as well as to different CVs. ",2023-10-06T06:16:22.997Z,10.26434/chemrxiv-2023-l6jjd-v3
153,Predicting Binding from Screening Assays with Transformer Network Embeddings,"Cheminformatics aims to assist in chemistry applications that depend on molecular interactions, structural characteristics, and functional properties. The arrival of deep learning and the abundance of easily accessible chemical data from repositories like PubChem have enabled advancements in computer-aided drug discovery. Virtual High-Throughput Screening (vHTS) is one such technique that integrates chemical domain knowledge to perform in silico biomolecular simulations, but prediction of binding affinity is restricted due to limited availability of ground-truth binding assay results. Here, text representations of 83,000,000 molecules are leveraged to enable single-target binding affinity prediction directly on the outcome of screening assays. The embedding of an end-to-end Transformer neural network, trained to encode the structural characteristics of a molecule via a text-based translation task, is repurposed through transfer learning to classify binding affinity to a single target. Classifiers trained on the embedding outperform those trained on SMILES strings for multiple tasks, receiving between 0.67-0.99 AUC. Visualization reveals organization of structural and functional properties in the learned embedding useful for binding prediction. The proposed model is suitable for parallel computing, enabling rapid screening as a complement to virtual screening techniques when limited data is available.",2020-01-24T21:34:24.000Z,10.26434/chemrxiv.11625885.v1
154,A Perspective on Explanations of Molecular Prediction Models,"Chemists can be skeptical in using deep learning (DL) in decision making, due to the lack of interpretability in ""black-box"" models. Explainable artificial intelligence (XAI) is a branch of AI which addresses this drawback by providing tools to interpret DL models and their predictions. We review the principles of XAI in the domain of chemistry and emerging methods for creating and evaluating explanations. Then we focus methods developed by our group and their application to predicting solubility, blood-brain barrier permeability, and the scent of molecules. We show that XAI methods like chemical counterfactuals and descriptor explanations can both explain DL predictions and give insight into structure-property relationships. Finally, we discuss how a two step process of highly accurate black-box modeling and then creating explanations gives both highly accurate predictions and clear structure-property relationships. ",2022-12-09T07:39:03.438Z,10.26434/chemrxiv-2022-qfv02
155,Transferable Multi-level Attention Neural Network for Accurate Prediction of Quantum Chemistry Properties via Multi-task Learning,"<p></p><p>The development of efficient models for predicting specific properties through machine learning is of great importance for the innovation of chemistry and material science. However, predicting global electronic structure properties like frontier molecular orbital HOMO and LUMO energy levels and their HOMO-LUMO gaps from the small-sized molecule data to larger molecules remains a challenge. Here we develop a multi-level attention neural network, named DeepMoleNet, to enable chemical interpretable insights being fused into multi-task learning through (1) weighting contributions from various atoms and (2) taking the atom-centered symmetry functions (ACSFs) as the teacher descriptor. The efficient prediction of 12 properties including dipole moment, HOMO, and Gibbs free energy within chemical accuracy is achieved by using multiple benchmarks, both at the equilibrium and non-equilibrium geometries, including up to 110,000 records of data in QM9, 400,000 records in MD17 and 280,000 records in ANI-1ccx for random split evaluation. The good transferability for predicting larger molecules outside the training set is demonstrated in both equilibrium QM9 and Alchemy datasets at density functional theory (DFT) level. Additional tests on non-equilibrium molecular conformations from DFT-based MD17 dataset and ANI-1ccx dataset with coupled cluster accuracy as well as the public test sets of singlet fission molecules, biomolecules, long oligomers, and protein with up to 140 atoms show reasonable predictions for thermodynamics and electronic structure properties. The proposed multi-level attention neural network is applicable to high-throughput screening of numerous chemical species in both <a></a><a>equilibrium</a> and <a></a><a></a><a>non-equilibrium</a> molecular spaces to accelerate rational designs of drug-like molecules, material candidates, and chemical reactions.</p><br /><p></p>",2021-02-25T10:52:56.000Z,10.26434/chemrxiv.12588170.v2
156,Epik: pKa and Protonation State Prediction through Machine Learning,"Epik version 7 is a software program that uses machine learning for predicting the pKa values and protonation state distribution of complex, drug-like molecules. Using an ensemble of atomic graph convolutional neural networks (GCNNs) trained on over 42,000  pKa values across broad chemical space from both experimental and computed origins, the model predicts pKa values with 0.42 and 0.72 log unit median absolute and RMS errors, respectively, across seven test sets. Epik version 7 also generates protonation states and recovers 95% of the most populated protonation states compared to previous versions. Requiring on average only 47 ms per ligand, Epik version 7 is rapid and accurate enough to evaluate protonation states for crucial molecules and prepare ultra-large libraries of compounds to explore vast regions of chemical space. The simplicity of and time required for the training allows for the generation of highly accurate models customized to a program’s specific chemistry.",2023-03-27T12:21:13.339Z,10.26434/chemrxiv-2023-c6z8t-v3
157,Superior Prediction of Graphene Nanoflake Properties with Unbiased Graph Embedding,"In order to apply machine learning to study the structure-property relationships of particular nanomaterials domain knowledge is typically required for feature extraction. However, this process may introduce bias if there is a focus on known aspects of structure, impeding the discovery of new science. Here, we develop an approach that uses only atomic Cartesian coordinates to predict the electron affinities, band gap energies, Fermi energies and ionization potentials of simulated graphene nanoflakes from a pubically available data set [1]. The workflow developed represents nanoflakes with graphs that are more representative than the ball-stick atom-bond representation that is intuitive to humans and generates fixed-size embeddings of these graphs using the neural embedding framework graph2vec [2]. Pairing the graph embeddings with a convolutional neural network produced highly accurate predictive models with hold out test set R2 from 0.9 − 0.96 for nanoflakes with a very challenging variation in size from tens to thousands of atoms. These predictions were benchmarked against results for optimised predictive models with geometric domain-driven features [3] exceeded their model accuracy for predictions of Fermi energy, electron affinity and ionisation potential and met their model accuracy for band gap energy.",2023-10-11T12:37:00.255Z,10.26434/chemrxiv-2023-g5ft2
158,QSARtuna: an automated QSAR modelling platform for molecular property prediction in drug design,"Machine-learning (ML) and Deep-Learning (DL) approaches to predict the molecular properties of small molecules are increasingly deployed within the design-make-test-analyse (DMTA) drug design cycle to predict molecular properties of interest. Despite this uptake, there are only a few automated packages to aid their development and deployment that also support uncertainty estimation, model explainability and other key aspects of model usage. This represents a key unmet need within the field and the large number of molecular representations and algorithms (and associated parameters) means it is non-trivial to robustly optimise, evaluate, reproduce, and deploy models. Here we present QSARtuna, a molecule property prediction modelling pipeline, written in Python and utilising the Optuna, Scikit-learn, RDKit and ChemProp packages, which enables the efficient and automated comparison between molecular representations and machine learning models. The platform was developed considering the increasingly important aspect of model uncertainty quantification and explainability by design. We provide details for our framework and provide illustrative examples to demonstrate the capability of the software when applied to simple molecular property, reaction/reactivity prediction and DNA encoded library enrichment analyses. We hope that the release of QSARtuna will further spur innovation in automatic ML modelling and provide a platform for education of best practises in molecular property modelling. The code to the Qptuna framework is made freely available via GitHub.",2024-03-27T12:52:26.044Z,10.26434/chemrxiv-2024-2rlk7-v2
159,Computational Screening of Umami Tastants Using Deep Learning,"Umami, a fundamental human taste modality, refers to the savory flavors in meats and broths, often associated with monosodium glutamate and protein richness. With limited knowledge of umami molecules, the food industry seeks efficient approaches for identifying novel tastants. In this study, we have devised a virtual screening pipeline for identifying potential novel umami tastants from molecular databases. We first curated a comprehensive classification dataset containing 439 umami and 428 non-umami molecules. A transformer-based architecture was trained to differentiate between the two classes, achieving the best performance to date. Additionally, we built a neural network model for predicting the potency of umami compounds, the first effort of its kind. These two models, in conjunction with similarity analysis and toxicity screening, form an end-to-end framework for the rational discovery of novel tastants. We finally applied this framework to the FooDB database as an illustrative use case. This study demonstrates the potential of data-driven methods in predicting the taste of molecules from structural and chemical features.",2024-03-20T13:19:26.168Z,10.26434/chemrxiv-2024-spz16
160,Equivariant Neural Networks Utilizing Molecular Clusters for Accurate Molecular Crystal Binding Energy Predictions,"Equivariant neural networks have emerged as prominent models in advancing the construction of interatomic potentials due to their remarkable data efficiency and generalization capabilities for out-of-distribution data. Here, we expand the utility of these networks to the prediction of crystal structures consisting of organic molecules. Traditional methods for computing crystal structure properties, such as plane-wave quantum chemical methods based on density functional theory (DFT), are prohibitively resource-intensive, often necessitating compromises in accuracy and the choice of exchange-correlation functional. We present an approach that leverages the efficiency, and transferability of equivariant neural networks, specifically Allegro, to predict molecular crystal structure energies at a reduced computational cost. Our neural network is trained on molecular clusters using a highly accurate Gaussian-type orbital (GTO)-based method as the target level of theory, eliminating the need for costly periodic DFT calculations, while providing access to all families of exchange-corelation functionals and post-Hartree Fock methods. The trained model exhibits remarkable accuracy in predicting binding energies, aligning closely with those computed by plane-wave based DFT methods, thus representing significant cost reductions. Furthermore, the Allegro network was seamlessly integrated with the USPEX framework, accelerating the discovery of low-energy crystal structures during crystal structure prediction.",2023-12-01T12:22:58.807Z,10.26434/chemrxiv-2023-vk9gh
161,Data-efficient modeling of catalytic reactions via enhanced sampling and on-the-fly learning of machine learning potentials,"Simulating catalytic reactivity under operative conditions poses a significant challenge due to the dynamic nature of the catalysts and the high computational cost of electronic structure calculations. Machine learning potentials offer a promising avenue to simulate dynamics at a fraction of the cost, but they require datasets containing all relevant configurations, particularly reactive ones. Here we present a scheme to construct reactive potentials in a data-efficient manner. This is achieved by combining enhanced sampling methods first with Gaussian processes to discover transition paths and then with graph neural networks to obtain a uniformly accurate description. The necessary configurations are extracted via an active learning procedure based on local environment uncertainty. We validated our approach by studying several reactions related to the decomposition of ammonia on iron-cobalt alloy catalysts. Our scheme proved efficient, requiring only ~1,000 DFT calculations per reaction, and robust, sampling reactive configurations from the different accessible pathways. Using this potential, we calculated free energy profiles and characterized reaction mechanisms, showing the ability to provide microscopic insights into complex processes under dynamic conditions.",2024-06-06T10:55:25.145Z,10.26434/chemrxiv-2024-nsp7n
162,Multi-Label Classification Models for the Prediction of Cross-Coupling Reaction Conditions,"<div><div><div><p>Machine-learned ranking models have been developed for the prediction of substrate-specific cross-coupling reaction conditions. Datasets of published reactions were curated for Suzuki, Negishi, and C–N couplings, as well as Pauson–Khand reactions. String, descriptor, and graph encodings were tested as input representations, and models were trained to predict the set of conditions used in a reaction as a binary vector. Unique reagent dictionaries categorized by expert-crafted reaction roles were constructed for each dataset, leading to context-aware predictions. We find that relational graph convolutional networks and gradient-boosting machines are very effective for this learning task, and we disclose a novel reaction-level graph-attention operation in the top-performing model.</p></div></div></div>",2020-10-15T10:11:16.000Z,10.26434/chemrxiv.13087769.v1
163,Improving machine learning performance on small chemical reaction data with unsupervised contrastive pretraining,"Machine learning (ML) methods have great potential to transform chemical discovery by accelerating the exploration of chemical space and drawing scientific insights from data. However, modern chemical reaction ML models, such as those based on graph neural networks (GNNs), must be trained on a large amount of labelled data in order to avoid overfitting the data and thus possessing low accuracy and transferability. In this work, we propose a strategy to leverage unlabelled data to learn accurate ML models for small labelled chemical reaction data. We focus on an old and prominent problem—classifying reactions into distinct families—and build a GNN model for this task. We first pretrain the model on unlabelled reaction data using unsupervised contrastive learning and then fine-tune it on a small number of labelled reactions. The contrastive pretraining learns by making the representations of two augmented versions of a reaction similar to each other but distinct from other reactions. We propose chemically consistent reaction augmentation methods that protect the reaction center and find they are the key for the model to extract relevant information from unlabelled data to aid the reaction classification task. The transfer learned model outperforms a supervised model trained from scratch by a large margin. Further, it consistently performs better than models based on traditional rule-driven reaction fingerprints, which have long been the default choice for small datasets. In addition to reaction classification, the effectiveness of the strategy is tested on regression datasets; the learned GNN-based reaction fingerprints can also be used to navigate the chemical reaction space, which we demonstrate by querying for similar reactions. The strategy can be readily applied to other predictive reaction problems to uncover the power of unlabelled data for learning better models with a limited supply of labels.",2022-01-11T12:59:43.163Z,10.26434/chemrxiv-2021-xr8tf-v2
164,"Novel coumarin-nucleobase hybrids with potential anticancer activity: Synthesis, in-vitro cell-based evaluation, and molecular docking","A new series of compounds planned by molecular hybridization of the nucleobases uracil and thymine, or the xanthine theobromine, with coumarins, and linked through 1,2,3-triazole heterocycles were evaluated for their in vitro anticancer activity against the human tumor cell lines: colon carcinoma (HCT116), laryngeal tumor cells (Hep-2), and lung carcinoma cells (A549). The hybrid compound 7a exhibited better activity in the series, showing an IC50 of 24.19 ± 1.39 μM against the HCT116 cells, with a selectivity index (SI) of 6, when compared to the cytotoxicity against the non-tumor cell line HaCat. Molecular docking studies were performed on all active compounds and suggested that the synthesized compounds possess a high affinity to DNA Topoisomerase-1 protein, supporting their antitumor activity. The in silico toxicity prediction studies suggest that the compounds present a low risk of causing theoretical mutagenic and tumorigenic effects. These findings indicate that the molecular hybridization from natural derivative molecules is an interesting approach to seek new antitumor candidates.",2023-05-23T11:17:38.465Z,10.26434/chemrxiv-2023-gqmrq
165,Δ-Quantum machine learning for medicinal chemistry,"Many molecular design tasks benefit from fast and accurate calculations of quantum-mechanical (QM) properties. However, the computational cost of QM methods applied to drug-like molecules currently renders large-scale applications of quantum chemistry challenging. Aiming to mitigate this problem, we developed DelFTa, an open-source toolbox for the prediction of electronic properties of drug-like molecules at the density functional (DFT) level of theory, using Δ-machine-learning. Δ-Learning corrects the prediction error (Δ) of a fast but inaccurate property calculation. DelFTa employs state-of-the-art three-dimensional message-passing neural networks trained on a large dataset of QM properties. It provides access to a wide array of quantum observables on the molecular, atomic and bond levels by predicting approximations to DFT values from a low-cost semiempirical baseline. Δ-Learning outperformed its direct-learning counterpart for most of the considered QM endpoints. The results suggest that predictions for non-covalent intra- and intermolecular interactions can be extrapolated to larger biomolecular systems. The software is fully open-sourced and features documented command-line and Python APIs.",2021-12-20T10:59:19.056Z,10.26434/chemrxiv-2021-fz6v7-v2
166,Molecular docking and ADMET based study to identify potential phytochemical inhibitors for papain-like protease of SARS-CoV-2,"The severe acute respiratory syndrome coronavirus 2 (SARS-CoV-2) is the causative pathogen for the novel COVID-19 disease. SARS-CoV-2 papain-like protease (PLpro) is responsible for viral replication and host innate immunity suppression. Thus, this study aimed to explore potential phytochemical inhibitors against this dual therapeutic target using virtual screening methods. Thirty-one phytochemicals with reported anti-SARS-CoV-1 PLpro activity were used to construct the phytochemical library along with two positive controls. Molecular docking using AutoDock 4.2 was employed to calculate binding affinity and inhibition constant of each compound within the S3/S4 binding pocket of SARS-CoV-2 PLpro. Based on the docking results, twelve compounds were subjected to non-covalent interaction analysis utilizing the Discovery Studio Visualizer software. Further, their physicochemical, pharmacokinetics and toxicity descriptors were evaluated using molinspiration and pkCSM web servers, respectively. Hirsutenone from Alnus japonica and broussoflavan A from Broussonetia papyrifera, displayed the strongest binding affinity (-8.23 kcal/mol and -8.13 kcal/mol), lowest inhibition constant (920.39 nM and 1.1 μM) and highest ligand efficiency (0.34 and 0.26) among all phytochemicals towards the binding pocket of SARS-CoV-2 PLpro, demonstrating superiority to PLpro inhibitors, 3k and GRL0617 which were used as positive controls. Additionally, hirsutenone, broussoflavan A and broussochalcone A (from Broussonetia papyrifera) possessed favorable physicochemical properties for oral drug development, satisfying Lipinski’s and Veber’s rules. Furthermore, in silico pharmacokinetics and toxicity predictions revealed that the three aforementioned phytochemicals are water soluble, non-mutagenic, non-hepatotoxic and biologically safe. Hence these lead compounds might be exploited to accelerate the drug discovery process against the ongoing COVID-19 infection.",2021-08-17T13:21:00.770Z,10.26434/chemrxiv-2021-5j78t
167,Interpretable deep-learning pKa prediction for small molecule drugs via atomic sensitivity analysis,"Machine learning (ML) models play a crucial role in predicting properties essential to drug development, such as a drug’s logscale acid-dissociation constant (pKa). Despite recent architectural advances, these models often generalize poorly to novel compounds due to a scarcity of ground-truth data. Further, these models lack interpretability, in part due to a dependence on explicit encodings of input molecules’ molecular substructures. To this end, atomic-resolution information is accessible in chemical structures by observing model response to atomic perturbations of an input molecule; however, no methods exist that systematically utilize this information for model and molecular analysis. Here, we present BCL-XpKa, a substructure-independent, deep neural network (DNN)-based pKa predictor that generalizes well to novel small molecules. BCL-XpKa discretizes pKa prediction from a regression problem into a multitask-classification problem, which accumulates data for prediction at biologically relevant pH values and records the model’s uncertainty in its prediction as a discrete distribution for each pKa prediction. BCL-XpKa outperforms modern ML pKa predictors and accurately models the effects of common molecular modifications on a molecule’s ionizability. We then leverage BCL-XpKa’s substructure independence to introduce atomic sensitivity analysis (ASA), which quickly decomposes a molecule’s predicted pKa value into its respective atomic contributions without model retraining. When paired with BCL-XpKa, ASA informs that BCL-XpKa has implicitly learned high-resolution information about molecular substructures. We further demonstrate ASA’s utility in structure preparation for protein-ligand docking by identifying ionization sites in 97.8% and 83.4% of complex small molecule acids and bases. We then apply ASA with BCL-XpKa to understand the physicochemical liabilities and guide optimization of a recently published KRAS-degrading PROTAC.",2024-06-12T10:45:36.972Z,10.26434/chemrxiv-2024-hr692
168,Towards predictive design of electrolyte solutions by accelerating ab initio simulation with neural networks.   ,"Electrolyte solutions play a vital role in a vast range of important materials chemistry applications. For example, they are a crucial component in batteries, fuel cells, supercapacitors, electrolysis and carbon dioxide conversion/capture. Unfortunately, the determination of even their most basic properties from first principles remains an unsolved problem. As a result, the discovery and optimisation of electrolyte solutions for these applications largely relies on chemical intuition, experimental trial and error or empirical models. The challenge is that the dynamic nature of liquid electrolyte solutions require long simulation times to generate trajectories that sufficiently sample the configuration space; the long range electrostatic interactions require large system sizes; while the short range quantum mechanical (QM) interactions require an accurate level of theory. Fortunately, recent advances in the field of deep learning, specifically neural network potentials (NNPs), can enable significant accelerations in sampling the configuration space of electrolyte solutions. Here, we outline the implications of these recent advances for the field of materials chemistry and identify outstanding challenges and potential solutions.",2022-08-02T12:17:06.319Z,10.26434/chemrxiv-2022-5tlrz
169,Stereoelectronics-Aware Molecular Representation Learning,"The representation of molecular structures is crucial for molecular machine learning strategies. Although graph representations are highly versatile and show their broad applicability, they lack information about the quantum-chemical properties of molecular structures. This work proposes a new way to infuse such information into molecular graphs, using a supervised learning method. As a result, the model is able to predict essential higher-order interactions between electron-rich and electron-deficient localized orbitals. The learned interactions are then used as a representation for the prediction of downstream tasks, improving over QM9 baselines.",2022-07-19T12:49:17.597Z,10.26434/chemrxiv-2022-nz4pc
170,Multitask Prediction of Site Selectivity in Aromatic C-H Functionalization Reactions,"Aromatic C-H functionalization reactions are an important part of the synthetic chemistry toolbox. Accurate prediction of site selectivity can be crucial for prioritizing target compounds and synthetic routes in both drug discovery and process chemistry. However, selectivity may be highly dependent on subtle electronic and steric features of the substrate. We report a generalizable approach to prediction of site selectivity that is accomplished using a graph-convolutional neural network for the multitask prediction of 123 C-H functionalization tasks. In an 80/10/10 training/validation/testing pseudo-time split of about 58,000 aromatic C-H functionalization reactions from the Reaxys database, the model achieves a mean reciprocal rank of 92%. Once trained, inference requires approximately 200 ms per compound to provide quantitative likelihood scores for each task. This approach and model allow a chemist to quickly determine which C-H functionalization reactions-if any-might proceed with high selectivity.",2019-08-28T17:48:08.000Z,10.26434/chemrxiv.9735599.v1
171,Why Deep Models Often Cannot Beat Non-deep Counterparts on Molecular Property Prediction?,"Molecular property prediction (MPP) is a crucial task in the drug discovery pipeline, which has recently gained considerable attention thanks to advances in deep neural networks. However, recent research has revealed that deep models struggle to beat traditional non-deep ones on MPP. In this study, we benchmark 12 representative models (3 non-deep models and 9 deep models) on 14 molecule datasets. Through the most comprehensive study to date, we make the following key observations: \textbf{(\romannumeral 1)} Deep models are generally unable to outperform non-deep ones; \textbf{(\romannumeral 2)} The failure of deep models on MPP cannot be solely attributed to the small size of molecular datasets. What matters is the irregular molecule data pattern; \textbf{(\romannumeral 3)} In particular, tree models using molecular fingerprints as inputs tend to perform better than other competitors. Furthermore, we conduct extensive empirical investigations into the unique patterns of molecule data and inductive biases of various models underlying these phenomena.",2023-07-03T10:01:16.207Z,10.26434/chemrxiv-2023-xl49v-v3
172,Drug-target affinity prediction using applicability domain based on data density,"In the pursuit of research and development of drug discovery, the computational prediction of the target affinity of a drug candidate is useful for screening compounds at an early stage and for verifying the binding potential to an unknown target. The chemogenomics-based method has attracted increased attention as it integrates information pertaining to the drug and target to predict drug-target affinity (DTA). However, the compound and target spaces are vast, and without sufficient training data, proper DTA prediction is not possible. If a DTA prediction is made in this situation, it will potentially lead to false predictions. In this study, we propose a DTA prediction method that can advise whether/when there are insufficient samples in the compound/target spaces based on the concept of the applicability domain (AD) and the data density of the training dataset. AD indicates a data region in which a machine learning model can make reliable predictions. By preclassifying the samples to be predicted by the constructed AD into those within (In-AD) and those outside the AD (Out-AD), we can determine whether a reasonable prediction can be made for these samples. The results of the evaluation experiments based on the use of three different public datasets showed that the AD constructed by the k-nearest neighbor (k-NN) method worked well, i.e., the prediction accuracy of the samples classified by the AD as Out-AD was low, while the prediction accuracy of the samples classified by the AD as In-AD was high.",2021-08-06T06:39:58.424Z,10.26434/chemrxiv-2021-hp2p9-v2
173,Advancing Vapor Pressure Prediction: A Machine Learning Approach with Directed Message Passing Neural Networks,"The knowledge vapor pressure of a chemical as a function of temperatures is important in many chemical and environmental engineering applications. This study introduces a novel approach utilizing a machine learning model based on the directed message passing neural network (D-MPNN) architecture to predict the vapor pressure of organic molecules over a broad temperature spectrum. We investigate various strategies for incorporating temperature effects into our models, a key factor for accurate vapor pressure predictions. Our results show that the D-MPNN model markedly surpasses the traditional PR + COSMOSAC method, achieving a significantly lower average absolute relative deviation (AARD) of 0.617 (from D-MPNN vs. 1.36 from PR + COSMOSAC) for an extensive dataset of 19,081 molecules. This improvement is notable as it does not require additional critical property measurements or quantum mechanical calculations for the molecules. This study underscores the potential of machine learning to accurately capture complex molecular features for reliable vapor pressure prediction, presenting a robust alternative to traditional methods dependent on critical property data or quantum mechanical calculations. This breakthrough is especially advantageous for assessing the properties of a novel or under-characterized chemical species.",2024-03-15T13:15:47.827Z,10.26434/chemrxiv-2024-nmnlk
174,Machine Learning of Reaction Properties via Learned Representations of the Condensed Graph of Reaction,"The estimation of chemical reaction properties such as activation energies, rates or yields is a central topic of computational chemistry. In contrast to molecular properties, where machine learning approaches such as graph convolutional neural networks (GCNNs) have excelled for a wide variety of tasks, no general and transferable adaptations of GCNNs for reactions have been developed yet. We therefore combined a popular cheminformatics reaction representation, the so-called condensed graph of reaction (CGR), with a recent GCNN architecture to arrive at a versatile, robust and compact deep learning model. The CGR is a superposition of the reactant and product graphs of a chemical reaction, and thus an ideal input for graph-based machine learning approaches. The model learns to create a data-driven, task dependent reaction embedding that does not rely on expert knowledge, similar to current molecular GCNNs. Our approach outperforms current state-of-the-art models in accuracy, is applicable even to imbalanced reactions and possesses excellent predictive capabilities for diverse target properties, such as activation energies, reaction enthalpies, rate constants, yields or reaction classes. We furthermore curated a large set of atom-mapped reactions along with their target properties, which can serve as benchmark datasets for future work. All datasets and the developed reaction GCNN model are available online, free of charge and open-source.",2021-10-29T10:57:48.542Z,10.26434/chemrxiv-2021-frfhz-v2
175,Transferable Machine Learning Interatomic Potential for Bond Dissociation Energy Prediction of Drug-like Molecules,"We present a transferable MACE interatomic potential that is applicable to open- and closed-shell drug-like molecules containing hydrogen, carbon, and oxygen atoms. Including an accurate description of radical species extends the scope of possible applications to bond dissociation energy prediction, for example, in the context of cytochrome P450 (CYP) metabolism. The transferability of the MACE potential was validated on the COMP6 dataset, containing only closed-shell molecules, where it reaches better accuracy than the readily available general ANI-2x potential. MACE achieves similar accuracy on two CYP metabolism-specific datasets, which include open- and closed-shell structures. This model enables us to calculate the aliphatic C-H bond dissociation energy (BDE), which allows us to compare reaction energies of hydrogen abstraction, which is the rate-limiting step of the aliphatic hydroxylation reaction catalysed by CYPs. On the “CYP 3A4” dataset, MACE achieves a BDE RMSE of 1.37 kcal/mol and better prediction of BDE ranks than alternatives - the semi-empirical AM1 and GFN2-xTB methods and the ALFABET model by St. John et al.1 that predicts bond dissociation enthalpies. Finally, we highlight the smoothness of the MACE potential over paths of sp3C-H bond elongation and show that a minimal extension is enough for the MACE model to start finding reasonable minimum energy paths of methoxy radical-mediated hydrogen abstraction. Altogether, this work lays the ground for further extensions of scope in terms of chemical elements, (CYP-mediated) reaction classes and modelling the full reaction paths, not only bond dissociation energies. ",2023-12-13T10:33:17.532Z,10.26434/chemrxiv-2023-l85nf-v2
176,Denoising Drug Discovery Data for Improved ADMET Property Prediction,"Predicting ADMET (absorption, distribution, metabolism, excretion, and toxicity) properties of small molecules is a key task in drug discovery. A major challenge in building better ADMET models is the experimental error inherent in the data. Furthermore, ADMET predictors are typically regression tasks due to the continuous nature of the data. This makes it difficult to apply existing methods as most focus on classification tasks. Here, we develop denoising schemes based on deep learning to address this. We find that the training error can be used to identify the noise in regression tasks while ensemble-based and forgotten event-based metrics fail to detect the noise. The most significant performance increase occurs when the original model is finetuned with the denoised data using training error as the noise detection metric. Our method has the ability to improve models with medium noise and does not degrade the performance of models with noise outside this range. To our knowledge, our denoising scheme is the first to improve model performance for ADMET data and has implications for improving models for experimental assay data in general. ",2024-04-22T12:54:52.665Z,10.26434/chemrxiv-2024-v4jvc
177,Predicting quantum-accurate electron densities for DNA with equivariant neural networks,"One of the fundamental limitations of accurately modeling biomolecules like DNA is the inability to perform quantum chemistry calculations on large molecular structures. We present a machine learning model based on an equivariant Euclidean Neural Network framework to obtain quantum-accurate electron densities for arbitrary DNA structures that are much too large for conventional quantum methods. The model is trained on representative B-DNA base pair steps that capture both base pairing and base stacking interactions. The model produces accurate electron densities for arbitrary B-DNA structures with typical errors of less than 1%. Crucially, the error does not increase with system size, which suggests that the model can extrapolate to large DNA structures with negligible loss of accuracy. The model also generalizes well to other DNA structural motifs such as the A- and Z-DNA forms, despite being trained on only B-DNA configurations. We show that this machine learning electron density model can be used to calculate electrostatic potentials of DNA with quantum accuracy. These electrostatic potentials produce more accurate results compared to classical force fields and do not show the usual deficiencies at short range. Lastly, the model is used to calculate electron densities of several large-scale DNA structures, and we show that the computational scaling for this model is linear.",2022-03-10T09:08:20.837Z,10.26434/chemrxiv-2022-pmrg8
178,Direction-based Graph Representation to Accelerate Stable Catalysts Discovery,"To realize renewable and sustainable energy cycle, there has been a lot of effort put into discovering catalysts with desired properties from a large chemical space. To achieve this goal, several screening strategies have been proposed, most of which require validation of thermodynamic stability and synthesizability of candidate materials via computationally intensive quantum chemistry or solid-state physics calculations. This problem can be overcome by reducing the number of calculations through machine learning methods, which predict target properties using unrelaxed crystal structures as inputs. However, numerical input representations of most of the previous models are based on either too specific (e.g., atomic coordinates) or too ambiguous (e.g., stoichiometry) information, practically inapplicable to energy prediction of unrelaxed initial structures. In this work, we develop direction-based crystal graph convolutional neural network (D-CGCNN) with the highest accuracy toward formation energy predictions of the relaxed structures using the initial structures as inputs. By comparing with other approaches, we revealed correlations between crystal graph similarities and model performances, elucidating the origin of the improved accuracy of our model. We applied this model to the on-going high-throughput virtual screening project, where the model discovered 1,725 stable materials from 15,318 unrelaxed structures by performing 3,966 structure optimizations (~25 %).",2022-09-30T14:06:50.405Z,10.26434/chemrxiv-2022-dp58c
179,Physics-Inspired Machine Learning of Localized Intensive Properties,"Machine learning (ML) has been widely applied to chemical property prediction, most prominently for the energies and forces in molecules and materials. The strong interest in predicting energies in particular has led to a local energy-based paradigm for modern atomistic ML models, which ensures size-extensivity and a linear scaling of computational cost with system size. However, many electronic properties (such as excitation energies or ionization energies) do not necessarily scale linearly with system size and may even be spatially localized. Using size-extensive models in these cases can lead to large errors. In this work, we explore different strategies for learning intensive and localized properties, using HOMO energies in organic molecules as a representative test case. In particular, we analyze the pooling functions that atomistic neural networks use to predict molecular properties, and suggest an orbital weighted average (OWA) approach that enables the accurate prediction of orbital energies and locations. ",2023-02-21T05:44:14.662Z,10.26434/chemrxiv-2023-h9qdj
180,De novo drug design using reinforcement learning with graph-based deep generative models,"Machine learning methods have proven to be effective tools for molecular design, allowing for efficient exploration of the vast chemical space via deep molecular generative models. Here, we propose a graph-based deep generative model for de novo molecular design using reinforcement learning. We demonstrate how the reinforcement learning framework can successfully fine-tune the generative model towards molecules with various desired sets of properties, even when few molecules have the goal attributes initially. We explored the following tasks: decreasing/increasing the size of generated molecules, increasing their drug-likeness, and increasing protein-binding activity. Using our model, we are able to generate 95% predicted active compounds for a common benchmarking task, outperforming previously reported methods on this metric.",2021-07-26T13:02:31.246Z,10.26434/chemrxiv-2021-9w3tc
181,"Machine Learning in Prediction of Intrinsic Aqueous Solubility of Drug-like Compounds: Generalization, Complexity or Predictive Ability?","<div>Here, we present a collection of publicly available<br />intrinsic aqueous solubility data of 829 drug-like<br />compounds. Four different machine learning algorithms<br />(random forest, light GBM, partial least squares and<br />LASSO) coupled with multi-stage permutation<br />importance for feature selection and Bayesian hyperparameter optimization were employed for the<br />prediction of solubility based on chemical structural<br />information. Our results have shown that LASSO<br />yielded the best predictive ability on an external test set<br />with and RMSE(test) of 0.70 log points and 105 features<br />in the model. Taking into account the number of<br />descriptors as well, an RF model achieved the best<br />balance between complexity and predictive ability with<br />an RMSE(test) of 0.72 with only 17 features. We<br />propose a ranking score for choosing the best model, as<br />test set performance is only one of the factors in creating<br />an applicable model. The ranking score is a weighted<br />combination of generalization, number of features<br />involved and test set performance  <br /></div><div><br /></div><div><br /></div><div><br /></div><div>The data related to this paper can be downloaded from 10.5281/zenodo.3968754</div>",2020-08-04T09:47:12.000Z,10.26434/chemrxiv.12746948.v1
182,Predicting the price of molecules using their predicted synthetic pathways,"Currently, numerous metrics allow chemists and computational chemists to refine and filter libraries of virtual molecules in order to prioritize their synthesis. Some of the most commonly used metrics and models are QSAR models, docking scores, diverse druggability metrics, and synthetic feasibility scores to name only a few. Among the known metrics, a function which estimates the price of a novel virtual molecule and which takes into account the availability and price of starting materials has never been considered before. Being able to make such a prediction could improve and accelerate the decision-making process related to the cost-of-goods. Taking advantage of recent advances in the field of Computer Aided Synthetic Planning (CASP), we decided to investigate if the predicted retrosynthetic pathways of a given molecule and the prices of its associated starting materials could be good features to predict the price of that compound. In this work, we present a deep learning model, RetroPriceNet, that predicts the price of molecules using their predicted synthetic pathways. On a holdout test set, the model achieves better performance than the state-of-the-art model. The developed approach takes into account the synthetic feasibility of molecules and the availability and prices of the starting materials. ",2024-02-07T13:06:10.139Z,10.26434/chemrxiv-2024-8wcfp
183,Fast Predictions of Liquid-Phase Acid-Catalyzed Reaction Rates Using Molecular Dynamics Simulations and Convolutional Neural Networks,"The rates of liquid-phase, acid-catalyzed reactions relevant to the upgrading of biomass into high-value chemicals are highly sensitive to solvent composition and identifying suitable solvent mixtures is theoretically and experimentally challenging. We show that the atomistic configurations of reactant-solvent environments generated by classical molecular dynamics simulations can be exploited by 3D convolutional neural networks to enable fast predictions of Brønsted acid-catalyzed reaction rates for model biomass compounds. We develop a computational implementation, which we call SolventNet, and train it using experimental reaction data for seven biomass-derived oxygenates in water-cosolvent mixtures. We show that SolventNet can predict reaction rates for additional reactants and solvent systems an order of magnitude faster than prior simulation methods. This combination of machine learning with molecular dynamics enables the rapid screening of solvent systems and identification of improved biomass conversion conditions.",2020-05-04T06:06:06.000Z,10.26434/chemrxiv.11299121.v2
184,A Unified System for Molecular Property Predictions: Oloren ChemEngine and its Applications,"Molecular property predictors form the core of any AI-enabled drug discovery strategy. In recent years, there has been significant research in this area, resulting in the development of powerful predictors and representations. However, these diverse predictors have different software interfaces, dependencies, and levels of documentation. Due to lack of a unified API for molecular property prediction, an AI-enabled drug discovery endeavor often necessitates a tangled web of scripts, notebooks, and configuration. This makes it is needlessly difficult to share, distribute, and manage predictors, to ensemble predictors together, and to provide universal AI explainability tools. To this end, we present Oloren ChemEngine (OCE), an open-source Python library with a unified API for molecular property predictors with simplified model management and reproducibility. Using OCE, we create models which achieve superior performance on ADME/Tox prediction tasks by ensembling and integrating many different molecular property prediction methods. We include model-agnostic uncertainty quantification using calibrated confidence intervals and probabilities as well as interpretability using counterfactual methods.",2022-10-20T11:10:34.863Z,10.26434/chemrxiv-2022-zz776
185,Deep Scaffold Hopping with Multi-modal Transformer Neural Networks,"<p>Scaffold hopping, aiming to identify molecules with novel scaffolds but share a similar target biological activity toward known hit molecules, has always been a topic of interest in rational drug design. Computer-aided scaffold hopping would be a valuable tool but at present it suffers from limited search space and incomplete expert-defined rules and thus provides results of unsatisfactory quality. To addree the issue, we describe a fully data-driven model that learns to perform target-centric scaffold hopping tasks. Our deep multi-modal model, DeepHop, accepts a hit molecule and an interest target protein sequence as inputs and design bioisosteric molecular structures to the target compound. The model was trained on 50K experimental scaffold hopping pairs curated from the public bioactivity database, which spans 40 kinases commonly investigated by medicinal chemists. Extensive experiments demonstrated that DeepHop could design more than 70% molecules with improved bioactivity, high 3D similarity, while low 2D scaffold similarity to the template molecules. Our method achieves 2.2 times larger efficiency than state-of-the-art deep learning methods and 4.7 times than rule-based methods. Case studies have also shown the advantages and usefulness of DeepHop in practical scaffold hopping scenario. </p>",2020-09-28T11:57:28.000Z,10.26434/chemrxiv.13011767.v1
186,Re-Designing Hazardous Chemicals with Target-Specific Toxicities by Learning from Structure-Based Drug Design,"Chemicals are the basis of our society and economy, yet many existing chemicals are known to have unintended adverse effects on human and environmental health. Testing all existing and new chemicals on animals is both economically and ethically unfeasible. In this paper, a new in silico framework is presented that affords redesign of existing hazardous chemicals in commerce based on specific molecular initiating events in their adverse outcomes pathways. Our approach is based on a successful methodology implemented in computational drug discovery, and promises to dramatically lower costs associated with new chemical development by synergistically addressing chemical function and safety at the design stage.   <br />",2018-08-24T14:07:09.000Z,10.26434/chemrxiv.7001054.v2
187,Application of Modern Intelligent Algorithms in Retrosynthesis Prediction,"In recent years, with the rapid advance of computer science, various modern intelligent algorithms have successively emerged. Transformer, based on multi-head attention mechanism, is one of the most favored AI models among in this century. The introduction of these algorithms leads to dramatic progress in retrosynthesis prediction. Unlike conventional retrosynthesis prediction models, retrosynthesis prediction based on intelligent algorithms can automatically extract chemistry knowledge from chemical reaction datasets to predict retrosynthesis routes. In this review, we provide a comprehensive overview of retrosynthesis prediction based on modern intelligent algorithms, particularly artificial intelligence algorithm. After introducing the related deep learning model, the existing chemical reaction datasets and molecular representations are presented. Subsequently, the current state-of-the art of AI-assisted retrosynthesis prediction models in recent years is discussed, including template-based models, template-free models, and semi-template-based models. Additionally, we conclude by comparing retrosynthesis prediction models across different categorizations. Finally, several challenges and limitations of these current methods are summarized, with a view to promising directions for future research.",2024-05-08T11:56:06.698Z,10.26434/chemrxiv-2024-jk7db
188,Composite Machine Learning Strategy for Natural Products Taxonomical Classification and Structural Insights,"Taxonomical classification of natural products (NPs) can facilitate bioprospecting efforts, aid genomic and phylogenetic analysis of source organisms, and support sustainable biosynthesis of novel drugs using NPs as building blocks. In this work, a composite machine learning strategy merging graph convolutional neural networks (GCNN), feed forward neural networks (FFN), and support vector machines (SVM) is proposed and illustrated for the taxonomical classification of NPs within five kingdoms (animal, bacteria, chromista, fungi, and plant). Our composite model trained on 133,092 NPs from the LOTUS database demonstrated a five-fold cross validated classification accuracy of 97.1%. When employed to classify NPs beyond its training set from the NP Atlas database, accuracies of 83.2% for bacteria and 86.5% for fungi were obtained. Dimensionality reduced representations of the molecular embeddings from our composite model revealed well-separated clusters of NPs that are the basis for superior classification. The top critical substructures from the NPs of each kingdom were also identified and compared to provide insights on NP structure-taxonomy relationships. Overall, this study demonstrates the potential of composite machine learning models for NP taxonomical classification and to shed light on the underlying structural reasons for such classification assignments.",2024-06-13T12:43:07.350Z,10.26434/chemrxiv-2024-27pm8
189,Learning RMSD to Improve Protein-Ligand Scoring and Pose Selection,"Docking algorithms are an essential part of the Structure Based Drug Design (SBDD) process as they aim to effectively identify the binding poses of chemical structures at the target site. These algorithms are reliant on scoring functions that evaluate the binding ability of a ligand conformation. Typically, scoring functions are designed to predict the binding affinity of various poses at the target site. In this work, we design a novel approach where the scoring function attempts to predict the Root Mean Square Deviation (RMSD) of a pose to the true binding pose. We show that a Convolutional Neural Network (CNN) can be trained to learn these RMSD values with high correlation between predicted and experimental values. Furthermore we show that this scoring function can improve pose selection performance when used in combination with orthogonal scoring functions like Autodock Vina.",2020-03-03T07:20:45.000Z,10.26434/chemrxiv.11910870.v2
190,TRACER: Molecular Optimization Using Conditional Transformer for Reaction-Aware Compound Exploration with Reinforcement Learning,"Designing molecules with desirable properties is a critical endeavor in drug discovery. Because of recent advances in deep learning, molecular generative models have been developed. However, existing compound exploration models often disregard the important issue of ensuring the feasibility of organic synthesis. To address this issue, we propose TRACER (molecular optimization using a conditional Transformer for reaction-aware compound exploration with reinforcement learning); this is a framework that integrates the optimization of molecular properties with the generation of synthetic pathways. At the core of TRACER is a conditional Transformer model trained on a dataset of chemical reactions. The model can predict the product from a given reactant under the constraints of a reaction type specified by a graph convolutional network. The results of molecular optimization on an activity prediction model targeting the dopamine receptor D2 showed that TRACER effectively generated compounds exhibiting high scores. The Transformer model, which recognizes the entire structure, captures the complexity of the organic synthesis and enables its navigation in the vast chemical space, with consideration of the real-world reactivity constraints.  The source code of TRACER, the activity prediction model, and the curated dataset are available in our public repository at https://github.com/sekijima-lab/TRACER.",2024-06-03T12:04:34.056Z,10.26434/chemrxiv-2024-s8mlj
191,Repurposing Quantum Chemical Descriptor Datasets for on-the-Fly Generation of Informative Reaction Representations: Application to Hydrogen Atom Transfer Reactions,"In this work, we explore how existing datasets of quantum chemical properties can be repurposed to build data-efficient downstream machine learning models, with a particular focus on predicting the activation energy of hydrogen atom transfer (HAT) reactions. Starting from a valence bond (VB) analysis of a generic HAT process, a set of informative descriptors is identified. Next, a surrogate neural network model is constructed to predict an informative representation, based on the identified VB descriptors, with the help of a publicly available dataset of (pre-computed) quantum chemical properties of organic radicals. We demonstrate that coupling the resulting on-the-fly informative representation to a secondary machine-learning model for activation energy prediction outperforms various predictive model architectures starting from conventional machine-learning inputs by a wide margin, at no additional computational cost. As a bonus, by basing their final predictions on physically meaningful descriptors, our models become inherently interpretable. Finally, because of the extreme data efficiency of our descriptor-augmented models, we are able to fine-tune and apply them to small datasets across various reaction conditions, settings and application domains, ranging from regular (liquid phase) synthesis, over metabolism and drug design, to atmospheric chemistry.",2023-12-07T11:21:15.517Z,10.26434/chemrxiv-2023-2n281
192,Improved Selection of Rare Reactions in Template-Based Retrosynthesis Predictions," Identifying synthetic routes for molecules of interest is a crucial step when discovering new drugs or materials. To find synthetic routes, we can use computer-assisted synthesis planning using expansion policy networks trained on reaction templates extracted from patents and the literature. However, experience has shown that these networks are biased towards frequently reported reactions. This study shows that changing the molecular representation from an extended-connectivity fingerprint to a simple graph representation can increase the accuracy for templates used less than five times by 5.0- 8.5% points. We also illustrate that a simple oversampling of the training set yielded a top-1 accuracy increase in the 17-20% point range for templates used five times or less.",2021-12-21T04:18:37.796Z,10.26434/chemrxiv-2021-9fgtl
193,Natural Product Scores and Fingerprints Extracted from Artificial Neural Networks.,"Due to their desirable properties, natural products are an important ligand class for medicinal chemists. However, due to their structural distinctiveness, traditional cheminformatic approaches, like ligand-based virtual screening, often perform worse for natural products. Based on our recent work, we evaluated the ability of neural networks to generate fingerprints more appropriate for use with natural products. A manually curated dataset of natural products and synthetic decoys was used to train a multilayer perceptron network and an autoencoder-like network. In-depth analysis showed that the extracted natural product-specific neural fingerprint outperforms traditional as well as natural product-specific fingerprints on three datasets. Further, we explored how the activations from the output layer of a network can work as a novel natural product likeness score. Overall, two natural product-specific datasets were generated, which are publicly available together with the code to create the fingerprints and the novel natural product likeness score.",2021-07-26T11:20:45.391Z,10.26434/chemrxiv-2021-p5vl3-v2
194,Unveiling Encrypted Antimicrobial Peptides from Cephalopods' Salivary Glands: A Proteolysis-Driven Virtual Approach,"Antimicrobial peptides (AMPs), with their versatile actions, offer promise against antimicrobial resistance and as templates for novel therapeutic agents. While existing AMP databases primarily feature AMPs from terrestrial eukaryotes, marine sources are gaining attention, with cephalopods emerging as a promising but still underexplored source. This study unveils the potential reservoir of AMPs encrypted within the proteome of cephalopods’ salivary glands using in silico proteolysis. A composite protein database comprising canonical and non-canonical proteins from cephalopods' salivary apparatus was used as the substrate for five proteases involved in three digestion protocols. The resulting millions of peptides were screened using machine learning, deep learning, multi-query similarity-based models, and complex networks. The screening prioritizes antimicrobial activity, the absence of haemolytic and toxic attributes, and structural distinctiveness compared to characterized AMPs. Diverse publicly accessible AMP datasets are produced, catering to various research needs, ranging from those focused solely on antimicrobial activity to refined datasets of non-haemolytic and non-toxic AMPs. Comparative analyses and network science principles were applied to identify singular and representative subsets from non-haemolytic and non-toxic AMPs. All these sets of AMPs and the proposed mining tools serve as valuable assets for peptide drug developers.",2023-12-12T12:48:40.724Z,10.26434/chemrxiv-2023-rqqqb
195,Modeling Physico-Chemical ADMET Endpoints With Multitask Graph Convolutional Networks,"Simple physico-chemical properties like logD, solubility or serum albumin binding have a direct impact on the likelihood of success of compounds in clinical trials. Here, we collected all the Bayer in house data related to these properties and applied machine learning techniques to predict them for new compounds. We report that, for the endpoints studied here, a multitask graph convolutional network appears a highly competitive choice. The new model shows increased predictive performance on all endpoints compared to previous modeling methods.<br />",2019-08-02T16:08:13.000Z,10.26434/chemrxiv.9205853.v1
196,Advancing Force Fields Parameterization: A Directed Graph Attention Networks Approach,"Force Fields (FFs) are an established tool for simulating large and complex molecular systems. However, parametrizing FFs is a challenging and time-consuming task that relies on empirical heuristics, experimental data, and computational data. Recent efforts aim to automate the assignment of FF parameters using pre-existing databases and on-the-fly ab-initio data. In this study, we propose a Graph-Based Force Fields (GB-FFs) model to directly derive parameters for the Generalized Amber Force Field (GAFF) from chemical environments and research into the influence of functional forms. Our end-to-end parameterization approach eliminates the need for expert-defined procedures and enhances the accuracy and transferability of GAFF across a broader range of molecular complexes. The GB-FFs model, which is only grounded on ab initio data, is implemented in the highly parallel Tinker-HP GPU package. Simulation results are compared to the original GAFF parameterization and validated on various experimentally and computationally derived properties, including free energies.",2024-05-27T08:23:32.631Z,10.26434/chemrxiv-2023-nz8hc-v2
197,An Analysis of Proteochemometric and Conformal Prediction Machine Learning Protein-Ligand Binding Affinity Models,"<div><div><div><p>Protein-ligand binding affinity is a key pharmacodynamic endpoint in drug discovery. Sole reliance on experimental design, make, and test cycles is costly and time consuming, providing an opportunity for computational methods to assist. Herein, we present results comparing random forest and feed-forward neural network proteochemometric models for their ability to predict pIC50 measurements for held out generic Bemis-Murcko scaffolds. In addition, we assess the ability of conformal prediction to provide calibrated prediction intervals in both a retrospective and semi-prospective test using the recently released Grand Challenge 4 data set as an external test set. In total, random forest and deep neural network proteochemometric models show quality retrospective performance but suffer in the semi-prospective setting. However, the conformal predictor prediction intervals prove to be well calibrated both retrospectively and semi-prospectively showing that they can be used to guide hit discovery and lead optimization campaigns.</p></div></div></div>",2020-01-29T11:42:51.000Z,10.26434/chemrxiv.11750544.v1
198,Meta-Learning Initializations for Low-Resource Drug Discovery,"Building in silico models to predict chemical properties and activities is a crucial step in drug discovery. However, drug discovery projects are often characterized by limited labeled data, hindering the applications of deep learning in this setting. Meanwhile advances in meta-learning have enabled state-of-the-art performances in few-shot learning benchmarks, naturally prompting the question: Can meta-learning improve deep learning performance in low-resource drug discovery projects? In this work, we assess the efficiency of the Model-Agnostic Meta-Learning (MAML) algorithm – along with its variants FO-MAML and ANIL – at learning to predict chemical properties and activities. Using the ChEMBL20 dataset to emulate low-resource settings, our benchmark shows that meta-initializations perform comparably to or outperform multi-task pre-training baselines on 16 out of 20 in-distribution tasks and on all out-of-distribution tasks, providing an average improvement in AUPRC of 7.2% and 14.9% respectively. Finally, we observe that meta-initializations consistently result in the best performing models across fine-tuning sets with k ∈ {16, 32, 64, 128, 256} instances.<br />",2020-03-16T06:30:36.000Z,10.26434/chemrxiv.11981622.v1
199,Do machines dream of atoms? Crippen's logP as a quantitative molecular benchmark for explainable AI heatmaps,"While there is a great deal of interest in methods aimed at explaining machine learning predictions of chemical properties, it is difficult to quantitatively benchmark such methods, especially for regression tasks. We show that the Crippen logP model (J. Chem. Inf. Comput. Sci. 1999, 39, 868) provides an excellent benchmark for atomic attribution/heatmap approaches, especially if the ground truth heatmaps can be adjusted to reflect the molecular representation. The “atom attribution from finger prints”-method developed by Riniker and Landrum (J. Chem. Inf. Comput. Sci. 2013, 5, 43) gives atomic attribution heatmaps that are in reasonable agreement with the atomic contribution heatmaps of the Crippen logP model for most molecules, with average heatmap overlaps of up to 0.54. The agreement is increased significantly (to 0.75) when the atomic contributions are adjusted to match the fact that the molecular representation is fragment-based rather than atom-based (the finger print-adapted (FPA) ground truth vector). Most heatmaps and the corresponding FPA overlaps are relatively insensitive to the training set size and the results are close to converged for a training set size of 1000 molecules, although for molecules with low overlap some heatmaps change significantly. Using the “remove an atom” approach for graph convolutional neural networks (GCNNs) suggested by Matveieva and Polishchuk (J. Cheminform. 2021, 13, 41) we find an average heatmap overlap of 0.47 for the atomic contribution heatmaps of the Crippen logP model. Like the simpler attribution benchmarks for classification tasks that have come before it, this work sets the bar for regression tasks.",2022-12-01T13:35:50.714Z,10.26434/chemrxiv-2022-gnq3w-v2
200,"Towards Efficient Generation, Correction and Properties Control of Unique Drug-like Structures","<div> 			<div> 				<div> 					<p>Efficient design and screening of the novel molecules is a major challenge in drug and material design. This report focuses on a multi-stage pipeline in which several deep neural network (DNN) models are combined to map discrete molecular representations into continuous vector space to later generate from it new molecular structures with desired properties. Here the Attention-based Sequence-to-Sequence model is added to “spellcheck” and correct generated structures while the oversampling in the continuous space allows generating candidate structures with desired distribution for properties and molecular descriptors even for small reference datasets. We further use computer simulation to validate the desired properties in the numerical experiment. With the focus on the drug design, such pipeline allows generating novel structures with control of SAS (Synthetic Accessibility Score) and a series of ADME metrics that assess the drug-likeliness. </p> 				</div> 			</div> 		</div>",2019-10-09T20:02:22.000Z,10.26434/chemrxiv.9941858.v1
201,Learning Continuous and Data-Driven Molecular Descriptors by Translating Equivalent Chemical Representations,"<p></p><p>There has been a recent surge of interest in using machine learning across chemical space in order to predict properties of molecules or design molecules and materials with desired properties. Most of this work relies on defining clever feature representations, in which the chemical graph structure is encoded in a uniform way such that predictions across chemical space can be made. In this work, we propose to exploit the powerful ability of deep neural networks to learn a feature representation from low-level encodings of a huge corpus of chemical structures. Our model borrows ideas from neural machine translation: it translates between two semantically equivalent but syntactically different representations of molecular structures, compressing the meaningful information both representations have in common in a low-dimensional representation vector. Once the model is trained, this representation can be extracted for any new molecule and utilized as descriptor. In fair benchmarks with respect to various human-engineered molecular fingerprints and graph-convolution models, our method shows competitive performance in modelling quantitative structure-activity relationships in all analyzed datasets. Additionally, we show that our descriptor significantly outperforms all baseline molecular fingerprints in two ligand-based virtual screening tasks. Overall, our descriptors show the most consistent performances over all experiments. The continuity of the descriptor space and the existence of the decoder that permits to deduce a chemical structure from an embedding vector allows for exploration of the space and opens up new opportunities for compound optimization and idea generation.</p><br /><p></p>",2018-07-30T14:09:22.000Z,10.26434/chemrxiv.6871628.v1
202,Benchmarking machine-readable vectors of chemical re- actions on computed activation barriers,"In recent years, there has been a surge of interest in predicting computed activation barriers, to enable the acceleration of the automated exploration of reaction networks. Consequently, various predictive approaches have emerged, ranging from graph-based models to methods based on the three-dimensional structure of reactants and products. In tandem, many representations have been developed to predict experimental targets, which may hold promise for barrier prediction as well. Here, we bring together all of these efforts and benchmark various methods (CGR, SLATMd , B2R2l , MFPs, DRFP and RXNFP) for the prediction of computed activation barriers on three diverse datasets",2023-09-04T08:04:55.220Z,10.26434/chemrxiv-2023-0hgbc
203,Uni-Mol: A Universal 3D Molecular Representation Learning Framework,"Molecular representation learning (MRL) has gained tremendous attention due to its critical role in learning from limited supervised data for applications like drug design. In most MRL methods, molecules are treated as 1D sequential tokens or 2D topology graphs, limiting their ability to incorporate 3D information for downstream tasks and, in particular, making it almost impossible for 3D geometry prediction/generation. In this paper, we propose a universal 3D MRL framework, called Uni-Mol, that significantly enlarges the representation ability and application scope of MRL schemes. Uni-Mol contains two pretrained models with the same SE(3) Transformer architecture: a molecular model pretrained by 209M molecular conformations; a pocket model pretrained by 3M candidate protein pocket data. Besides, Uni-Mol contains several finetuning strategies to apply the pretrained models to various downstream tasks. By properly incorporating 3D information, Uni-Mol outperforms SOTA in 14/15 molecular property prediction tasks. Moreover, Uni-Mol achieves superior performance in 3D spatial tasks, including protein-ligand binding pose prediction, molecular conformation generation, etc. The code, model, and data are made publicly available at https://github.com/dptech-corp/Uni-Mol.",2023-03-07T03:58:23.150Z,10.26434/chemrxiv-2022-jjm0j-v4
204,Partial Density of States Representation for Accurate Deep Neural Network Predictions of X-ray Spectra ,"The performance of a Machine Learning (ML) algorithm for chemistry is highly contingent upon the architect’s choice of input representation. This work introduces the partial density of states (p-DOS) descriptor: a novel, quantum- inspired structural representation which encodes relevant electronic information for machine learning models seeking to simulate X-ray spectroscopy. p-DOS uses a minimal basis set in conjunction with a guess (non-optimised) electronic configuration to extract and then discretise the density of states (DOS) of the absorbing atom to form the input vector. We demonstrate that while the electronically-focused p-DOS performs well in isolation, optimal performance is achieved when supplemented with nuclear structural information imparted via a geometric representation. p-DOS provides a description of the key electronic properties of a system which is not only concise and computationally efficient, but also independent of molecular size or choice of basis set. It can be rapidly generated, facilitating its application with large training sets. Its performance is demonstrated using a wide variety of examples at the sulphur K-edge, including the prediction of ultrafast X-ray spectroscopic signal associated with photoexcited 2(5H)-thiophenone. These results highlight the potential for ML models developed using p-DOS to contribute to the interpretation and predic- tion of experimental results made possible by emergent cutting-edge technologies, especially X-ray free electron lasers.",2024-02-09T08:53:38.706Z,10.26434/chemrxiv-2024-bbrgt
205,Quantifying the hardness of bioactivity prediction tasks for transfer learning,"Today, machine learning methods are widely employed in drug discovery. However, the chronic lack of data continues to hamper their further development, validation, and application. Several modern strategies aim to mitigate the challenges associated with data scarcity by learning from data on related tasks. These knowledge-sharing approaches encompass transfer learning, multi-task learning, and meta-learning. A key question remaining to be answered for these approaches is about the extent to which their performance can benefit from the relatedness of available source (training) tasks, in other words, how difficult (“hard”) a test task is to a model, given the available source tasks.  This study introduces a new method for quantifying and predicting the hardness of a bioactivity prediction task based on its relation to the available training tasks. The approach involves the generation of protein and chemical representations and the calculation of distances between the bioactivity prediction task and the available training tasks.  In the example of meta-learning, we demonstrate that the proposed task hardness metric is inversely correlated with performance. The metric will be useful in estimating the task-specific gain in performance that can be achieved through meta-learning. ",2024-01-29T10:18:38.730Z,10.26434/chemrxiv-2024-871mt
206,Predictive Minisci and P450 Late Stage Functionalization with Transfer Learning,"Structural diversification of lead molecules is a key component of drug discovery to explore chemical space. Late stage functionalizations (LSFs) are versatile methodologies capable of installing functional handles on richly decorated intermediates to deliver numerous diverse products in a single reaction. Predicting the regioselectivity of LSF is still an open challenge in the field. Numerous efforts from chemoinformatics and machine learning (ML) groups have made significant strides in this area. However, it is arduous to isolate and characterize the multitude of LSF products generated, limiting available data and hindering pure ML approaches. We report the development of an approach that combines a message passing neural network and 13C NMR-based transfer learning to predict the atom-wise probabilities of functionalization for Minisci and P450-based functionalizations. We validated our model both retrospectively and with a series of prospective experiments, showing that it accurately predicts the outcomes of Minisci-type and P450 transformations and outperforms the well-established Fukui-based reactivity indices and other machine learning reactivity-based algorithms.",2023-09-06T05:22:02.217Z,10.26434/chemrxiv-2022-7ddw5-v3
207,HydraScreen: A Generalizable Structure-Based Deep Learning Approach to Drug Discovery,"We propose HydraScreen, a deep-learning framework for safe and robust accelerated drug discovery. HydraScreen utilizes a state-of-the-art 3D convolutional neural network, designed for the effective representation of molecular structures and interactions in protein-ligand binding. We design an end-to-end pipeline for high-throughput screening and lead optimization, targeting applications in structure-based drug design. We assess our approach using established public benchmarks based on the CASF 2016 core set, achieving top-tier results in affinity and pose prediction (Pearson's r = 0.86, RMSE = 1.15, Top-1 = 0.95).      We introduce a novel approach for interaction profiling, aimed at detecting potential biases within both the model and datasets. This approach not only enhances interpretability but also reinforces the impartiality of our methodology. Finally, we demonstrate HydraScreen's ability to generalize effectively across novel proteins and ligands through a temporal split. We also provide insights into potential avenues for future development aimed at enhancing the robustness of machine learning scoring functions. HydraScreen, accessible at https://hydrascreen.ro5.ai, provides a user-friendly GUI and a public API, facilitating easy-access assessment of protein–ligand complexes.",2023-10-09T04:57:08.830Z,10.26434/chemrxiv-2023-gwm1s-v2
208,Message Passing Neural Networks for Partial Charge Assignment to Metal-Organic Frameworks,"Virtual screenings can accelerate and reduce the cost of discovering metal-organic frameworks (MOFs) for their applications in gas storage, separation, and sensing. In molecular simulations of gas adsorption/diffusion in MOFs, the adsorbate-MOF electrostatic interaction is typically modeled by placing partial point charges on the atoms of the MOF. For the virtual screening of large libraries of MOFs, it is critical to develop computationally inexpensive methods to assign atomic partial charges to MOFs that accurately reproduce the electrostatic potential in their pores. Herein, we design and train a message passing neural network (MPNN) to predict the atomic partial charges on MOFs under a charge neutral constraint. A set of ca. 2,250 MOFs labeled with high-fidelity partial charges, derived from periodic electronic structure calculations, serves as training examples. In an end-to-end manner, from charge-labeled crystal graphs representing MOFs, our MPNN machine-learns features of the local bonding environments of the atoms and learns to predict partial atomic charges from these features. Our trained MPNN assigns high-fidelity partial point charges to MOFs with orders of magnitude lower computational cost than electronic structure calculations. To enhance the accuracy of virtual screenings of large libraries of MOFs for their adsorption-based applications, we make our trained MPNN model and MPNN-charge-assigned computation-ready, experimental MOF structures publicly available.<br />",2020-05-14T12:28:35.000Z,10.26434/chemrxiv.12298487.v1
209,openOCHEM consensus model wins Kaggle First EUOS/SLAS Joint Compound Solubility Challenge  ,"The EUOS/SLAS challenge has its goal to develop reliable algorithms to predict solubility of small molecules experimentally measured aqueous solubility of 100k compounds. In total, hundred teams took part in the challenge to predict low, medium and highly soluble compounds as measured by nephelometry assay. This article describes the winning Top I rank model which was developed using the publicly available Online CHEmical database and Modeling environment (OCHEM) and which is publicly available at https://ochem.eu/article/​​27. We describe in detail the assumptions and steps used to select methods, descriptors and strategy which contributed to the winning solution.",2023-05-23T09:52:35.637Z,10.26434/chemrxiv-2023-p8qcv
210,Linear Graphlet Models for Accurate and Interpretable Cheminformatics,"Advances in machine learning have given rise to a plurality of data-driven methods for estimating chemical properties from molecular structure. For many decades, the cheminformatics field has relied heavily on structural fingerprinting, while in recent years much focus has shifted leveraging highly parameterized deep neural networks which usually maximize accuracy. Beyond accuracy, machine learning techniques need intuitive and useful explanations for the predictions of models and uncertainty quantification techniques so that a practitioner might know when a model is appropriate to apply to new data. Here we show that linear models built on unfolded molecular-graphlet-based fingerprints attain accuracy that is competitive with the state of the art while retaining an explainability advantage over black-box approaches. We show how to produce precise explanations of predictions by exploiting the relationships between molecular graphlets and show that these explanations are consistent with chemical intuition, experimental measurements, and theoretical calculations. Finally we show how to use the presence of unseen fragments in new molecules to adjust predictions and quantify uncertainty. ",2024-02-26T10:35:38.548Z,10.26434/chemrxiv-2024-r81c8
211,Structure to Property: Machine Learning Methods for Predicting Electronic Properties of Crystals,"We present a general-purpose machine learning model for predicting properties of crystals. Specifically, energy of formation, Fermi level energy, band gap, partial charges, and bulk modulus as well as spectral properties, including electronic and phonon densities of states are targeted. Thus, our model can be used to screen materials for specific properties. The model is based on atomic representations which enables it to effectively capture complex information about each atom and its surrounding environment in a crystal. The accuracy achieved for band gap values exceeds results previously published. By design, our model is not restricted to electronic properties discussed here but can be extended to fit diverse chemical databases.",2023-11-29T09:14:01.949Z,10.26434/chemrxiv-2023-gq77g
212,Benchmarking molecular feature attribution methods with activity cliffs,"Feature attribution techniques are popular choices within the explainable artificial intelligence toolbox, as they can help elucidate which parts of the provided inputs used by an underlying supervised-learning method are considered relevant for a specific prediction. In the context of molecular design, these approaches typically involve the coloring of molecular graphs, whose presentation to medicinal chemists can be useful for making a decision of which compounds to synthesize or prioritize. The consistency of the highlighted moieties alongside expert background knowledge is expected to contribute to the understanding of machine-learning models in drug design. Quantitative evaluation of such coloring approaches, however, has so far been limited to substructure identification tasks. We here present an approach that is based on maximum common substructure algorithms applied to experimentally-determined activity cliffs. Using the proposed benchmark, we found that molecule coloring approaches in conjunction with classical machine-learning models tend to outperform more modern, deep-learning-based alternatives. However, none of the tested feature attribution methods sufficiently and consistently generalized when confronted with unseen examples.",2021-09-17T12:47:36.186Z,10.26434/chemrxiv-2021-pp88m
213,Multi-Resolution Autoregressive Graph-to-Graph Translation for Molecules,"The problem of accelerating drug discovery relies heavily on automatic tools to optimize precursor molecules to afford them with better biochemical properties. Our work in this paper substantially extends prior state-of-the-art on graph-to-graph translation methods for molecular optimization. In particular, we realize coherent multi-resolution representations by interweaving trees over substructures with the atom-level encoding of the original molecular graph. Moreover, our graph decoder is fully autoregressive, and interleaves each step of adding a new substructure with the process of resolving its connectivity to the emerging molecule. We evaluate our model on multiple molecular optimization tasks and show that our model outperforms previous state-of-the-art baselines by a large margin.",2019-06-13T15:14:33.000Z,10.26434/chemrxiv.8266745.v1
214,PBCNet：Computing Relative Binding Affinity of Ligands to a Receptor Based on a Pairwise Binding Comparison Network for Lead Optimization,"Structure-based lead optimization is an open challenge in drug discovery, which is still largely driven by hypotheses and depends on the experience of medicinal chemists. We here propose a pairwise binding comparison network (PBCNet) based on physics-informed graph attention mechanism, specifically tailored for ranking relative binding affinity among congeneric ligands. Benchmarking on two held-out sets (provided by Schrödinger, Inc. and Merck KGaA) containing over 460 ligands and 16 targets, PBCNet demonstrated significant advantages in terms of both prediction accuracy and computational efficiency. Equipped with a fine-tuning operation, the performance of PBCNet reaches that of Schrödinger's FEP+, which is much more computationally intensive and requires significant expert intervention. A further simulation-based experiment showed that active learning-optimized PBCNet may accelerate lead optimization campaigns by 30%. Finally, for the convenience of users, a web service (https://pbcnet.alphama.com.cn/index) for PBCNet is established to facilitate complex relative binding affinity prediction through an easy-to-operate graphical interface.",2023-04-24T09:51:02.886Z,10.26434/chemrxiv-2023-tbmtf
215,Regio-MPNN: Predicting Regioselectivity for General Metal-Catalyzed Cross-Coupling Reactions using Chemical Knowledge Informed Message Passing Neural Network,"As a fundamental problem in organic chemistry, synthesis planning aims at designing energy and cost-efficient reaction pathways for target compounds. In synthesis planning, it is crucial to understand regioselectivity, or the preference of a reaction over competing reaction sites. Precisely predicting regioselectivity enables early exclusion of unproductive reactions and paves the way to designing high-yielding synthetic routes with minimal separation and material costs. However, it is still at emerging state to combine chemical knowledge and data-driven methods to make practical predictions for regioselectivity. At the same time, metal-catalyzed cross-coupling reactions have profoundly transformed medicinal chemistry, and thus become one of the most frequently encountered types of reactions in synthesis planning. In this work, we for the first time introduce a chemical knowledge informed message passing neural network(MPNN) framework that directly identifies the intrinsic major products for metal-catalyzed cross-coupling reactions with regioselective ambiguity. Integrating both first principle methods and data-driven methods, our model achieves an overall accuracy of 95.24\% on the test set of eight typical metal-catalyzed cross-coupling reaction types, including Suzuki-Miyaura, Stille, Sonogashira, Buchwald-Hartwig, Hiyama, Kumada, Negishi, and Heck reactions, outperforming other commonly used model types. To integrate electronic effects with steric effects in regioselectivity prediction, we propose a quantitative method to measure the steric hindrance effect. Our steric hindrance checker can successfully identify regioselectivity induced solely by steric hindrance. Notably under practical scenarios, our model outperforms 6 experimental organic chemists with an average working experience of over 10 years in the organic synthesis industry in terms of predicting major products in regioselective cases. We have also exemplified the practical usage of our model by fixing routes designed by open-access synthesis planning software and improving reactions by identifying low-cost starting materials. To assist general chemists in making prompt decisions about regioselectivity, we have developed a free web-based AI-empowered tool. Our code and web tool have been made available at https://github.com/Chemlex-AI/regioselectivity and https://ai.tools.chemlex.com/region-choose, respectively.",2024-03-27T05:12:44.785Z,10.26434/chemrxiv-2024-tddfc-v2
216,When yield prediction does not yield prediction: an overview of the current challenges,"Machine Learning techniques face significant challenges when predicting advanced chemical properties, such as yield, feasibility of chemical synthesis, and optimal reaction conditions. These challenges stem from the high-dimensional nature of the prediction task and the myriad essential variables involved, ranging from reactants and reagents to catalysts, temperature, and purification processes. Successfully developing a reliable predictive model not only holds potential for optimizing High-Throughput experiments but can also elevate existing retrosynthetic predictive approaches and bolster a plethora of applications within the field. In this review, we systematically evaluate the efficacy of current ML methodologies in chemoinformatics, shedding light on their milestones and inherent limitations. Additionally, a detailed examination of a representative case study provides insights into prevailing issues related to data availability and transferability in the discipline.",2023-09-21T04:39:02.297Z,10.26434/chemrxiv-2023-xdv03
217,BigBind: Learning from Nonstructural Data for Structure-Based Virtual Screening,"Deep learning methods that predict protein-ligand binding have recently been used for structure-based virtual screening. Many such models have been trained using protein-ligand complexes with known crystal structures and activities from the PDBBind dataset. However, because PDBbind only includes 20K complexes, models typically fail to generalize to new targets, and model performance is on par with models trained with only ligand information. Conversely, the ChEMBL database contains a wealth of chemical activity information but includes no information about binding poses. We introduce BigBind, a dataset that maps ChEMBL activity data to proteins from the CrossDocked dataset. BigBind comprises 583K ligand activities and includes 3D structures of the protein binding pockets. Additionally, we augmented the data by adding an equal number of putative inactives for each target. Using this data, we developed BANANA (BAsic NeurAl Network for binding Affinity), a neural network-based model to classify active from inactive compounds, defined by a 10 μM cutoff. Our model achieved an AUC of 0.72 on BigBind’s test set, while a ligand-only model achieved an AUC of 0.59. Furthermore, BANANA achieved competitive performance on the LIT-PCBA benchmark (median EF1\% 1.81) while running 16,000 times faster than molecular docking with GNINA.  We suggest that BANANA, as well as other models trained on this dataset, will significantly improve the outcomes of prospective virtual screening tasks.",2023-11-14T06:19:48.032Z,10.26434/chemrxiv-2022-3qc9t-v3
218,Incorporating Neural Networks into the AMOEBA Polarizable Force Field," Neural network potentials (NNPs) offer significant promise to bridge the gap be- tween the accuracy of quantum mechanics and the efficiency of molecular mechanics in molecular simulation. Most NNPs rely on the locality assumption that ensures the model’s transferability and scalability and thus lack the treatment of long-range inter- actions, which are essential for molecular systems in condensed phase. Here we present an integrated hybrid model, AMOEBA+NN, which combines the AMOEBA potential for the short- and long-range non-covalent atomic interactions and an NNP to capture the remaining local covalent contributions. The AMOEBA+NN model was trained on the conformational energy of ANI-1x dataset and tested on several external datasets ranging from small molecules to tetrapeptides.The hybrid model demonstrated sub- stantial improvements over the baseline models in term of accuracy as the molecule size increased, suggesting its potential as a next-generation approach for chemically accurate molecular simulations.",2023-12-14T05:16:54.938Z,10.26434/chemrxiv-2023-kgfpg-v3
219,PreSS/MD: Predictor of Skin Sensitization Caused by Chemicals Leaching from Medical Devices,"Abstract Safety evaluation for medical devices includes the toxicity assessment of chemicals used in device manufacturing, cleansing and/or sterilization that may leach into a patient. According to international standards on biocompatibility assessments (ISO 10993), chemicals that could be released from medical devices should be evaluated for their potential to induce skin sensitization/allergenicity, and one of the commonly used approaches is the guinea pig maximization test (GPMT). However, there is growing trend in regulatory science to move away from costly animal assays to employing New Approach Methodologies including computational methods. Herein, we developed a new computational tool for rapid and accurate prediction of the GPMT outcome that we named PreSS/MD (Predictor of Skin Sensitization for Medical Devices). To enable model development, we (i) collected, curated, and integrated the largest publicly available dataset for GPMT; (ii) succeeded in developing externally predictive (balanced accuracy of 70-74% as evaluated by both 5-fold external cross-validation and testing of novel compounds) Quantitative Structure-Activity Relationships (QSAR) models for GPMT using machine learning algorithms, including Deep Learning; and (iii) developed a publicly accessible web portal integrating PreSS/MD models that enables the prediction of GPMT outcomes for any molecules using. We expect that PreSS/MD will be used by both researchers and regulatory agencies to support safety assessment for medical devices and help replace, reduce or refine the use of animals in toxicity testing. PreSS/MD is freely available at https://pressmd.mml.unc.edu/. Keywords: sensitization, GPMT, QSAR, deep learning,  ",2022-01-03T06:48:04.033Z,10.26434/chemrxiv-2022-z53kg
220,Data-driven Generation of Perturbation Networks for Relative Binding Free Energy Calculations,"Relative binding free energy (RBFE) calculations are increasingly used to support the ligand optimisation problem in early-stage drug discovery. Because RBFE calculations frequently rely on alchemical perturbations between ligands in a congeneric series, practitioners are required to estimate an optimal combination of pairwise perturbations for each series. RBFE networks constitute in a collection of edges chosen such that all ligands (nodes) are included in the network, where each edge represents a pairwise RBFE calculation. As there is a vast number of possible configurations it is not trivial to select an optimal perturbation network. Current approaches rely on human intuition and rule-based expert systems for proposing RBFE perturbation networks. This work presents a data-driven alternative to rule-based approaches by using a graph siamese neural network architecture. A novel dataset, RBFE-Space, is presented as a representative and transferable training domain for RBFE machine learning research. The workflow presented in this work matches state-of-the-art programmatic RBFE network generation performance with several key benefits. The workflow provides full transferability of the network generator because RBFE-Space is open-sourced and ready to be applied to other RBFE software. Additionally, the deep learning model represents the first machine-learned predictor of perturbation reliability in RBFE calculations.",2022-08-05T12:04:34.826Z,10.26434/chemrxiv-2022-z4j2p-v2
221,Enabling late-stage drug diversification by high-throughput experimentation with geometric deep learning,"Late-stage functionalization (LSF) is an economical approach to optimize the properties of drug candidates. However, the chemical complexity of drug molecules often makes late-stage diversification challenging. To address this problem, an LSF platform based on geometric deep learning and high-throughput reaction screening was developed. Considering borylation as a critical step in LSF, the computational model predicted reaction yields for diverse reaction conditions with a mean absolute error margin of 4–5%, while the reactivity of novel reactions with known and unknown substrates were classified with a balanced accuracy of 92% and 67%, respectively. The regioselectivity of the major products was accurately captured in up to 90% of the cases studied. When applied to 23 diverse commercial drug molecules, the platform successfully identified numerous opportunities for structural diversification. The influence of steric and quantum mechanical information on model performance was quantified and a new comprehensive simple user-friendly reaction format (SURF) is introduced which proved to be a key enabler for seamlessly integrating deep learning and high-throughput experimentation (HTE) for LSF.",2022-11-15T13:04:35.665Z,10.26434/chemrxiv-2022-gkxm6-v2
222,Chemprop: A Machine Learning Package for Chemical Property Prediction,"Deep learning has become a powerful and frequently employed tool for the prediction of molecular properties, thus creating a need for open-source and versatile software solutions that can be operated by non-experts. Among current approaches, directed message-passing neural networks (D-MPNNs) have proven to perform well on a variety of property prediction tasks. The software package Chemprop implements the D-MPNN architecture, and offers simple, easy, and fast access to machine-learned molecular properties. Compared to its initial version, we present a multitude of new Chemprop functionalities such as the support of multi-molecule properties, reactions, atom/bond-level properties, and spectra. Further, we incorporate various uncertainty quantification and calibration methods along with related metrics, as well as pretraining and transfer learning workflows, improved hyperparameter optimization, and other customization options concerning loss functions or atom/bond features. We benchmark D-MPNN models trained using Chemprop with the new reaction, atom-level and spectra functionality on a variety of property prediction datasets, including MoleculeNet and SAMPL, and observe state-of-the-art performance on the prediction of water-octanol partition coefficients, reaction barrier heights, atomic partial charges, and absorption spectra. Chemprop enables out-of-the-box training of D-MPNN models for a variety of problem settings in a fast, user-friendly, and open-source software.",2023-12-06T05:32:11.019Z,10.26434/chemrxiv-2023-3zcfl-v3
223,MF-SuP-pKa: multi-fidelity modeling with subgraph pooling mechanism for pKa prediction,"Acid-base dissociation constant (pKa) is a key physicochemical parameter in chemical science, especially in organic synthesis and drug discovery. Current methodologies for pKa prediction still suffer from limited applicability domain and lack of chemical insight. Here we present MF-SuP-pKa (Multi-Fidelity modeling with Subgraph Pooling for pKa prediction), a novel pKa prediction model that utilizes subgraph pooling, multi-fidelity learning and data augmentation. In our model, a knowledge-aware subgraph pooling strategy was designed to capture the local and global environments around the ionization sites for micro-pKa prediction. To overcome the scarcity of accurate pKa data, low-fidelity data (computational pKa) was used to fit the high-fidelity data (experimental pKa) through transfer learning. Moreover, we implemented knowledge-guided data augmentation on the pre-training data according to the consistency between acidic pKa and basic pKa. The final MF-SuP-pKa model was constructed by pre-training on the augmented ChEMBL data set and fine-tuning on the DataWarrior data set. The ablation results prove that MF-SuP-pKa gains essential benefits from subgraph pooling, multi-fidelity learning, and data augmentation. Extensive evaluation on the DataWarrior data set and three benchmark data sets shows that MF-SuP-pKa achieves superior performances to the state-of-the-art pKa prediction models while requires much less high-fidelity training data. Compared with Attentive FP, MF-SuP-pKa achieves 23.83% and 20.12% improvement in terms of mean absolute error (MAE) on the acidic and basic sets, respectively.",2022-07-11T08:51:12.610Z,10.26434/chemrxiv-2022-t6q61
224,TransPTM: a Transformer-Based Model for Non-Histone Acetylation Site Prediction,"Protein acetylation is one of the extensively studied post-translational modifications (PTMs) for its sig- nificant roles across a myriad of biological processes. Although many computationl tools for acetylation site identification have been developed, there is a lack of benchmark dataset and bespoke predictors for non-histone acetylation site prediction. To address those problems, we have contributed to both dataset creation and predictor benchmark in this study. Firstly, we construct a non-histone acetylation site bench- mark dataset, namely NHAC, which includes 11 subsets according to the sequence length ranging from 11 to 61 amino acids. There are totally 886 positive samples and 4707 negative samples for each sequence length. Secondly, we propose a transformer-based neural network model, TransPTM, for non-histone acetylation site predication. Our model introduces a pre-trained protein language model ProtT5 to con- struct the site’s feature space. The GNN framewrk consists of three TransformerConv layers for feature extraction and a multilayer perceptron (MLP) module for classification. In experiments, TransPTM has the competitive performance for non-histone acetylation site prediction over 3 SOTA tools. It improves our comprehension on the PTM mechanism and provides a theoretical basis for developing drug targets for diseases. Moreover, the created PTM datasets fills the gap in non-histone acetylation site datasets and is beneficial to the related communities. The source code and data utilized by TransPTM are accessible at https://www.github.com/TransPTM.",2023-10-04T08:10:02.412Z,10.26434/chemrxiv-2023-txhw5
225,AtomNet PoseRanker: Enriching Ligand Pose Quality for Dynamic Proteins in Virtual High Throughput Screens ,"Structure-based, virtual High Throughput Screening (vHTS) methods for predicting ligand activity in drug discovery are important when there are no or relatively few known compounds that interact with a therapeutic target of interest. State-of-the-art computational vHTS necessarily relies on effective methods for pose sampling and docking to generate an accurate affinity score from the docked poses. However, proteins are dynamic; in vivo, ligands bind to a conformational ensemble. In silico docking to the single conformation represented by a crystal structure can adversely affect the pose quality. Here we introduce AtomNet PoseRanker, a graph convolutional network trained to identify, and re-rank crystal-like ligand poses from a sampled ensemble of protein conformations and ligand poses. In contrast to conventional vHTS methods that incorporate receptor flexibility, a deep learning approach can internalize valid cognate and non-cognate binding modes corresponding to distinct receptor conformations. AtomNet PoseRanker significantly enriched pose quality in docking to cognate and non-cognate receptors of the PDBbind v2019 dataset. Improved pose rankings that better represent experimentally observed ligand binding modes improve hit rates in vHTS campaigns, and thereby advance computational drug discovery, especially for novel therapeutic targets or novel binding sites.",2021-09-24T13:17:30.656Z,10.26434/chemrxiv-2021-t6xkj
226,Generative AI-Driven Molecular Design: Combining Predictive Models and Reinforcement Learning for Tailored Molecule Generation,"Molecular design is a critical aspect of various scientific and industrial fields, where the properties of molecules hold significant importance. In this study, a three-fold methodology design is presented that leverages the power of generative artificial intelligence (AI), predictive modeling, and reinforcement learning to create tailored molecules with desired properties. This model synergistically combines deep learning techniques with Self-Referencing Embedded Strings (SELFIES) molecular representation to build a generative model which generates valid molecules and a graphical neural network model that accurately forecasts molecular properties. The Variational Autoencoder (VAE) coupled with reinforcement learning, helps refine molecule generation based on targeted attributes. Data from an experimental study involving surfactants was used to test the framework. Saliency maps for the generated surfactants were produced to identify the features explaining the property values. The results showed that the proposed framework can effectively produce valid molecules within the set property threshold value. This approach not only streamlines molecular design for surfactant systems but also augurs transformative advancements across different scientific and industrial landscapes.",2023-11-17T12:44:41.804Z,10.26434/chemrxiv-2023-wcrv3
227,Time-reversal equivariant neural network potential and Hamiltonian for magnetic materials,"This work presents Time-reversal Equivariant Neural Network (TENN) framework. With TENN, the time-reversal symmetry is considered in the equivariant neural network (ENN), which generalizes the ENN to consider physical quantities related to time-reversal symmetry such as spin and velocity of atoms. TENN-e3, as the time-reversal-extension of E(3) equivariant neural network, is developed to keep the Time-reversal E(3) equivariant with consideration of whether to include the spin-orbit effect for both collinear and non-collinear magnetic moments situations for magnetic material. TENN-e3 can construct spin neural network potential and the Hamiltonian of magnetic material from ab-initio calculations. Time-reversal-E(3)-equivariant convolutions for interactions of spinor and geometric tensors are employed in TENN-e3.  Compared to the popular ENN, TENN-e3 can describe the complex spin-lattice coupling with high accuracy and keep time-reversal symmetry which is not preserved in the existing E(3)-equivariant model. Also, the Hamiltonian of magnetic material with time-reversal symmetry can be built with TENN-e3. TENN paves a new way to spin-lattice dynamics simulations over long-time scales and electronic structure calculations of large-scale magnetic materials.",2022-11-23T03:55:50.293Z,10.26434/chemrxiv-2022-h6f69
228,Graph to Activation Energy Models Easily Reach Irreducible Errors but Show Limited Transferability,"Activation energy characterization of competing reactions is a costly, but crucial step for understanding the kinetic relevance of distinct reaction pathways, product yields, and myriad other properties of reacting systems. The standard methodology for activation energy characterization has historically been a transition state search using the highest level of theory that can be afforded. However recently, several groups have popularized the idea of predicting activation energies directly, based on nothing more than the reactant and product graphs, a sufficiently complex neural network, and a broad enough dataset. Here, we have revisited this task using the recently developed Reaction Graph Depth 1 (RGD1) transition state dataset and several newly developed graph attention architectures. All of these new architectures achieve similar state-of-the-art results of ~4 kcal/mol mean absolute error on withheld testing sets of reactions but poor performance on external testing sets composed of reactions with differing mechanisms, reaction molecularity, or reactant size distribution. Limited transferability is also shown to be shared by other contemporary graph to activation energy architectures through a series of case-studies. We conclude that an array of standard graph architectures can already achieve results comparable to the irreducible error of available reaction datasets but that out-of-distribution performance remains poor.",2023-11-01T13:13:14.025Z,10.26434/chemrxiv-2023-tdl2v
229,InFrag: Using Attribution-based Explainability to Guide Deep Molecular Optimization,"The recently proposed Genetic expert guided learning (GEGL) framework has demonstrated impressive performances on several \textit{de novo} molecular design tasks. Despite the displayed state-of-the art results, the proposed system relies on an expert-designed Genetic expert. Although hand-crafted experts allow to navigate the chemical space efficiently, designing such experts requires a significant amount of effort and might contain inherent biases which can potentially slow down convergence or even lead to sub-optimal solutions. In this research, we propose a novel genetic expert named \textit{InFrag} which is free of design rules and can generate new molecules by combining promising molecular fragments. Fragments are obtained by using an additional graph convolutional neural network which computes attributions for each atom for a given molecule.  Molecular substructures which contribute positively to the task score are kept and combined to propose novel molecules. We experimentally demonstrate that, within the GEGL framework, our proposed attribution-based genetic expert is either competitive or outperforms the original expert-designed genetic expert on goal-directed optimization tasks. When limiting the number of optimization rounds to one and three rounds, a performance increase of approximately 43% and 20% respectively is observed compared to the baseline genetic expert. Furthermore, we empirically show that combining several experts that share a fixed sampling budget at each optimization round generally improves or maintains the overall performance of the framework.",2021-09-13T05:01:21.666Z,10.26434/chemrxiv-2021-qtq8d
230,Binding Affinity Prediction with 3D Machine Learning: Training Data and Challenging External Testing,"Protein-ligand binding affinity prediction is one of the major challenges in computational assisted drug discovery. An active area of research uses machine learning (ML) models trained on 3D structures of protein ligand complexes to predict binding modes, discriminate active and inactives, or predict affinity. Methodological advances in deep learning, and artificial intelligence along with increased experimental data (3D structures and bioactivities) has led to many studies using different architectures, representation, and features. Unfortunately, many models do not learn details of interactions or the underlying physics that drive protein-ligand affinity, but instead just memorize patterns in the available training data with poor generalizability and future use. In this work we incorporate “dense”, feature rich datasets that contain up to several thousand analogue molecules per drug discovery target. For the training set, PDBbind dataset is used with enrichment from 8 internal lead optimization (LO) datasets and inactive and decoy poses in a variety of combinations. A variety of different model architectures was used and the model performance was validated using the binding affinity for 12 internal LO and 6 ChEMBL external test sets. Results show a significant improvement in the performance and generalization power, especially for virtual screening and suggest promise for the future of ML protein-ligand affinity prediction with a greater emphasis on training using datasets that capture the rich details of the affinity landscape.  ",2024-02-01T13:10:25.736Z,10.26434/chemrxiv-2024-s5sbs
231,Assessment of molecular dynamics time series descriptors in protein-ligand affinity prediction.,"The advancement of computational methods in drug discovery, particularly through the use of machine learning (ML) and deep learning (DL), has significantly enhanced the precision of binding affinity predictions. Despite progress in computer-aided drug discovery (CADD) accurate prediction of binding affinity remains a challenge due to the complex, non-linear character of molecular interactions. Generalizability continues to limit these models, with performance discrepancies noted between training datasets and external test conditions. This study explores the integration of molecular dynamics (MD) simulations with ML to assess its predictive performance and limitations. In particular MD simulations offer a dynamic perspective by depicting the temporal interactions within protein-ligand complexes, potentially bringing additional information for affinity and specificity estimates. By generating and analyzing over 800 unique protein-ligand MD simulations, we evaluate the utility of MD-derived descriptors based on time series in enhancing predictive accuracies. The findings suggest specific and generalizable features derived from MD data and propose approaches to augment the current in silico affinity prediction methods. ",2024-05-22T06:48:58.654Z,10.26434/chemrxiv-2024-dxv36
232,Graph neural network-accelerated multitasking genetic algorithm for optimizing PdxTi1–xHy surface under various CO2 reduction reaction conditions,"Palladium (Pd) hydride-based catalysts have been reported to have excellent performance for CO2 reduction (CO2RR) and hydrogen evolution reactions (HER). Our previous doped-PdH and alloy hydride works showed that Ti-doped and Ti-alloyed Pd hydride could improve the performance of the CO2 reduction reaction compared to pure Pd hydride. Compositions and chemical orderings of the surfaces with only one adsorbate under certain reaction condition are linked to their stablity, activity, and selectivity towards CO2RR and HER in our previous work. In fact, various coverages, types, and mixture of the adsorbates as well as state variable such as, temperature, pressure, applied potential, and chemical potential could have an impact on their stability, activity, and selectivity. However, these factors are usually fixed at common values in order to reduce the complexity of structures and complexity of reaction conditions in most theoretical work. To address the above complexities and thus huge search space, a deep learning-assisted multitasking genetic algorithm is used to screen for PdxTi1-xHy surfaces containing multiple adsorbates for CO2RR under different reaction conditions in this work. The ensemble deep learning model can greatly speed up the structure relaxations and keep a high accuracy and low uncertainty of energy and forces. The multitasking genetic algorithm is used to simultaneously globally find stable surface structures at each reaction condition. Finally, 23 stable structures are screened out under different reaction conditions. Among them, Pd0.56Ti0.44H1.06+25%CO, Pd0.31Ti0.69H1.25+50%CO, Pd0.31Ti0.69H1.25+25%CO, and Pd0.88Ti0.12H1.06+25%CO are found to be very active for CO2RR and suitable to generate syngas consisting of CO2 and H2.",2023-08-25T13:06:08.639Z,10.26434/chemrxiv-2023-0kjx4
233,OpenChem: A Deep Learning Toolkit for Computational Chemistry and Drug Design,"Deep learning models have demonstrated outstanding results in many data-rich areas of research, such as computer vision and natural language processing. Currently, there is a rise of deep learning in computational chemistry and materials informatics, where deep learning could be effectively applied in modeling the relationship between chemical structures and their properties. With the immense growth of chemical and materials data, deep learning models can begin to outperform conventional machine learning techniques such as random forest, support vector machines, nearest neighbor, etc. Herein, we introduce OpenChem, a PyTorch-based deep learning toolkit for computational chemistry and drug design. OpenChem offers easy and fast model development, modular software design, and several data preprocessing modules. It is freely available via the GitHub repository.",2020-07-23T13:01:40.000Z,10.26434/chemrxiv.12691943.v1
234,Leveraging our Teacher’s Experience to Improve Machine Learning: Application to pKa Prediction,"Machine learning (ML) is gaining momentum in chemistry for the prediction of various molecular properties, or for the generation of novel molecules with specific properties. However, these models can only be trained on relatively scarce, often low-quality data. Thus, memorization (rather than learn-ing) may result in poorly generalizable models. To address this issue, we aimed to revisit the way ML is practiced in chemistry. Using pKa prediction as an example, we present our strategy which involves imparting Chemistry knowledge to ML algorithms. We posit that teaching fundamental principles (e.g., electronegativity and inductive effect) to machines to predict properties (e.g., pKa), analogous to the way we teach students, will allow them to predict more advanced, yet related, properties. Thus, ML will leverage the chemists’ knowledge and qualitative principles to quantify and predict chemical properties.",2024-06-28T08:13:01.769Z,10.26434/chemrxiv-2024-bpd53-v2
235,Explainable Uncertainty Quantifications for Deep Learning-Based Molecular Property Prediction,"Quantifying uncertainty in machine learning is important in new research areas with scarce high-quality data. In this work, we develop an explainable uncertainty quantification method for deep learning-based molecular property prediction. This method can capture aleatoric and epistemic uncertainties separately and attribute the uncertainties to atoms present in the molecule. The atom-based uncertainty method provides an extra layer of explainability to the estimated uncertainties, i.e., one can analyze individual atomic uncertainty values to diagnose the chemical component that introduces uncertainty to the prediction. Our experiments demonstrate that atomic uncertainty can detect unseen chemical structures and identify chemical species whose data are potentially associated with significant noise. Furthermore, we propose a post-hoc calibration method to refine the uncertainty quantified by ensemble models for better confidence interval estimates. This work improves uncertainty calibration and provides a framework for assessing whether and why a prediction should be considered unreliable.",2022-09-12T11:31:49.986Z,10.26434/chemrxiv-2022-qt49t
236,Expansion of Bond Dissociation Prediction with Machine Learning to Medicinally and Environmentally Relevant Chemical Space,"Bond dissociation energetics underpin the thermodynamics of chemical transformations where bonds are broken or formed and can also be used to predict reaction rates and selectivities. Current machine learning (ML) models to predict bond dissociation energy (BDE) are largely limited in their elemental coverage to hydrogen and the second-row elements. This has restricted the applicability of ML-derived BDE predictions, particularly for molecules of medicinal relevance, since the heteroatoms S, Cl, F, P, Br, and I are commonly found in approved pharmaceuticals. Atmospherically and environmentally relevant molecules containing multiple halogen atoms have been similarly inaccessible. In this study, we considerably expand the size, elemental composition, and bond types of an extensive BDE database and train a new ML BDE model that includes C, H, N, O, S, Cl, F, P, Br, and I. We curate a new quantum chemical dataset of 531,244 unique zero-point energy inclusive homolytic dissociations of organic compounds. We investigate accuracy for out-of-sample molecules and implement iterative training and testing cycles during model development to improve the model accuracy. Improvements in predictive accuracy were achieved for datasets of pharmaceutically relevant molecules containing multiple C(sp2)–halogen bonds from 5.7 to 0.8 kcal mol-1 and polyhaloalkyl compounds with multiple C(sp3)–halogen bonds from 2.7 to 1.2 kcal mol-1 through the targeted augmentation of training data by as little as eight additional molecules. Our updated and expanded model (ALFABET) achieves a mean absolute error of 0.6 kcal mol-1 for both enthalpies and free energies compared to the quantum chemical ground truth. The graph-based representations utilized here outperform traditional cheminformatics features such as radial fingerprints, and there is no discernible improvement in accuracy by including more expensive QM-derived parameters, such as optimized bond lengths. Finally, we illustrate high accuracy in external prediction tasks for large halogenated natural products, pharmaceutically-relevant halogenated molecules, atmospherically-important halocarbons, and polyfluoroalkyl substances related to environmental toxicity.",2023-08-25T10:59:46.142Z,10.26434/chemrxiv-2023-d147w
237,Holistic Prediction of pKa in Diverse Solvents Based on Machine Learning Approach,"The acid dissociation constant p<i>K</i><sub>a</sub> dictates a molecule’s ionic status, and is a critical physicochemical property in rationalizing acid-base chemistry in solution and in many biological contexts. Although numerous theoretic approaches have been developed for predicating aqueous p<i>K</i><sub>a</sub>, fast and accurate prediction of non-aqueous p<i>K</i><sub>a</sub>s has remained a major challenge. On the basis of <i>i</i>BonD experimental p<i>K</i><sub>a</sub> database curated across 39 solvents, a holistic p<i>K</i><sub>a</sub> prediction model was established by using machine learning approach. Structural and physical organic parameters combined descriptors (SPOC) were introduced to represent the electronic and structural features of molecules. With SPOC and ionic status labelling (ISL), the holistic models trained with neural network or XGBoost algorithm showed the best prediction performance <a>with MAE value as low as 0.87</a> p<i>K</i><sub>a</sub> unit. The holistic model showed better performance than all the tested single-solvent models (SSMs), verifying the transfer learning features. The capability of prediction in diverse solvents allows for a comprehensive mapping of all the possible p<i>K</i><sub>a</sub> correlations between different solvents. The <i>i</i>BonD holistic model was validated by prediction of aqueous p<i>K</i><sub>a</sub> and micro-p<i>K</i><sub>a</sub> of pharmaceutical molecules and p<i>K</i><sub>a</sub>s of organocatalysts in DMSO and MeCN with high accuracy. An on-line prediction platform (<a href=""http://pka.luoszgroup.com/"">http://pka.luoszgroup.com</a>) was constructed based on the current model.",2020-06-04T13:12:46.000Z,10.26434/chemrxiv.12421082.v1
238,How toxicity of nanomaterials towards different species could be simultaneously evaluated: Novel multi-nano-read-across approach,"Application of predictive modeling approaches is able solve the problem of the missing data. There are a lot of studies that investigate the effects of missing values on qualitative or quantitative modeling, but only few publications have been<br />discussing it in case of applications to nanotechnology related data. Current project aimed at the development of multi-nano-read-across modeling technique that helps in predicting the toxicity of different species: bacteria, algae, protozoa, and mammalian cell lines. In this study, the experimental toxicity for 184 metal- and silica oxides (30 unique chemical types) nanoparticles from 15 experimental datasets was analyzed. A hybrid quantitative multi-nano-read-across approach that combines interspecies correlation analysis and self-organizing map analysis was developed. At the first step, hidden patterns of toxicity among the nanoparticles were identified using a combination of methods. Then the developed model that based on categorization of metal oxide nanoparticles’ toxicity outcomes was evaluated by means of combination of supervised and unsupervised machine learning techniques to find underlying factors responsible for toxicity.",2017-08-31T15:08:10.000Z,10.26434/chemrxiv.5327677.v1
239,Path-Augmented Graph Transformer Network,"<div>Much of the recent work on learning molecular representations has been based on Graph Convolution Networks (GCN). These models rely on local aggregation operations and can therefore miss higher-order graph properties. To remedy this, we propose Path-Augmented Graph Transformer Networks (PAGTN) that are explicitly built on longer-range dependencies in graphstructured data. Specifically, we use path features in molecular graphs to create global attention layers. We compare our PAGTN model against the GCN model and show that our model consistently</div><div>outperforms GCNs on molecular property prediction datasets including quantum chemistry (QM7, QM8, QM9), physical chemistry (ESOL, Lipophilictiy) and biochemistry (BACE, BBBP)2.</div>",2019-06-04T15:57:02.000Z,10.26434/chemrxiv.8214422.v1
240,Convolutional Neural Network of Atomic Surface Structures to Predict Binding Energies for High-Throughput Screening of Catalysts,We present an application of deep-learning convolutional neural network of atomic surface structures using atomic and Voronoi polyhedra-based neighbor information to predict adsorbate binding energies for the application in catalysis.,2019-05-21T15:18:42.000Z,10.26434/chemrxiv.8150666.v1
241,Quantitative Predictions from Chemical Read-Across and Their Confidence Measures,"In silico modeling new approach methodologies (NAMs) are viewed as a promising starting point for filling the existing gaps in safety and ecosafety data. Read-across is one of the most widely used alternative tools for hazard assessment, aimed at filling data gaps. However, there are no systematic studies or recommendations on the measures to identify the quality of read-across predictions for the data points without any experimental response data.  Recently, we have reported a new similarity-based read-across algorithm for the prediction of toxicity (biological activity in general) of untested compounds from structural analogues (the tool available from https://sites.google.com/jadavpuruniversity.in/dtc-lab-software/home). Three similarity estimation techniques such as, Euclidean distance-based similarity, Gaussian kernel function similarity, and Laplacian kernel function similarity are used in this algorithm. As the confidence of predictions for untested compounds is important information, we have addressed this issue here by consideration of several similarity and error – based criteria. The role of these measures in discriminating high and low residual query compounds is studied in three different approaches: (a) comparison of means of a measure for high and low residual groups; (b) development of classification models for absolute residuals to identify the contributing measures; (c) application of the sum of ranking differences (SRD) approach to identify the measures closer to the reference rank defined by the absolute residuals. Finally, the frequency of occurrences of different measures in the three approaches is compared. The results from three data sets with 10 divisions of source and target compounds in each case indicate that weighted standard deviation of the predicted response values appear to be the most deterministic feature for the reliability of predictions followed by different similarity-based features. The derived reliability measures will provide a greater confidence to the quality of quantitative predictions from the chemical read-across tool for new query compounds. ",2022-05-30T09:30:35.105Z,10.26434/chemrxiv-2022-4s53w
242,Chemically Inspired Convolutional Neural Network using Electronic Structure Representation,"In recent years, a development of appropriate crystal representations for accurate prediction of inorganic crystal properties has been considered as one of the essential tasks to accelerate materials discovery through high-throughput virtual screening (HTVS). However, many of them were developed aiming to predict properties of the given structures, although property predictions of ground state structures using unrelaxed structures as inputs are much more important in practical HTVS. To tackle this challenge, we develop a chemically inspired convolutional neural network based on convolution block attention modules using density of states of unrelaxed initial structures (IS-DOS) as inputs. Our model, Electronic Structure Network (ESNet), achieved the highest accuracy for predicting formation energy, proving that IS-DOS is appropriate input for the property prediction and the attention module is capable of properly featurizing DOS signals by capturing contributions of each spin and orbital state. In addition, we statistically evaluated a stability screening performance of ESNet, measuring computational cost and capability of materials discovery simultaneously. We found that ESNet outperformed previously reported models and various models with different types of input features and architectures. Indeed, ESNet successfully discovered 926 stable materials from 15,318 unrelaxed structures with 82 % reduced computational cost compared to the complete DFT validation.",2023-01-30T06:05:22.471Z,10.26434/chemrxiv-2023-ks8vp
243,Machine Learning-Augmented Docking. 1. CYP inhibition prediction,"significant portion of the oxidative metabolism carried out by the human body is accomplished by six cytochrome P450 (CYP) enzymes. The binding of small molecules to these enzymes affects drug activity and half-life. Additionally, the inhibition or induction of a CYP isoform by a drug can lead to drug-drug interactions, which in turn can lead to toxicity. To predict CYP inhibition, a variety of computational methods have been used, with docking methods being less accurate than machine learning (ML) methods. However, the latter methods are sensitive to training data and show reduced accuracy on test sets outside of the chemical space represented in the training set. In contrast, docking methods do not have this generalization issue and allow for visual analysis. We hypothesize that combining ML methods with docking can improve CYP inhibition predictions. To test this hypothesis, we pair our in-house docking program FITTED with several ML techniques to investigate the accuracy and transferability of this hybrid methodology, which we term ML-augmented docking. We find that ML-augmented docking can significantly improve the accuracy of docking software while consistently surpassing the performance of ligand-only models. Additionally, we show that ML-augmented docking is more generalizable than machine learning models trained on ligand-only data. The open-source code created for this project can be found at https://github.com/MoitessierLab/ML-augmented-docking-CYP-inhibition",2023-09-19T08:13:43.117Z,10.26434/chemrxiv-2023-tjzr4-v2
244,Masked Graph Modeling for Molecule Generation,"De novo, in-silico design of molecules is a challenging problem with applications in drug discovery and material design. We introduce a masked graph model, which learns a distribution over graphs by capturing conditional distributions over unobserved nodes (atoms) and edges (bonds) given observed ones. We train and then sample from our model by iteratively masking and replacing different parts of initialized graphs.<br />We evaluate our approach on the QM9 and ChEMBL datasets using the GuacaMol distribution-learning benchmark. We find that validity, KL-divergence and Fréchet ChemNet Distance scores are anti-correlated with novelty, and that we can trade off between these metrics more effectively than existing models. On distributional metrics, our model outperforms previously proposed graph-based approaches and is competitive with SMILES-based approaches. Finally, we show our model generates molecules with desired values of specified properties while maintaining physiochemical similarity to the<br />training distribution.",2021-04-01T09:06:47.000Z,10.26434/chemrxiv.13143167.v3
245,Ab Initio to activity: Machine learning assisted optimization of high-entropy alloy catalytic activity.,"High-entropy alloys are slowly making their debut as a platform for catalyst discovery, but conventional methods, theoretical as well as experimental, may fall short of screening the vast composition space inhabited by this class of materials. New theoretical approaches are needed to gauge the catalytic activity of high-entropy alloys and optimize the alloy composition within a feasible time frame as a prerequisite for further experimental studies. Herein, we establish a workflow for simulations of catalysis on high-entropy alloy surfaces. For each step of the modeling we present our choice of method, however, we also acknowledge that alternative options are available. We apply the developed methodology to predict the net catalytic activity of any alloy composition, within the composition space spanned by Ag-Ir-Pd-Pt-Ru, for the oxygen reduction reaction. Based on first-principle calculations, a graph convolution neural network is used to predict adsorption energies of *OH and *O. Subsequently, taking competitive co-adsorption of reaction intermediates into account, we couple the net adsorption energy distribution of a high-entropy alloy surface to the expected current density. Lastly, this procedure is used in conjunction with a Bayesian optimization scheme to search for optimal alloy compositions, which yields several promising compositions. This result shows that an unbiased in silico pre-screening and discovery of catalyst candidates is viable and will help scale the otherwise insurmountable challenge of searching for high-entropy alloy catalysts. It is our hope that our computational framework, which is freely available on GitHub, will aid other research groups to efficiently identify promising high-entropy alloy catalysts.",2022-06-01T13:17:34.714Z,10.26434/chemrxiv-2022-vvrrf-v2
246,ML-SAFT: A machine learning framework for PCP-SAFT parameter prediction,"The Perturbed Chain Polar Statistical Associating Fluid Theory (PCP-SAFT) equation of state (EoS) is widely used to predict fluid-phase thermodynamics, but parameterization of PCP-SAFT for individual molecules is often challenging. We propose a machine learning framework called ML-SAFT for predicting parameters of PCP-SAFT. In order to provide data for training machine learning models, we created the largest dataset of regressed PCP-SAFT parameters in the literature. We then conducted extensive evaluation of several machine learning architectures for predicting PCP-SAFT parameters. We found that our best model provided accurate predictions for a wider range of molecules than existing predictive techniques with 39 \% average absolute deviation (AAD) in vapor pressure predictions and 9 \% AAD in density predictions.",2023-05-08T11:38:57.999Z,10.26434/chemrxiv-2023-j1z06
247,Training Transferable Interatomic Neural Network Potentials for Reactive Chemistry: Improved Chemical Space Sampling ,"Large, condensed phased, and extended systems remain a challenge for theoretical studies due to the compromise between accuracy and computational cost in their calculations.  Machine learning methods are on the rise to solve this trade off by training on large datasets of highly accurate calculations that are traditionally hard to obtain.  The development of interatomic machine learning potentials has resulted in the ability to model high-quality potential energy surfaces with near ab initio level of accuracy at low computational cost.  However, just like other machine learning applications, such methods face challenges when it comes to quality training data and transferability, specifically to systems of chemical space beyond its training.  In this work, we present the continuous exploration of utilizing machine learning methods to build and achieve accurate and efficient potential energy surface for bond dissociation and reactive chemistry, and explore sampling techniques that can allow interatomic neural network potentials designed to model potential energy surfaces, such as ANI and NequIP, to accurately predict bond dissociation energy and model reactive chemistry, and to obtain transferability beyond its training data across chemical space.  ",2024-03-07T06:31:19.445Z,10.26434/chemrxiv-2024-c375f
248,Deep Supramolecular Language Processing for Co-crystal Prediction,"Approximately 40% of marketed drugs exhibit suboptimal pharmacokinetic profiles. Co-crystallization, where pairs of molecules form a multicomponent crystal, constitutes a promising strategy to enhance physicochemical properties without compromising the pharmacological activity.  However, finding promising co-crystal pairs is resource-intensive, due to the vast number of possible combinations. We present DeepCocrystal, a novel deep learning approach designed to predict co-crystal formation by processing the 'chemical language' from a supramolecular vantage point. Rigorous validation of DeepCocrystal showed a balanced accuracy of 78% in realistic scenarios, outperforming existing models. By leveraging the properties of molecular string representations, DeepCocrystal can also estimate the uncertainty of its predictions. We harness this capability in a challenging prospective study, and successfully discovered two novel co-crystal of diflunisal, an anti-inflammatory drug. This study underscores the potential of deep learning -- and in particular of chemical language processing -- to accelerate co-crystallization, and ultimately drug development, in both academic and industrial contexts.",2024-06-18T05:12:11.613Z,10.26434/chemrxiv-2024-vgvhk-v2
249,Quantum chemistry based prediction of electron ionization mass spectra for environmental chemicals,"There is a lack of experimental electron ionization high-resolution mass spectra available to assist compound identification. The in silico generation of mass spectra by quantum chemistry can aid annotation workflows, in particular to support the identification of compounds that lack experimental reference spectra, such as environmental chemicals. We present an open-source, semi-automated workflow for the in silico prediction of electron ionization high-resolution mass spectra based on the QCxMS software. The workflow was applied to predict the spectra of 367 environmental chemicals and accuracy evaluated by comparison to experimental reference spectra acquired. The molecular flexibility, number of rotatable bonds and number of electronegative atoms of a compound were negatively correlated with prediction accuracy. Few analytes are predicted to sufficient accuracy for the direct application of predicted spectra in spectral matching workflows. The m/z values of the top 5 most abundant ions of predicted spectra rarely match ions in experimental spectra, evidencing the disconnect between simulated fragmentation pathways and empirical reaction mechanisms.",2024-05-17T09:55:05.986Z,10.26434/chemrxiv-2024-2ngwq-v2
250,Modelling local and general quantum mechanical properties with attention-based pooling,"Atom-centred neural networks represent the state-of-the-art for approximating the quantum chemical properties of molecules, such as internal energies. While the design of machine learning architectures that respect chemical principles has continued to advance, the final atom pooling operation that is necessary to convert from atomic to molecular representations in most models remains relatively undeveloped. The most common choices, sum and average pooling, compute molecular representations that are naturally a good fit for many physical properties, while satisfying properties such as permutation invariance which are desirable from a geometric deep learning perspective. However, there are growing concerns that such simplistic functions might have limited representational power, while also being suboptimal for physical properties that are highly localised or intensive. Based on recent advances in graph representation learning, we investigate the use of a learnable pooling function that leverages an attention mechanism to model interactions between atom representations. The proposed pooling operation is a drop-in replacement requiring no changes to any of the other architectural components. Using SchNet and DimeNet++ as starting models, we demonstrate consistent uplifts in performance compared to sum pooling and a recent physics-aware pooling operation designed specifically for orbital energies, on several datasets, properties, and levels of theory, with up to 85% improvements depending on the specific task.",2023-06-08T12:53:20.772Z,10.26434/chemrxiv-2023-301gj
251,A Modified Electrostatic Complementary Score Function and Its Application Boundary Exploration in Drug Design," In recent years, machine learning (ML) models have been found to quickly predict various molecular properties with accuracy comparable to high level quantum chemistry methods. One such example is the calculation of electrostatic potential (ESP). Different ESP prediction ML models were proposed to generate surface molecular charge distribution. Electrostatic complementarity (EC) can quantitatively apply ESP data to scale the complementarity between a ligand and its binding pocket, leading to the potential to increase efficiency of drug design. However, there is not much research discussing EC score functions and its application boundary. We propose a new EC score function modified from the one originally developed by Bauer and Mackey, and confirmed its effectiveness against the available Pearson’s R correlation coefficient. Additionally, the application boundary of the EC score and two indices used to define the EC score application scope will be discussed. ",2022-06-07T11:06:37.425Z,10.26434/chemrxiv-2022-f72w5
252,Identifying Structure-Property Relationships through SMILES Syntax Analysis With Self-Attention Mechanism,"<p>Recognizing substructures and their relations embedded in a molecular structure representation is a key process for <a></a><a>structure-activity</a> or structure-property relationship (SAR/SPR) studies. A molecular structure can be either explicitly represented as a connection table (CT) or linear notation, such as SMILES, which is a language describing the connectivity of atoms in the molecular structure. Conventional SAR/SPR approaches rely on partitioning the CT into a set of predefined substructures as structural descriptors. In this work, we propose a new method to identifying SAR/SPR through linear notation (for example, SMILES) syntax analysis with self-attention mechanism, an interpretable deep learning architecture. The method has been evaluated by predicting chemical property, toxicology, and bioactivity from experimental data sets. Our results demonstrate that the method yields superior performance comparing with state-of-the-art methods. Moreover, the method can produce chemically interpretable results, which can be used for a chemist to design, and synthesize the activity/property improved compounds.</p>",2018-11-14T14:03:11.000Z,10.26434/chemrxiv.7295903.v2
253,Global interpretability and geometry of graph convolu- tional neural networks for chemistry in terms of chemical moieties,"Graph convolutional neural nets, such as SchNet, [Schütt et al, Journal of Chemical Physics, 2018, 148, 241722], provide accurate predictions of chemical quantities without invoking any direct physical or chemical principles. These methods learn a hidden statistical representation of molecular systems in an end-to-end fashion; from xyz coordinates to molecular properties with many hidden layers in between. This naturally leads to the interpretability question: what underlying chemical model determines the algorithm’s accurate decision-making? To answer this question, we analyze the hidden layer activations of QM9-trained SchNet, also known as “embedding vectors” with dimension- reduction, linear discriminant analysis and Euclidean-distance measures. The result is a quantifiable geometry of the model’s decision making that identifies chemical moieties and has a low parametric space of ∼ 5 important parameters from the fully-trained 128-parameter embedding. The geometry of the embedding space organizes these moieties with sharp linear boundaries that can classify each chemical environment within < 5 × 10−4 error. Euclidean distance between embedding vectors can be used to demonstrate a versatile molecular similarity measure, outperforming other popular hand- crafted representations such as Smooth Overlap of Atomic Positions (SOAP). We also reveal that the embedding vectors can be used to extract observables that are related to chemical environments such as pKa and NMR. The work is in line with the recent push for explainable AI and gives insights into the depth of modern statistical representations of chemistry, such as graph convolutional neural nets, in this rapidly evolving technology.",2023-09-05T12:07:47.864Z,10.26434/chemrxiv-2023-zhlmr
254,SNAr Regioselectivity Predictions: Machine Learning Trigger-ing DFT Reaction Modeling through Statistical Threshold,"Fast and accurate prospective predictions of the regioselectivity can significantly reduce the time and resources spent on unproductive transformations in the pharmaceutical industry. Density functional theory (DFT) reaction modeling through transition state theory (TST) and machine learning (ML) methods have been widely used to predict reaction outcomes such as selectivity. However, TST reaction modeling and ML methods are either time-consuming or data dependent. Herein, we introduce a prototype seamlessly bridging machine learning and TST modeling by triggering the resource-intensive but much less domain sensitive DFT calculation only on less confident ML predictions. The proposed workflow was trained and tested on both Pfizer internal dataset and USPTO public dataset to predict regioselectivity for SNAr reactions. Our method is accurate and fast which achieves 96.3% and 94.7% accuracy predicting the correct major product on Pfizer and USPTO datasets, respectively, in a fraction of conventional TST computing time.",2022-12-16T09:25:50.054Z,10.26434/chemrxiv-2022-504v2
255,MoleGuLAR: Molecule Generation using Reinforcement Learning with Alternating Rewards,"Design of new inhibitors for novel targets is a very important problem especially in the current scenario with the world being plagued by COVID-19. Conventional approaches undertaken to this end, like, high-throughput virtual screening require extensive combing through existing datasets in the hope of finding possible matches. In this study we propose a computational strategy for de novo generation of molecules with high binding affinities to the specified target. A deep generative model is built using a stack augmented recurrent neural network for initially generating drug like molecules and then it is optimized using reinforcement learning to start generating molecules with desirable properties--primarily the binding affinity. The reinforcement learning section of the pipeline is further extended to multi-objective optimization showcasing the model's ability to generate molecules with a wide variety of properties desirable for drug like molecules, like, LogP, Quantitative Estimate of Drug Likeliness etc.. For multi-objective optimization, we have devised a novel strategy in which the property being used to calculate the reward is changed periodically. In comparison to the conventional approach of taking a weighted sum of all rewards, this strategy shows enhanced ability to generate a significantly higher number of molecules with desirable properties.  ",2021-07-27T05:15:50.544Z,10.26434/chemrxiv-2021-cg9p8
256,Assessment of Predicting Frontier Orbital Energies for Small Organic Molecules Using Knowledge-Based and Structural Information,"A systematic comparison is demonstrated for the predictions of frontier orbital energies – HOMO (EH), LUMO (EL), and energy gap (ΔEHL) of the molecules in QM9 dataset, where it contains 120k-plus three-dimensional organic molecule structures determined by first-principle simulations. The target molecular properties (EH, EL, and ΔEHL) are predicted using the linear regression (LR), machine learning (random forest, RF), and continuous-filter convolutional neural network (SchNET) approaches. LR and RF models built upon various knowledge-based descriptors, being derived from SMILES of the molecules, can provide predictivity of the target properties with the mean-absolute-errors (MAEs) at 4-6 times of chemical accuracy (0.043 eV). The best approach – SchNET, using the graph representation derived from molecular Cartesian coordinates, is confirmed to provide MAEs of EH, EL, and ΔEHL at 0.051, 0.041, and 0.076 eV, respectively. With the introduction of bond-step matrix representation with SchNET model, the computational cost of dataset preparation can be substantially reduced, and the corresponding MAEs increases moderately to 2-3 times of chemical accuracy. The chemical interpretation of the important descriptors identified in the LR and RF models appear to align with the chemical knowledge of describing these molecular electronic properties, however, being accompanied with tolerable prediction errors. The combination of bond-step representation and SchNET model can provide an assessable-and-balanced option for the high-throughput screening of organic molecules and the preparation of data science approach. ",2022-02-16T12:12:39.719Z,10.26434/chemrxiv-2022-cn9hw
257,Regio-Selectivity Prediction with a Machine-Learned Reaction Representation and On-the-Fly Quantum Mechanical Descriptors,"<div> 			<div> 				<div> 					<p>We introduce a new method that combines machine-learned reaction representation with selected quantum mechanical descriptors to predict regio-selectivity in general substitution reactions. We construct a reactivity descriptor database based on ab initio calculations of 130k organic molecules, and train a multi-task constrained model to calculate demanded descriptors on-the-fly. </p> 				</div> 			</div> 		</div>",2020-09-03T12:30:35.000Z,10.26434/chemrxiv.12907316.v1
258,Critical Assessment of Artificial Intelligence Methods for Prediction of hERG Channel Inhibition in the ‘Big Data’ Era,"The rise of novel artificial intelligence methods necessitates a comparison of this wave of new approaches with classical machine learning for a typical drug discovery project. Inhibition of the potassium ion channel, whose alpha subunit is encoded by human Ether-à-go-go-Related Gene (hERG), leads to prolonged QT interval of the cardiac action potential and is a significant safety pharmacology target for the development of new medicines. Several computational approaches have been employed to develop prediction models for assessment of hERG liabilities of small molecules including recent work using deep learning methods. Here we perform a comprehensive comparison of prediction models based on classical (random forests and gradient boosting) and modern (deep neural networks and recurrent neural networks) artificial intelligence methods. The training set (~9000 compounds) was compiled by integrating hERG bioactivity data from ChEMBL database with experimental data generated from an in-house, high-throughput thallium flux assay. We utilized different molecular descriptors including the latent descriptors, which are real-valued continuous vectors derived from chemical autoencoders trained on a large chemical space (> 1.5 million compounds). The models were prospectively validated on ~840 in-house compounds screened in the same thallium flux assay. The deep neural networks performed significantly better than the classical methods with the latent descriptors. The recurrent neural networks that operate on SMILES provided highest model sensitivity. The best models were merged into a consensus model that offered superior performance compared to reference models from academic and commercial domains. Further, we shed light on the potential of artificial intelligence methods to exploit the chemistry big data and generate novel chemical representations useful in predictive modeling and tailoring new chemical space.<br />",2020-04-16T05:13:23.000Z,10.26434/chemrxiv.12119040.v1
259,Machine Learning for Accurate Force Calculations in Molecular Dynamics Simulations,"<p>The computationally expensive nature of ab initio molecular dynamics simulations severely limits its ability to simulate large system sizes and long time scales, both of which are necessary to imitate experimental conditions. In this work, we explore an approach to make use of the data obtained using the quantum mechanical density functional theory (DFT) on small systems and use deep learning to subsequently simulate large systems by taking liquid argon as a test case. A suitable vector representation was chosen to represent the surrounding environment of each Ar atom, and a DNetFF machine learning model where, the neural network was trained to predict the difference in resultant forces obtained by DFT and classical force fields was introduced. Molecular dynamics simulations were then performed using forces from the neural network for various system sizes and time scales depending on the properties we calculated. A comparison of properties obtained from the classical force field and the neural network model was presented alongside available experimental data to validate the proposed method.</p>",2020-05-08T14:33:21.000Z,10.26434/chemrxiv.12271289.v1
260,Uni-pKa: An Accurate and Physically Consistent pKa Prediction through Protonation Ensemble Modeling,"Predicting pKa values of small molecules has key applications in drug discovery and molecular simulation.  However, current methods face challenges in rigorously interpreting experimental data and ensuring thermodynamic consistency between successive pKa values.  This study puts forward a protonation ensemble framework to address these limitations by modeling the full space of possible protonation microstates.  Within this framework, we derive rigorous definitions connecting experimental macro-pKas to underlying micro-pKa equilibria.  Under this new framework, we develop Uni-pKa, an accurate and reliable pKa predictor. Uni-pKa first pretrains on over 1 million predicted pKas from ChemBL to learn expressive molecular representations.  It is then finetuned on experimental datasets that enforce consistency with the protonation ensemble definitions.  The high-quality experimental pKa datasets are fitted to this framework by recovering underlying microstates from macro-pKas. Modeling the complete ensemble enables rigorous interpretation of macro-pKa data, and inherently preserves thermodynamic consistency, improving the prediction accuracy of Uni-pKa.  Experiments demonstrate that Uni-pKa achieves state-of-the-art performance, outperforming previous methods. This novel protonation ensemble approach significantly advances machine learning for pKa prediction and molecular property modeling.  Uni-pKa provides a good example of how to combine chemical knowledge and machine learning methods. Users can utilize Uni-pKa for predicting and ranking the protonation states of molecules under various pH conditions via https://app.bohrium.dp.tech/uni-pka.",2023-08-28T08:11:09.256Z,10.26434/chemrxiv-2023-lw5k0
261,MF-PCBA: Multi-fidelity high-throughput screening benchmarks for drug discovery and machine learning,"High-throughput screening (HTS), as one of the key techniques in drug discovery, is frequently used to identify promising drug candidates in a largely automated and cost-effective way. One of the necessary conditions for successful HTS campaigns is a large and diverse compound library, enabling hundreds of thousands of activity measurements per project. Such collections of data hold great promise for computational and experimental drug discovery efforts, especially when leveraged in combination with modern deep learning techniques, and potentially leading to improved drug activity predictions and cheaper and more effective experimental design. However, existing collections of machine learning ready public datasets do not exploit the multiple data modalities present in real-world HTS projects. Thus, the largest fraction of experimental measurements, corresponding to hundreds of thousands of 'noisy' activity values from primary screening, are effectively ignored in the majority of machine learning models of HTS data.  To address these limitations, we introduce MF-PCBA (Multi Fidelity PubChem BioAssay), a curated collection of 60 datasets that includes two data modalities for each dataset, corresponding to primary and confirmatory screening, an aspect that we call multi-fidelity. Multi-fidelity data accurately reflects real-world HTS conventions, and presents a new, challenging task for machine learning: the integration of low and high-fidelity measurements through molecular representation learning, taking into account the orders-of-magnitude difference in size between the primary and confirmatory screens. Here, we detail the steps taken to assemble MF-PCBA, in terms of data acquisition from PubChem and the filtering steps required to curate the raw data. We also provide an evaluation of a recent, deep-learning based method for multi-fidelity integration across the introduced datasets, demonstrating the benefit of leveraging all HTS modalities, and a discussion in terms of the roughness of the molecular activity landscape. In total, MF-PCBA contains over 16.6 million unique molecule-protein interactions. The datasets can be easily assembled by using the source code available at https://github.com/davidbuterez/mf-pcba.",2022-11-14T09:47:07.093Z,10.26434/chemrxiv-2022-cb3tz
262,Explaining molecular properties with natural language,"We present a model-agnostic method that gives natural language explanations of molecular structure property predictions. Machine learning models are now common for molecular property prediction and chemical design. They typically are black boxes -- having no explanation for predictions. We show how to use surrogate models to attribute predictions to chemical descriptors and molecular substructures, independent of the black box model inputs. The method generates explanations consistent with chemical reasoning, like connecting existence of a functional group or molecular polarity. We see in a genuine test like blood brain barrier permeation, our descriptor explanations match biologically observed SARs with mechanistic support. We show these quantitative explanations can be further translated to natural language.",2022-10-03T06:38:30.828Z,10.26434/chemrxiv-2022-v5p6m-v3
263,Machine Learning the Quantum-Chemical Properties of Metal–Organic Frameworks for Accelerated Materials Discovery with a New Electronic Structure Database,"<p>Metal–organic frameworks (MOFs) are a widely investigated class of crystalline solids with tunable structures that make it possible to impart specific chemical functionality tailored for a given application. However, the enormous number of possible MOFs that can be synthesized makes it difficult to determine which materials would be the most promising candidates, especially for applications governed by electronic structure properties that are often computationally demanding to simulate and time-consuming to probe experimentally. Here, we have developed the first publicly available quantum-chemical database for MOFs (the “QMOF database”), which consists of properties derived from density functional theory (DFT) for over 14,000 experimentally synthesized MOFs. Throughout this study, we demonstrate how this new database can be used to identify MOFs with targeted electronic structure properties. As a proof-of-concept, we use the QMOF database to evaluate the performance of several machine learning models for the prediction of DFT-computed band gaps and find that crystal graph convolutional neural networks are capable of achieving superior predictive performance, making it possible to circumvent computationally expensive quantum-chemical calculations. We also show how unsupervised learning methods can aid the discovery of otherwise subtle structure–property relationships using the computational findings in this work. We conclude by highlighting several MOFs with low band gaps, a challenging task given the electronically insulating nature of most MOF structures. The data and predictive models generated in this work, as well as the database of MOF structures, should be highly useful to other researchers interested in the predictive design and discovery of MOFs for the many applications dictated by quantum-chemical phenomena.<br /></p>",2020-10-29T19:00:21.000Z,10.26434/chemrxiv.13147616.v1
264,Kernel Methods for Predicting Yields of Chemical Reactions,"The use of machine learning methods for the prediction of reaction yield is an emerging area. We demonstrate the applicability of support vector regression (SVR) for predicting reaction yields, using combinatorial data. Molecular descriptors used in regression tasks related to chemical reac?tivity have often been based on time-consuming, computationally demanding quantum chemical calculations, usually density functional theory. Structure-based descriptors (molecular fingerprints and molecular graphs) are quicker and easier to calculate, and are applicable to any molecule. In this study, SVR models built on structure-based descriptors were compared to models built on quantum chemical descriptors. The models were evaluated along the dimension of each reaction component in a set of Buchwald-Hartwig amination reactions. The structure-based SVR models out-performed the quantum chemical SVR models, along the dimension of each reaction compo?nent. The applicability of the models was assessed with respect to similarity to training. Prospec?tive predictions of unseen Buchwald-Hartwig reactions are presented for synthetic assessment, to validate the generalisability of the models, with particular interest along the aryl halide dimension.",2021-04-01T12:43:38.000Z,10.26434/chemrxiv.14346920.v1
265,Featurization Strategies for Polymer Sequence or Composition Design by Machine Learning,"The emergence of data-intensive scientific discovery and machine learning has dramatically changed the way in which scientists and engineers approach materials design.  Nevertheless, for designing macromolecules or polymers, one limitation is the lack of appropriate methods or standards for converting systems into chemically informed, machine-readable representations. This featurization process is critical to building predictive  models that can guide polymer discovery.  Although standard molecular featurization techniques have been deployed on homopolymers, such approaches capture neither the multiscale nature nor topological complexity of copolymers, and they have limited application to systems that cannot be characterized by a single repeat unit.  Herein, we present, evaluate, and analyze a series of featurization strategies suitable for copolymer systems. These strategies are systematically examined in diverse prediction tasks sourced from four distinct datasets that enable understanding of how featurization can impact copolymer property prediction. Based on this comparative analysis, we suggest directly encoding polymer size in polymer representations when possible, adopting topological descriptors or convolutional neural networks when the precise polymer sequence is known, and using chemically informed unit representations when developing extrapolative models. These results provide guidance and future directions regarding polymer featurization for copolymer design by machine learning.",2022-02-17T07:19:14.166Z,10.26434/chemrxiv-2021-m74c8-v2
266,Prediction of the chemical context for Buchwald-Hartwig coupling reactions,"We present machine learning models for predicting the chemical context for Buchwald-Hartwig coupling reactions. Using reaction data from in-house electronic lab notebooks, we train two models: one based on single-label data and one based on multi-label data. Both models show excellent top-3 accuracy around 90%, which suggests strong predictivity. There seems to be an advantage of including multi-label data because the multi-label model shows higher accuracy and better sensitivity for the individual contexts than the single-label model. Although the models are performant, we also show that such models need to be re-trained periodically. There is a strong temporal characteristic to the usage of different contexts. Therefore, a model trained on historical data will decrease in usefulness with time as newer and better contexts emerge and replace older ones. We hypothesize that these significant transitions in the context-use will likely affect any model predicting chemical contexts trained on historical data. Consequently, training such models warrants careful planning of what data is used for training and how often the model needs to be re-trained.",2021-10-26T13:47:25.849Z,10.26434/chemrxiv-2021-87hqt
267,In Silico Analysis of the Interaction of Marine-derived Bioactive Compounds with the NLRP3 Inflammasome NACHT Domain,"Cell death plays a homeostatic role in the life of a multicellular organism such as in removing damaged, unwanted, or excess cells, and aiding the normal development of organisms. Pyroptosis is an immunomodulatory form of regulated cell death that is mediated by the pore-forming action of the gasdermin protein family, and has been linked to various diseases including cancer, neurodegeneration, and infection. Targeting pyroptosis therefore could have potential therapeutic benefit, for instance, via the inhibition of its execution. In this regard, marine-derived compounds can offer possible novel structures and scaffolds by which potential pyroptosis inhibitors can be designed. In this study 153 mareine-derived compounds were investigated for their in silico interaction with the NLRP3 inflammasome NACHT domain through molecular docking, ADMET profiling, and key interaction analysis. Docking of the compounds on the target protein based on a previously solved co-crystal structure yielded binding free energy (BFE) values between–10.8 to 82 kcal/mol. Interactions of the top-performing compounds with critical protein residues were predominantly non-covalent in nature and displayed a great degree of similarity to the co-crystalized inhibitor. The top performing compounds also displayed drug-likeness with varying levels of toxicity risks based on ADMET analysis, and (S)-6’-debromohamacanthin was determined to have the most potential having zero Lipinski violations and exhibiting no toxicity risks.",2023-06-14T04:31:47.245Z,10.26434/chemrxiv-2023-wm7js
268,Diff-Shape: A Novel Constrained Diffusion Model for Shape based De Novo Drug Design,"Shape-based virtual screening is a widely utilized method in ligand-based de novo drug design, aiming to identify molecules in chemical libraries that share similar 3D shapes but simultaneously possess novel 2D chemical structures compared to the reference compound. As an emerging technology, generative model is an alternative way to do de novo drug design by directly generating 3D novel structures. However, existing models face challenges in reliably generating valid drug-like molecules under specific conformation constrains. Here, a novel diffusion model constrained with 3D reference shape, Diff-Shape, was proposed to generate structures whose 3D conformations are similar to a given reference shape, thereby avoiding the computational cost of screening large database of 3D conformations. This model utilized a zero-weighted graph control module, taking in various forms of point clouds of reference shape to guide diffusion process of 3D molecular generation. The results show that our model is capable of generating molecules with high shape similarity but still low 2D graph similarity to the query structure and it significantly out-performs existing shape based generative models. Examples were also given to demonstrate that combining with docking software our model can effectively generate structures in structure-based drug design scenario. ",2024-04-30T11:16:00.497Z,10.26434/chemrxiv-2024-km0h1
269,Bidirectional Graphormer for Reactivity Understanding: neural network trained to reaction atom-to-atom mapping task,"This work introduces GraphormerMapper – a new algorithm for reactions atom-to-atom mapping (AAM) based on a distance-aware BERT neural network. In benchmarking studies with IBM RxnMapper, the best AAM algorithm according to our previous study, we demonstrate that our AAM algorithm is superior on our “Golden” benchmarking dataset. The mapper is implemented in Chython [https://github.com/chython/chython] and Chytorch [https://github.com/chython/chytorch, https://github.com/chython/chytorch-rxnmap] Python packages which are freely available for out-the-box use. Chython is a cheminformatics library with a simple interface for processing reaction and molecular data. The key features of Chython are: chemical functional groups standardization, checking atom valence errors, substructure search, and advanced reaction manipulation, for example, generating products from reactants and reaction atom-to-atom mapping. Chytorch provides a PyTorch-like interface for graph-based neural networks developed specifically for chemical tasks.",2022-03-21T13:23:47.026Z,10.26434/chemrxiv-2022-bn5nt
270,Active site sequence representation of human kinases outperforms full sequence for affinity prediction and inhibitor generation: 3D effects in a 1D model,"Recent advances in deep learning have enabled the development of large-scale multimodal models for virtual screening and de novo molecular design. The human kinome with its abundant sequence and inhibitor data presents an attractive opportunity to develop proteochemometric models that exploit the size and internal diversity of this family of targets. Here we challenge a standard practice in sequence-based affinity prediction models: instead of leveraging the full primary structure of proteins, each target is represented by a sequence of 29 residues defining the ATP binding site. In kinase-ligand binding affinity prediction, our results show that the reduced active site sequence representation is not only computationally more efficient but consistently yields significantly higher performance than the full primary structure. This trend persists across different models, datasets, performance metrics and holds true when predicting affinity for both unseen ligands and kinases. Our interpretability analysis further demonstrates that, even without supervision, the full sequence model can learn to focus on the active site residues to a higher extent. We then investigate a de novo molecular design task and find that the active site provides benefits in the computational efficiency, but otherwise, both kinase representations yield similar optimized affinities (for both SMILES and SELFIES-based molecular generators). Our work challenges the assumption that full primary structure is indispensable for modelling human kinases. We hope that these results will inspire additional investigation into hybrid mechanistic-DL modeling approaches to support the identification and optimization of kinase inhibitors’ candidates.",2021-10-29T04:55:14.163Z,10.26434/chemrxiv-2021-np7xj-v4
271,Prediction of the Potential Energy Surface for polyatomic molecule with the Three-dimensional Special Euclidean Equivariant Transformer Network,"The process of fitting potential energy surfaces using machine learning methods typically involves manually constructing feature vectors and transforming molecular graphs into the inputs of networks for the polyatomic molecule structure. In this study, we introduce a novel approach using a three-dimensional special Euclidean equivariant transformer network that can directly learn the potential energy of polyatomic molecules and represent the structure of the molecule in a universal and interpretable way. Our method accurately predicts the potential energy of polyatomic molecules, as determined by coupled cluster theory, for various molecular graphs. Moreover, our framework is interpretable about the molecular physics, as one can extract molecular equivariant positional information regarding the global invariant energy surface. To demonstrate the utility of our approach, we present a detailed description of the training process used to fit the potential energy surfaces of polyatomic molecule CH5, as well as the properties of its resulting potential energy surfaces. ",2024-02-07T12:25:31.599Z,10.26434/chemrxiv-2024-62lrz
272,A Geometric Deep Learning Approach to Predict Binding Conformations of Bioactive Molecules,"Understanding the interactions formed between a ligand and its molecular target is key to guide the optimization of molecules. Different experimental and computational methods have been key to understand better these intermolecular interactions. Herein, we report a method based on geometric deep learning that is capable of predicting the binding conformations of ligands to protein targets. Concretely, the model learns a statistical potential based on distance likelihood which is tailor-made for each ligand-target pair. This potential can be coupled with global optimization algorithms to reproduce experimental binding conformations of ligands. We show that the potential based on distance likelihood described in this paper performs similar or better than well-established scoring functions for docking and screening tasks. Overall, this method represents an example of how artificial intelligence can be used to improve structure-based drug design.",2021-04-20T13:24:27.000Z,10.26434/chemrxiv.14453106.v1
273,Data-Driven Prediction of Formation Mechanisms of Lithium Ethylene Monocarbonate with an Automated Reaction Network,"<div><div><div><p>Interfacial reactions are notoriously difficult to characterize and robust prediction of the chemical evolution and associated functionality of the resulting surface film is one of the grand challenges of materials chemistry. The solid–electrolyte interphase (SEI), critical to the operation of Li-ion batteries (LIB), exemplifies such a surface film and despite decades of work, considerable controversy remains regarding the major components of the SEI as well as their formation mechanisms. In this work, we present pioneering results of a newly developed data-driven reaction network addressing the recent question whether lithium ethylene monocarbonate (LEMC) or lithium ethylene dicarbonate (LEDC) is the major organic component of the LIB SEI. Our data-driven, automated methodology is based on a systematic generation of relevant species using a general fragmentation/recombination procedure which provides the basis for our vast thermodynamic reaction landscape, calculated with density functional theory (DFT). The graph implementation of the reaction landscape is subsequently explored using shortest pathfinding algorithms, identifying reactions to LEMC from EC, Li+ and H2O under the electron chemical potential of Li metal. Confirming the viability of our approach, the reaction network automatically recovers previously-proposed formation mechanisms of LEMC from EC and LEDC through hydrolysis, among which the direct hydrolysis of EC under basic conditions is found to be the most kinetically favorable. We also identify several other new reaction pathways to LEMC, illustrating the complex and competitive landscape of possible electrochemical electrolyte decomposition reactions. For example, we recover a LEMC formation mechanism that generates lithium hydride as a by-product and a radical mechanism through breaking the (CH2)O–C(–O)OLi bond in LEDC, neither of which has been proposed previously. Most importantly, we find that all identified paths, which are also kinetically favorable under the explored conditions, require water as a reactant. This condition severely limits the amount of LEMC that can form, as compared to LEDC, a conclusion that has direct impact on our understanding of SEI formation in Li-ion energy storage systems. Finally, we emphasize that our framework demonstrates robust, automated, data-driven predictions of novel interfacial reaction mechanisms and this framework is generally applicable to other reactive systems.</p></div></div></div>",2021-06-04T04:35:26.000Z,10.26434/chemrxiv.14720844.v1
274,Translating the Molecules: Adapting Neural Machine Translation to Predict IUPAC Names from a Chemical Identifier,"We present a sequence-to-sequence machine learning model for predicting the IUPAC name of a chemical from its standard International Chemical Identifier (InChI). The model uses two stacks of transformers in an encoder-decoder architecture, a setup similar to the neural networks used in state-of-the-art machine translation. Unlike neural machine translation, which usually tokenizes input and output into words or sub-words, our model processes the InChI and predicts the  2 IUPAC name character by character. The model was trained on a dataset of 10 million InChI/IUPAC name pairs freely downloaded from the National Library of Medicine’s online PubChem service. Training took five days on a Tesla K80 GPU, and the model achieved test-set accuracies of 95% (character-level) and 91% (whole name). The model performed particularly well on organics, with the exception of macrocycles. The predictions were less accurate for inorganic compounds, with a character-level accuracy of 71%. This can be explained by inherent limitations in InChI for representing inorganics, as well as low coverage (1.4 %) of the training data.",2021-03-08T07:19:14.000Z,10.26434/chemrxiv.14170472.v1
275,GB-Score: Minimally Designed Machine Learning Scoring Function Based on Distance-weighted Interatomic Contact Features,"In recent years, thanks to advances in computer hardware and dataset availability, data-driven approaches (like machine learning) have become one of the essential parts of the drug design framework to accelerate drug discovery procedures. Constructing a new scoring function, a function that can predict the binding score for a generated protein-ligand pose during docking procedure or a crystal complex, based on machine and deep learning has become an active research area in computer-aided drug design. GB-Score is a state-of-the-art machine learning-based scoring function that utilizes distance-weighted interatomic contact features, PDBbind-v2019 general set, and Gradient Boosting Trees algorithm to the binding affinity prediction. The distance-weighted interatomic contact featurization method used the distance between different ligand and protein atom types for numerical representation of the protein-ligand complex. GB-Score attains Pearson’s correlation 0.862 and RMSE 1.190 on the CASF-2016 benchmark test in the scoring power metric. GB-Score’s codes are freely available on the web at https://github.com/miladrayka/GB_Score.",2022-02-22T06:41:38.280Z,10.26434/chemrxiv-2022-f2tqx
276,EnzyKR: A Chirality-Aware Deep Learning Model for Predicting the Outcomes of the Hydrolase-Catalyzed Kinetic Resolution,"Hydrolase-catalyzed kinetic resolution is a well-established biocatalytic process. However, the computational tools that predict the favorable enzyme scaffolds for separating racemic substrate mixture are underdeveloped. To address this challenge, we trained a deep learning framework, EnzyKR, to automate the selection of hydrolases for stereoselective biocatalysis. EnzyKR adopts a classifier-regressor architecture that first identifies the reactive binding conformer of an enantiomer-hydrolase complex, and then predicts its activation free energy. A structure-based encoding strategy was used to depict the chiral interactions between hydrolases and enantiomers. Different from existing models trained on protein sequence and substrate SMILES strings, EnzyKR was trained using 204 enantiomer-hydrolase complexes, which were constructed by docking based on the enzyme and substrate structures curated from IntEnzyDB. EnzyKR was tested using a held-out dataset of 20 complexes on the task of active free energy prediction. EnzyKR achieved a Pearson correlation coefficient (R) of 0.72, a Spearman rank correlation coefficient (Spearman R) of 0.72, and a mean absolute error (MAE) of 1.54 kcal/mol in its active free energy prediction task. Furthermore, EnzyKR was tested on the task of predicting enantiomeric excess ratios for 28 hydrolytic kinetic resolution reactions catalyzed by fluoroacetate dehalogenase RPA1163, halohydrin HheC, A. mediolanus epoxide hydrolase, and P. fluorescens esterase. The performance of EnzyKR was compared against a recently developed kinetic predictor, DLKcat. EnzyKR correctly predicts the favored enantiomer and outperforms DLKcat in 18 out of 28 reactions, occupying 64% of the test cases. These results demonstrate EnzyKR as a new approach for prediction of enantiomeric outcomes in hydrolase-catalyzed kinetic resolution reactions.",2023-09-12T04:49:04.045Z,10.26434/chemrxiv-2023-1sdkl-v2
277,Molecular Transformer – A Model for Uncertainty-Calibrated Chemical Reaction Prediction,"<div><div><div><p>Organic synthesis is one of the key stumbling blocks in medicinal chemistry. A necessary yet unsolved step in planning synthesis is solving the forward problem: given reactants and reagents, predict the products. Similar to other work, we treat reaction prediction as a machine translation problem between SMILES strings of reactants-reagents and the products. We show that a multi-head attention Molecular Transformer model outperforms all algorithms in the literature, achieving a top-1 accuracy above 90% on a common benchmark dataset. Our algorithm requires no handcrafted rules, and accurately predicts subtle chemical transformations. Crucially, our model can accurately estimate its own uncertainty, with an uncertainty score that is 89% accurate in terms of classifying whether a prediction is correct. Furthermore, we show that the model is able to handle inputs without reactant-reagent split and including stereochemistry, which makes our method universally applicable.</p></div></div></div>",2019-05-30T16:14:05.000Z,10.26434/chemrxiv.7297379.v2
278,Deep Generative Model for Sparse Graphs using Text-Based Learning with Augmentation in Generative Examination Networks,"Graphs and networks are a key research tool for a variety of science fields, most notably chemistry, biology, engineering and social sciences. Modeling and generation of graphs with efficient sampling is a key challenge for graphs. In particular, the non-uniqueness, high dimensionality of the vertices and local dependencies of the edges may render the task challenging. We apply our recently introduced method, Generative Examination Networks (GENs) to create the first text-based generative graph models using one-line text formats as graph representation. In our GEN, a RNN-generative model for a one-line text format learns autonomously to predict the next available character. The training is stopped by an examination mechanism checking validating the percentage of valid graphs generated. We achieved moderate to high validity using dense g6 strings (random 67.8 +/- 0.6, canonical 99.1 +/- 0.2). Based on these results we have adapted the widely used SMILES representation for molecules to a new input format, which we call linear graph input (LGI). Apart from the benefits of a short compressible text-format, a major advantage include the possibility to randomize and augment the format.  The generative models are evaluated for overall performance and for reconstruction of the property space. The results show that LGI strings are very well suited for machine-learning and that augmentation is essential for the performance of the model in terms of validity, uniqueness and novelty. Lastly, the format can address smaller and larger dataset of graphs and the format can be easily adapted to define another meaning of the characters used in the LGI-string and can address sparse graph problems in used in other fields of science.",2019-10-11T22:13:50.000Z,10.26434/chemrxiv.9901070.v2
279,Prediction-inspired intelligent training for the development of c-RASAR models for organic skin sensitizers: Assessment of classification error rate from novel similarity coefficients,"The advancements in the field of cheminformatics have led to a reduction in animal testing to estimate the activity/property/toxicity of query chemicals. Read-Across Structure-Activity Relationship (RASAR) is an emerging concept that utilizes various similarity functions derived from chemical information to develop highly predictive models. Unlike quantitative structure-activity relationship (QSAR) models, RASAR descriptors of a query compound are computed from its close congeners instead of the compound itself, thus targeting predictions in the model training phase. The objective of the present study is not to propose new QSAR models for skin sensitization, but to demonstrate the enhancement in the quality of predictions of the skin-sensitizing potential of organic compounds by developing classification-based RASAR (c-RASAR) models. A diverse, previously curated, dataset was collected from the literature, for which 2D descriptors were computed. The extracted essential features were then used to develop a classification-based linear discriminant analysis (LDA) QSAR model. Furthermore, from the Read-Across-based predictions, RASAR descriptors were calculated using the basic settings of the hyperparameters for the Laplacian kernel-based optimum similarity measure. After feature selection, an LDA c-RASAR model was developed which superseded the prediction quality of the LDA-QSAR model. Various other combinations of RASAR descriptors were also taken to develop additional c-RASAR models all showing better prediction quality than the LDA QSAR model while using a lower number of descriptors. Various other machine learning c-RASAR models were also developed for comparison purposes.  In this work, we have proposed and analyzed three new similarity metrics: gm_class, sm1, and sm2. The first one is an indicator variable used to generate a simple univariate c-RASAR model with good prediction ability, while the rest two are similarity indices used to analyze possible activity cliffs in the training and test sets and are believed to play an important role in the modelability analysis of datasets.",2023-05-22T11:28:49.238Z,10.26434/chemrxiv-2023-20v0k
280,Exposing the limitations of molecular machine learning with activity cliffs.,"Machine learning has become a crucial tool in drug discovery and chemistry at large, e.g., to predict molecular properties, such as bioactivity, with high accuracy. However, activity cliffs – pairs of molecules that are highly similar in their structure but exhibit large differences in potency – have been underinvestigated for their effect on model performance. Not only are these edge cases informative for molecule discovery and optimization, but models that are well-equipped to accurately predict the potency of activity cliffs have an increased potential for prospective applications. Our work aims to fill the current knowledge gap on best-practice machine learning methods in the presence of activity cliffs. We benchmarked a total of 720 machine and deep learning models on curated bioactivity data from 30 macromolecular targets for their performance on activity cliff compounds. While all methods struggled in the presence of activity cliffs, machine learning approaches based on molecular descriptors outperformed more complex deep learning methods. Our findings highlight large case-by-case differences in performance, advocating for (a) the inclusion of dedicated “activity-cliff-centered” metrics during model development and evaluation, and (b) the development of novel algorithms to better predict the properties of activity cliffs. To this end, the methods, metrics, and results of this study have been encapsulated into an open-access benchmarking platform named MoleculeACE (Activity Cliff Estimation, available on GitHub at: https://github.com/molML/MoleculeACE). MoleculeACE is designed to steer the community towards addressing the pressing but overlooked limitation of molecular machine learning models posed by activity cliffs.",2022-08-30T12:42:27.117Z,10.26434/chemrxiv-2022-mfq52-v3
281,From Organic Fragments to Photoswitchable Catalysts: The OFF-ON Structural Repository for Transferable Kernel-based Potentials ,"Structurally and conformationally diverse databases are needed to train accurate neural networks or kernel-based potentials capable of exploring the complex free en- ergy landscape of flexible functional organic molecules. Curating such databases for species beyond “simple” drug-like compounds or molecules comprised of well-defined building blocks (e.g., peptides) is challenging, as it requires thorough chemical space mapping and evaluation of both chemical and conformational diversity. Here, we intro- duce the OFF–ON (Organic Fragments From Organocatalysts that are Non-modular) database, a repository of 7,869 equilibrium and 67,457 non–equilibrium geometries of organic compounds and dimers aimed at describing conformationally flexible func- tional organic molecules, with an emphasis on photoswitchable organocatalysts. The relevance of this database is then demonstrated by training a Local Kernel Regres- sion model on a low-cost semiempirical baseline and comparing it with a PBE0-D3 reference for several known catalysts, notably the free energy surfaces of exemplary photoswitchable organocatalysts. Our results demonstrate that the OFF–ON dataset offers reliable predictions for simulating the conformational behavior of virtually any (photoswitchable) organocatalyst or organic compound comprised of H, C, N, O, F, and S atoms, thereby opening a computationally feasible route to explore complex free energy surfaces in order to rationalize and predict catalytic behavior.",2023-12-06T12:52:31.238Z,10.26434/chemrxiv-2023-kslds
282,Navigating Materials Space with ML-Generated Electronic Fingerprints,"Finding materials with good performance in a specific application, especially when the origin of good performance is not well understood or not easily computable, is a major challenge in materials science. Trial-and-error random exploration is prohibitively expensive due to the vastness of the materials space. A more practical approach is to search for new materials within the proximity of known compounds that possess the desired property. In such an approach, assessing materials’ similarity requires deriving some fingerprint relevant for material’s performance. Typically, material’s structure is used as the fingerprint, which often does not translate into similarity in properties. Electronic structure fingerprints, e.g., density of states (DOS) or electronic band structure, were proposed as a better alternative, however, the computational cost of their calculation on the scale of 100,000 materials remains too high for rapid exploration. In this work, we developed a Graph Convolutional Network (GCN) ProDosNet which is trained on orbital-resolved and atom-resolved projected density of states (PDOS) data and is capable of predicting the electronic structure of materials at extremely low computational cost. With this model, we were able to generate PDOS fingerprints for all compounds present in the Materials Projects database and cluster them by similarity of their orbital-resolved PDOS. We demonstrate that these electronic fingerprints allow finding materials with similar electronic properties but drastically different structures for applications in photovoltaics, catalysis, and batteries.",2024-06-12T07:32:48.081Z,10.26434/chemrxiv-2023-j1szt-v2
283,Virtual Screening of Leishmanial Pyridoxal Kinase Enzyme Inhibitors by Repurposed Anti-Trypanosomal Libraries Reveals Two Core Scaffolds,"Leishmania is an intracellular protozoal infection, and it is classified as a neglected disease by the World Health Organization (WHO). Annually more than 2 million newly diagnosed cases were treated with highly toxic drugs. Leishmanial pyridoxal kinase enzyme (LPDxK) is an essential and druggable target. DNDI1103666 is the most promising lead as a potential inhibitor for LPDxK",2020-10-13T05:22:57.000Z,10.26434/chemrxiv.13077395.v1
284,AI-driven discovery of synergistic drug combinations against pancreatic cancer,"Treatment regimens, especially in cancer, often include more than one medicine in order to achieve durable outcomes. Identifying the optimal combination of treatments has historically been done through clinical trial and error. And for many conditions, such as pancreatic cancer, an optimal treatment protocol has remained elusive, and the best available treatment combinations provide only modest benefit. Recent developments have led to the application of both experimental screening approaches and in silico modeling methods to identify synergistic drug combinations and expand the therapeutic options for multiple diseases. Here we conduct a study to compare different predictive approaches for identifying new treatment combinations for pancreatic cancer using cell line growth as an initial proxy for clinical utility. NCATS performed screening involving 496 pairwise combinations of 32 antineoplastic drugs, tested against the PANC-1 human pancreatic carcinoma cell line in duplicates using a 10 × 10 matrix format. This dataset served as the basis for generating and training advanced AI/ML models focused on pancreatic cancer. Next, three independent groups (NCATS, UNC and MIT), though in a collaborative manner, utilized three different workflows with AL/ML approaches to discover new perspective drug combinations against pancreatic cancer among over 1.5 million drug combinations. As a result of this collaboration, 88 proposed combinations were tested in a cell-based assay; 53 of them were synergistic (hit rate ~60%). While all machine learning approaches demonstrate advances in the direction of predicting synergistic drug combinations, graph convolutional networks resulted in the best performance with a hit rate ~83%, and Random Forest delivered the highest precision of 65%. Interestingly, all utilized AL/ML methods among the three groups proposed different drug combinations with a small overlap of only two combos from 90. This study demonstrates the potential of a collaborative modeling approach for prioritizing drug combinations in large-scale screening campaigns, particularly when focusing on maximizing the efficacy of drugs known to exhibit synergy.",2024-04-30T12:36:15.083Z,10.26434/chemrxiv-2024-zv92k
285,HOAX: A Hyperparameter Optimization Algorithm Explorer for Neural Networks,"Computational chemistry has become an important tool to predict and understand molecular properties and reactions. Even though recent years have seen a significant growth in new algorithms and computational methods that speed up quantum chemical calculations, the bottleneck for trajectory-based methods to study photoinduced processes is still the huge number of electronic structure calculations. In this work, we present an innovative solution, in which the amount of electronic structure calculations is drastically reduced, by employing machine learning algorithms and methods borrowed from the realm of artificial intelligence. However, applying these algorithms effectively requires finding optimal hyperparameters, which remains a challenge itself. Here we present an automated user-friendly framework, HOAX, to perform the hyperparameter optimization for neural networks, which bypasses the need for a lengthy manual process. The neural network generated potential energy surfaces (PESs) reduces the computational costs compared to the ab initio-based PESs. We perform a comparative investigation on the performance of different hyperparameter optimiziation algorithms, namely grid search, simulated annealing,genetic algorithm, and bayesian optimizer in finding the optimal hyperparameters necessary for constructing the well-performing neural network in order to fit the PESs of small organic molecules. Our results show that this automated toolkit not only facilitates a straightforward way to perform the hyperparameter optimization but also the resulting neural networks-based generated PESs are in reasonable agreement with the ab initio-based PESs.",2023-02-02T09:37:46.672Z,10.26434/chemrxiv-2023-1qbb5
286,Predicting SARS-CoV-2 Protein Interactions: Insights from Machine Learning ,"In our research journey, we undertook a comprehensive exploration of protein-protein interaction (PPI) prediction, with a primary focus on unraveling the intricate web of interactions involving the SARS-CoV-2 virus. Our research endeavor encompassed a multi-faceted approach that seamlessly integrated data preprocessing, feature engineering, the application of machine learning models, deep learning techniques, and extensive data visualization to gain profound insights into the complex realm of molecular interactions.The journey commenced with the acquisition of data from the IntAct database, a repository brimming with protein interaction information. However, before diving into analysis, rigorous data preprocessing was imperative. We meticulously scrubbed the data, eliminating undesired identifiers, and harnessed the power of regular expressions to extract and retain only the numeric values crucial for our predictive models. Feature engineering emerged as a pivotal step, allowing us to craft informative data representations conducive to effective model training. Our transformation of the ""Confidence Value"" variable, extracted from IntAct, into a structured and insightful feature set, was enhanced through one-hot encoding, facilitating our predictive endeavors. Our quest for predictive excellence took two distinct paths: traditional machine learning and deep learning. Utilizing a Random Forest Classifier, we explored classical machine learning methods, achieving commendable accuracy in predicting protein interactions. The introduction of Support Vector Machine (SVM) classifiers further underscored the robustness of our approach, reinforcing its potential in this critical domain. However, the allure of deep learning beckoned, and we ventured into the realm of neural networks. Leveraging TensorFlow and Keras, we meticulously crafted a neural architecture that exhibited remarkable prowess in discerning protein interactions. Our deep learning model unveiled intricate patterns, allowing us to delve deeper into the enigmatic world of PPIs. The culmination of our efforts was showcased through a captivating array of visualizations, each offering unique insights into the realm of protein interactions. Heatmaps artfully painted the picture of confusion matrices, elucidating the strengths and nuances of our predictive models. ROC curves, precision-recall curves, and bar plots masterfully illustrated the intricate interplay between true positives, false positives, and other critical metrics. Our research transcended the realms of technical prowess. It delved into the ethical dimensions of data integration, underscoring the importance of adhering to the highest standards of scientific ethics. We acknowledged the vital need for data privacy and the responsible handling of biological data, anchoring our research in a strong commitment to ethical conduct. In conclusion, our research stands as a testament to the transformative power of computational approaches in deciphering the complex tapestry of protein interactions. It not only provides predictive models but also serves as a blueprint for ethical data management and interpretation. As we bring this journey to a close, we invite fellow researchers to embark on this captivating voyage of discovery, shedding light on the molecular intricacies of SARS-CoV-2 and paving the way for a deeper understanding of host-virus interactions.",2023-09-29T04:35:02.852Z,10.26434/chemrxiv-2023-362lh
287,JAEGER – Hunting for Antimalarials with Generative Chemistry,"Recent advances in generative modeling allow designing novel compounds through deep neural networks. One such neural network model, the Junction Tree Variational Auto- Encoder (JT-VAE), excels at proposing chemically valid structures. Based on JT-VAE, we built a generative modeling approach (JAEGER) for finding novel chemical matter with desired bioactivity. Using JAEGER, we designed compounds to inhibit malaria. To prioritize the compounds for synthesis, we used the in-house Profile-QSAR (pQSAR) program, a massively-multitask bioactivity model based on 12,000 Novartis assays. Based on the pQSAR activity predictions, we selected, synthesized, and experimentally profiled two compounds. Both compounds exhibited low nanomolar activity in a malaria proliferation assay as well as a biochemical assay measuring activity against PI(4)K, which is an essential kinase that regulates intracellular development in malaria. The compounds also showed low activity in a cytotoxicity assay. Our findings show that JAEGER is a viable approach for finding novel active compounds for drug discovery.",2021-07-20T13:24:40.257Z,10.26434/chemrxiv-2021-5t5xx
288,Building an ab initio solvated DNA model using Euclidean neural networks,"Accurately modeling large biomolecules such as DNA from first principles is fundamentally challenging due to the steep computational scaling of ab initio quantum chemistry methods. This limitation becomes even more prominent when modeling biomolecules in solution due to the need to include large numbers of solvent molecules. We present a machine learning electron density model based on a Euclidean neural network framework to model explicitly solvated double-stranded DNA. The neural network framework has a built-in understanding of equivariance, allowing the model to learn 3D structural information efficiently by exploiting the properties of Euclidean symmetry. By training the machine learning model using molecular fragments that sample the key DNA and solvent interactions, we show that the model predicts electron densities of arbitrary systems of solvated DNA accurately, resolves polarization effects that are neglected by classical force fields, and captures the physics of the DNA-solvent interaction at the ab initio level. ",2023-06-28T08:22:32.172Z,10.26434/chemrxiv-2023-rfg4t
289,Compositionally-Restricted Attention-Based Network for Materials Property Prediction,"<div>In this paper, we demonstrate a novel application of the Transformer self-attention mechanism. Our network, the Compositionally-Restricted Attention-Based network, referred to as CrabNet, explores the area of structure-agnostic materials property predictions when only a chemical formula is provided.</div><div>Our results show that CrabNet's performance matches or exceeds current best practice methods on nearly all of 28 total benchmark datasets. We also demonstrate how CrabNet's architecture lends itself towards model interpretability by showing different visualization approaches that are made possible by its design.</div><div>We feel confident that CrabNet, and its attention-based framework, will be of keen interest to future materials informatics researchers. </div><div><br /></div><div>For trained model weights, please see: http://doi.org/10.5281/zenodo.4633866</div>",2021-03-25T11:02:33.000Z,10.26434/chemrxiv.11869026.v3
290,Spectra to Structure: Deep Reinforcement Learning for Molecular Inverse Problem,"Spectroscopy is the study of how matter interacts with electromagnetic radiations of specific frequencies that has led to several monumental discoveries in science. The spectra of any particular molecule is highly information-rich, yet the inverse relation from the spectra to the molecular structure is still an unsolved problem. Nuclear Magnetic Resonance (NMR) spectroscopy is one such critical tool in the tool-set for scientists to characterise any chemical sample. In this work, a novel framework is proposed that attempts to solve this inverse problem by navigating the chemical space to find the correct structure that resulted in the target spectra. The proposed framework uses a combination of online Monte- Carlo-Tree-Search (MCTS) and a set of offline trained Graph Convolution Networks to build a molecule iteratively from scratch. Our method is able to predict the correct structure of the molecule ∼80% of the time in its top 3 guesses. We believe that the proposed framework is a significant step in solving the inverse design problem of NMR spectra to molecule.",2021-12-16T06:47:18.256Z,10.26434/chemrxiv-2021-4hc7k
291,Condensing Molecular Docking CNNs via Knowledge Distillation,"Knowledge of the bound protein-ligand structure is critical to many drug discovery tasks. One tool for in silico bound structure elucidation is molecular docking, which samples and scores ligand binding conformations. Recent work has demonstrated that convolutional neural networks (CNNs) for protein-ligand pose scoring outperform conventional scoring functions. Scoring performance can be further increased by taking the average of multiple CNN models, termed ensembles. However, ensembles of large parameter models require significant computational resources and therefore are difficult to apply to high-throughput molecular docking for virtual screening. We investigate knowledge distillation as a framework to condense the knowledge of large, powerful CNN model ensembles into a single reduced CNN model for a significant reduction in computational cost. Ensemble KD produces single models that outperform non-KD trained single models.",2024-03-29T07:41:32.393Z,10.26434/chemrxiv-2024-0jh8g
292,pKa Prediction in Non-Aqueous Solvents,"Acid dissociation constants (pKa) are widely measured and studied, most typically in water. Comparatively few datasets and models for non-aqueous pKa values exist. In this work, we demonstrate how the pKa in one solvent can be accurately determined using reference data in another solvent, corrected by solvation energy calculations from the COSMO-RS method. We benchmark this approach in ten different solvents, and find that pKa values calculated in six solvents deviate from experimental data on average by less than 1 pH unit. We observe comparable performance on a more diverse test set including amino acids and drug molecules, with higher error for large molecules. The model performance in four other solvents is worse, with some MAEs exceeding 3 pH units; we discuss how such errors arise due to both model error and inconsistency in data calibration. Finally, we demonstrate how this technique can be used to estimate the proton transfer energy between different solvents, and use this to report a value of the proton’s solvation energy in formamide, a quantity that has does not have a consensus value in literature.",2024-05-13T05:42:39.756Z,10.26434/chemrxiv-2024-vx797-v2
293,"Group Contribution and Machine Learning Approaches to Predict Abraham Solute Parameters, Solvation Free Energy, and Solvation Enthalpy","We present a group contribution method (SoluteGC) and a machine learning model (SoluteML) to predict the Abraham solute parameters, as well as a machine learning model (DirectML) to predict solvation free energy and enthalpy at 298 K. The proposed group contribution method uses atom-centered functional groups with corrections for ring and polycyclic strain whilst the machine learning models adopt a directed message passing neural network. The solute parameters predicted from SoluteGC and SoluteML are used to calculate solvation energy and enthalpy via linear free energy relationships. Extensive data sets containing 8366 solute parameters, 20253 solvation free energies, and 6322 solvation enthalpies are compiled in this work to train the models. The three models are each evaluated on the same test sets using both random and substructure-based solute splits for solvation energy and enthalpy predictions. The results show that the DirectML model is superior to the SoluteML and SoluteGC models for both predictions and can provide accuracy comparable to that of advanced quantum chemistry methods. Yet, even though the DirectML model performs better in general, all three models are useful for various purposes. Uncertain predicted values can be identified by comparing the 3 models, and when the 3 models are combined together, they can provide even more accurate predictions than any one of them individually. Finally, we present our compiled solute parameter, solvation energy, and solvation enthalpy databases (SoluteDB, dGsolvDBx, dHsolvDB) and provide public access to our final prediction models through a simple web-based tool, software package, and source code.",2022-01-04T05:18:48.000Z,10.26434/chemrxiv-2021-djd3d-v2
294,Predicting Retrosynthetic Pathways Using a Combined Linguistic Model and Hyper-Graph Exploration Strategy,"<div><div><div><p>We present an extension of our Molecular Transformer architecture combined with a hyper-graph exploration strategy for automatic retrosyn- thesis route planning without human intervention. The single-step ret- rosynthetic model sets a new state of the art for predicting reactants as well as reagents, solvents and catalysts for each retrosynthetic step. We introduce new metrics (coverage, class diversity, round-trip accuracy and Jensen-Shannon divergence) to evaluate the single-step retrosynthetic models, using the forward prediction and a reaction classification model always based on the transformer architecture. The hypergraph is con- structed on the fly, and the nodes are filtered and further expanded based on a Bayesian-like probability. We critically assessed the end-to-end framework with several retrosynthesis examples from literature and aca- demic exams. Overall, the frameworks has a very good performance with few weaknesses due to the bias induced during the training process. The use of the newly introduced metrics opens up the possibility to optimize entire retrosynthetic frameworks through focusing on the performance of the single-step model only.</p><p><br /></p><p>Available on IBM RXN for Chemistry: https://rxn.res.ibm.com.<br /></p></div></div></div>",2019-10-21T20:57:22.000Z,10.26434/chemrxiv.9992489.v1
295,Materials Representation and Transfer Learning for Multi-Property Prediction,"The adoption of machine learning in materials science has rapidly transformed materials property prediction. Hurdles limiting full capitalization of recent advancements in machine learning include the limited development of methods to learn the underlying interactions of multiple elements, as well as the relationships among multiple properties, to facilitate property prediction in new composition spaces. To address these issues, we introduce the Hierarchical Correlation Learning for Multi-property Prediction (H-CLMP) framework that seamlessly integrates (i) prediction using only a material’s composition, (ii) learning and exploitation of correlations among target properties in multitarget regression, and (iii) leveraging training data from tangential domains via generative transfer learning. The model is demonstrated for prediction of spectral optical absorption of complex metal oxides spanning 69 3-cation metal oxide composition spaces. H-CLMP accurately predicts non-linear composition-property relationships in composition spaces for which no training data is available, which broadens the purview of machine learning to the discovery of materials with exceptional properties. This achievement results from the principled integration of latent embedding learning, property correlation learning, generative transfer learning, and attention models. The best performance is obtained using H-CLMP with Transfer learning (H-CLMP(T)) wherein a generative adversarial network is trained on computational density of states data and deployed in the target domain to augment prediction of optical absorption from composition. H-CLMP(T) aggregates multiple knowledge sources with a framework that is well-suited for multi-target regression across the physical sciences.",2021-05-24T05:54:18.000Z,10.26434/chemrxiv.14612307.v1
296,A Quantitative Uncertainty Metric Controls Error in Neural Network-Driven Chemical Discovery,"<p>Machine learning (ML) models, such as artificial neural networks, have emerged as a complement to high-throughput screening, enabling characterization of new compounds in seconds instead of hours. The promise of ML models to enable large-scale, chemical space exploration can only be realized if it is straightforward to identify when molecules and materials are outside the model’s domain of applicability. Established uncertainty metrics for neural network models are either costly to obtain (e.g., ensemble models) or rely on feature engineering (e.g., feature space distances), and each has limitations in estimating prediction errors for chemical space exploration. We introduce the distance to available data in the latent space of a neural network ML model as a low-cost, quantitative uncertainty metric that works for both inorganic and organic chemistry. The calibrated performance of this approach exceeds widely used uncertainty metrics and is readily applied to models of increasing complexity at no additional cost. Tightening latent distance cutoffs systematically drives down predicted model errors below training errors, thus enabling predictive error control in chemical discovery or identification of useful data points for active learning.</p>",2019-05-15T15:13:49.000Z,10.26434/chemrxiv.7900277.v2
297,3DDPDs: Describing protein dynamics for proteochemometric bioactivity prediction. A case for (mutant) G protein-coupled receptors,"Proteochemometric (PCM) modelling is a powerful computational drug discovery tool used in bioactivity prediction of potential drug candidates relying on both chemical and protein information. In PCM features are computed to describe small molecules and proteins, which directly impact the quality of the predictive models. State-of-the-art protein descriptors, however, are calculated from the protein sequence and neglect the dynamic nature of proteins. This dynamic nature can be computationally simulated with molecular dynamics (MD). Here, novel 3D dynamic protein descriptors (3DDPDs) were designed to be applied in bioactivity prediction tasks with PCM models. As a test case publicly available G protein-coupled receptor (GPCR) MD data from GPCRmd was used. GPCRs are membrane-bound proteins, which are activated by hormones and neurotransmitters, and constitute an important target family for drug discovery. GPCRs exist in different conformational states that allow transmission of diverse signals and that can be modified by ligand interactions, among other factors. To translate the MD-encoded protein dynamics two types of 3DDPDs were considered: one-hot encoded residue-specific (rs) and embedding-like protein-specific (ps) 3DDPDs. The descriptors were developed by calculating distributions of trajectory coordinates and partial charges, applying dimensionality reduction, and subsequently condensing them into vectors per residue or protein, respectively. 3DDPDs were benchmarked on a number of PCM tasks against state-of-the-art non-dynamic protein descriptors. Our rs- and ps3DDPDs outperformed non-dynamic descriptors in regression tasks using a temporal split, and showed comparable performance with a random split and in all classification tasks. Combinations of non-dynamic descriptors with 3DDPDs did not result in increased performance. Finally, the power of 3DDPDs to capture dynamic fluctuations in mutant GPCRs was explored. The results presented here show the potential of including protein dynamic information on machine learning tasks, specifically bioactivity prediction, and open opportunities for applications in drug discovery, including oncology.    ",2023-05-23T06:05:49.139Z,10.26434/chemrxiv-2023-90082
298,"Multi-Scale Modeling of Physical Properties of Nanoporous Frameworks: Predicting Mechanical, Thermal and Adsorption Behavior","Nanoporous frameworks are a large and diverse family of materials, with a key role in various industrial processes and applications such as energy production and conversion, fluid separation, gas storage, water harvesting, and many more. The performance and suitability of nanoporous materials for each specific application are directly related to both its physical and chemical properties, and their determination is crucial for process engineering and optimization of performances. In this Account, we focus on some recent developments in the multi-scale modeling of physical properties of nanoporous frameworks, highlighting the latest advances in three specific areas: mechanical properties, thermal properties, and adsorption. For the study of the mechanical behavior of nanoporous materials, the last few years have seen a rapid acceleration of research. For example, computational resources have been pooled to created public large-scale databases of elastic constants: those can serve as a basis for data-based discovery of materials with targeted properties, as well as the training of machine learning predictor models. The large-scale prediction of thermal behavior, in comparison, is not yet routinely performed at such large scale. Tentative databases have been assembled at the DFT level on specific families of materials, like zeolites, but prediction at larger scale currently requires the use of transferable, classical force fields, whose accuracy can be limited. Finally, adsorption is naturally one of the most studied physical properties of nanoporous frameworks, as fluid separation or storage is often the primary target for these materials. We highlight the recent achievements and open challenges for adsorption prediction at large scale, focusing in particular on the accuracy of computational models and the reliability of comparisons with experimental data available. We detail some recent methodological improvements in the prediction of adsorption-related properties, including thermodynamic quantities and transport properties. Finally, we stress the importance for data-based methods of addressing all sources of uncertainty. The Account concludes with some perspectives about the latest developments and open questions in data-based approaches, and the integration of computational and experimental data together in the materials discovery loop.",2024-04-29T07:26:47.840Z,10.26434/chemrxiv-2024-n01cs-v2
299,DeepPocket: Ligand Binding Site Detection and Segmentation using 3D Convolutional Neural Networks,"A structure-based drug design pipeline involves the development of potential drug molecules or ligands that form stable complexes with a given receptor at its binding site. A prerequisite to this is finding druggable and functionally relevant binding sites on the 3D structure of the protein. Although several methods for detecting binding sites have been developed beforehand, a majority of them surprisingly fail in the identification and ranking of binding sites accurately. The rapid adoption and success of deep learning algorithms in various sections of structural biology beckons the usage of such algorithms for accurate binding site detection. As a combination of geometry based software and deep learning, we report a novel framework, DeepPocket that utilises 3D convolutional neural networks for the rescoring of pockets identified by Fpocket and further segments these identified cavities on the protein surface. Apart from this, we also propose another dataset SC6K containing protein structures submitted in the Protein Data Bank (PDB) from January 2018 till February 2020 for ligand binding site (LBS) detection. DeepPocket's results on various binding site datasets and SC6K highlights its better performance over current state-of-the-art methods and good generalization ability over novel structures. ",2021-07-15T12:09:47.660Z,10.26434/chemrxiv-2021-7fkkx-v2
300,Deep Learning-Based Increment Theory for Formation Enthalpy Predictions,"Quantitative predictions of molecular thermochemistry, such as formation enthalpy, have been limited for complicated species due to a lack of available training data. Such predictions would be important in predicting reaction thermodynamics and constructing kinetic models. We introduce a graph-based deep learning approach that can separately learn the enthalpy contribution of each atom in its local environment and consider the effect of overall molecular structure. Because this approach follows the additivity scheme of increment theory, it can be generalized to larger and more complicated species not present in the training data. We demonstrate that our model can outperform the conventional increment theory in the predictions of formation enthalpy. We expect this approach will also enable rapid prediction of other extensive properties of large molecules that are difficult to derive from experiments or ab initio calculation.",2022-06-15T09:36:13.264Z,10.26434/chemrxiv-2022-lc84d
301,Machine learning approaches in predicting allosteric sites,"Allosteric regulation is a fundamental biological mechanism that can control critical cellular processes via allosteric modulator binding to protein distal functional sites. The advantages of allosteric modulators over orthosteric ones have sparked the development of numerous computational approaches, such as the identification of allosteric binding sites, to facilitate allosteric drug discovery. Building on the success of Machine Learning (ML) models for solving complex problems in biology and chemistry, several ML models for predicting allosteric sites have been developed. In this review, we provide an overview of these models and discuss future perspectives powered by the field of Artificial Intelligence such as protein Language Models.",2024-01-17T04:42:08.795Z,10.26434/chemrxiv-2024-4gf9b
302,"Data-Efficient, Chemistry-Aware Machine Learning Predictions of Diels–Alder Reaction Outcomes","The application of machine learning models to the prediction of reaction outcomes currently needs large and/or highly featurized datasets. We show that a chemistry-aware model, NERF, which mimics the bonding changes that occur during reactions, allows for highly accurate predictions of the outcomes of Diels–Alder reactions using a relatively small training set, with no pretraining and no additional features. We establish a diverse dataset of 9,537 intramolecular, hetero-, aromatic, and inverse electron demand Diels–Alder reactions. This dataset is used to train a NERF model and the performance is compared against state-of-the-art classification and generative machine learning models across low- and high-data regimes, with and without pretraining. The predictive accuracy (regio- and site selectivity in the major product) achieved by NERF exceeds 90% when as little as 40% of the dataset is used for training. Another high-performing model, Chemformer, requires a larger training dataset (>45%) and pretraining to reach 90% Top-1 accuracy. Accurate predictions of less-represented reaction subclasses, such as those involving heteroatomic or aromatic substrates, require higher percentages of training data. We also show how NERF can use small amounts of additional training data to quickly learn new systems and improve its overall understanding of reactivity. Synthetic chemists stand to benefit as this model can be rapidly expanded and tailored to areas of chemistry corresponding to the low data regime.",2024-03-06T05:44:49.908Z,10.26434/chemrxiv-2024-mhs6s
303,Design and Diversity Analysis of Chemical Libraries in Drug Discovery,"Chemical libraries and compound data sets are among the main inputs to start the drug discovery process at universities, research institutes, and the pharmaceutical industry. The approach used in the design of compound libraries, the chemical information they possess, and the representation of structures, play a fundamental role in the development of studies: chemoinformatics, food informatics, in silico pharmacokinetics, computational toxicology, bioinformatics, and molecular modeling to generate computational hits that will continue the optimization process of drug candidates. The prospects for growth in drug discovery and development processes in chemical, biotechnological, and pharmaceutical companies began a few years ago by integrating computational tools with artificial intelligence methodologies. It is anticipated that it will increase the number of drugs approved by regulatory agencies shortly.",2023-03-13T11:27:58.672Z,10.26434/chemrxiv-2023-pc1ll
304,ChemPix: Automated Recognition of Hand-drawn Hydrocarbon Structures Using Deep Learning,"<p>Inputting molecules into chemistry software, such as quantum chemistry packages, currently requires domain expertise, expensive software and/or cumbersome procedures. Leveraging recent breakthroughs in machine learning, we develop ChemPix: an offline, hand-drawn hydrocarbon structure recognition tool designed to remove these barriers. A neural image captioning approach consisting of a convolutional neural network (CNN) encoder and a long short-term memory (LSTM) decoder learned a mapping from photographs of hand-drawn hydrocarbon structures to machine-readable SMILES representations. We generated a large auxiliary training dataset, based on RDKit molecular images, by combining image augmentation, image degradation and background addition. Additionally, a small dataset of ~600 hand-drawn hydrocarbon chemical structures was crowd-sourced using a phone web application. These datasets were used to train the image-to-SMILES neural network with the goal of maximizing the hand-drawn hydrocarbon recognition accuracy. By forming a committee of the trained neural networks, we achieved a nearly 10 percentage point improvement of the molecule recognition accuracy and were able to assign a confidence value for the prediction based on the number of agreeing votes. The top ensemble model achieved a hand-drawn hydrocarbon recognition accuracy of 77% for the first prediction and 86% if the top 3 predictions were considered; in over 50% of cases, the model was at least 97% confident in the prediction, making it a promising tool for real-world use cases.</p>",2021-03-08T08:29:26.000Z,10.26434/chemrxiv.14156957.v1
305,"Novel Pharmacokinetics Profiler (PhaKinPro): Model Development, Validation, and Implementation as a Web-Tool for Triaging Compounds with Undesired PK Profiles","Computational models that predict PK properties, such as those related to drug absorption, metabolism, distribution, and excretion, are critical to flagging drug candidates with poor PK profiles that emerge as hits in high-throughput screening campaigns. To support the development of reliable computational models to predict key PK properties, we collected, curated, and integrated a database of compounds tested in 13 major PK endpoints containing over 10,000 unique molecules. We built classification quantitative structure-activity relationship (QSAR) models for all but one endpoint (Cmax) following best practices of model development and validation.  Those with acceptable external accuracy (CCR ≥ 0.60 and SE, PPV, SP, and NPV ≥ 0.50) include hepatic stability at 15, 30, and 60 minutes, hepatic half-life at the subcellular and tissue levels, renal clearance, blood brain barrier permeability, CNS activity, Caco-2 permeability, plasma protein binding, plasma half-life, microsomal intrinsic clearance, and oral bioavailability. As a case study to illustrate model utility, we employed all developed models to predict the PK properties of all compounds in DrugBank. We also predicted PK properties of molecules hitting popular drug targets among several organs SLC6A4 (brain), ADRB2 (heart and lungs), HMGCR (liver), and CaSR (kidneys) only. These analyses revealed that nearly all experimental, investigational, and withdrawn compounds included in DrugBank are hepatically stable at 60 minutes and under, exhibit CNS activity, and permeate the Caco-2 cell line (a measure of intestinal absorption). Furthermore, our results indicate that compounds targeting different organs have distinct predicted PK profiles. This observation suggests that desired PK properties depend on compound’s indication. All models described in this paper have been integrated and made publicly available via the novel predictor of pharmacokinetic properties (PhaKinPro) web portal that can be accessed at https://phakinpro.mml.unc.edu/. ",2023-03-20T04:32:12.384Z,10.26434/chemrxiv-2023-rnc4l
306,Learning on Compressed Molecular Representations,"Last year, a preprint gained notoriety, proposing that a k-nearest neighbour classifier is able to outperform large-language models using compressed text as input and normalised compression distance (NCD) as a metric. In chemistry and biochemistry, molecules are often represented as strings, such as SMILES for small molecules or single-letter amino acid sequences for proteins. Here, we extend the previously introduced approach with support for regression and multitask classification and subsequently apply it to the prediction of molecular properties and protein-ligand binding affinities. We further propose converting numerical descriptors into string representations, enabling the integration of text input with domain-informed numerical descriptors. Finally, we show that the method can achieve performance competitive with chemical fingerprint- and GNN-based methodologies in general, and perform better than comparable methods on quantum chemistry and protein-ligand binding affinity prediction tasks.",2024-02-07T08:56:59.286Z,10.26434/chemrxiv-2023-v1s2s-v3
307,AI-assisted chemical reaction impurity prediction and propagation,"Most chemical reactions result in numerous by-products and side-products, apart from the intended major product.  While chemists can predict many of the main process impurities, it remains a challenge to enumerate the possible minor impurities and even more of a challenge to systematically predict and track impurities derived from raw materials or those that have propagated from one synthetic step to the next. In this study, we developed an AI-assisted approach to predict and track impurities across multi-step reactions using the main reactants, and optionally reagents, solvents and impurities in these materials, as input. We demonstrated the utility of this tool for a simple case of synthesis of paracetamol from phenol, and provide a generalized framework that covers most chemical reactions. Our solution can be applied to enable (1) faster elucidation of impurities, (2) automated interpretation of data generated from high-throughput reaction screening, and (3) more thorough raw materials risk assessments, with each of these representing key workflows in small molecule drug substance commercial process development. ",2022-09-22T07:36:36.878Z,10.26434/chemrxiv-2022-tcm0z
308,Exploration of elastic moduli of molecular crystals via database screening by pretrained neural network potential,"This paper presents the database screening of elastic moduli of molecular crystals using a pretrained neural network potential. The calculated elastic moduli were sufficiently consistent with experiment values, better than Hartree-Fock calculations. The database screening suggested crystals with large and small moduli.",2023-10-25T13:09:42.297Z,10.26434/chemrxiv-2023-lbdrm
309,Machine Learning Guided AQFEP: A Fast & Efficient Absolute Free Energy Perturbation Solution for Virtual Screening,"Structure-based methods in drug discovery have become an integral part of the modern drug discovery process. The power of virtual screening lies in its ability to rapidly and cost-effectively explore enormous chemical spaces to select promising ligands for further experimental investigation. Relative Free Energy Perturbation (RFEP) and similar methods are the gold standard for binding affinity prediction in drug discovery hit-to-lead and lead optimization phases, but have high computational cost and the requirement of a structural analog with a known activity. Without a reference molecule requirement, Absolute FEP (AFEP) has, in theory, better accuracy for hit ID, but in practice, the slow throughput is not compatible with VS, where fast docking and unreliable scoring functions are still the standard. Here, we present an integrated workflow to virtually screen large and diverse chemical libraries efficiently, combining active learning with a physics-based scoring function based on a fast absolute free energy perturbation method. We validated the performance of the approach in the ranking of structurally related ligands, virtual screening hit rate enrichment, and active learning chemical space exploration; disclosing the largest reported collection of free energy simulations to date.",2023-12-22T13:27:22.065Z,10.26434/chemrxiv-2023-z3t3b
310,Inverse Design in Porous Materials Using Artificial Neural Networks,"Generating optimal nanomaterials using artificial neural networks can potentially lead to a significant revolution in future materials design. Although progress has been made in creating small and simple molecules, complex materials such as crystalline porous materials have yet to be generated using any of the neural networks. In this work, we have for the first time implemented a generative adversarial network that uses a training set of 31,713 known zeolites to produce 14 crystalline porous materials. Our neural network takes in inputs in the form of energy and material dimensions and we show that zeolites with a user-desired range of 4 kJ/mol methane heat of adsorption can be reliably produced using our neural network. The fine-tuning of user-desired capability can potentially accelerate materials development as it demonstrates a successful case of inverse design in porous materials.",2019-04-12T14:59:51.000Z,10.26434/chemrxiv.7987475.v1
311,Leveraging Large Language Models for Predictive Chemistry,"Machine learning has revolutionized many fields and has recently found applications in chemistry and materials science. The small datasets commonly found in chemistry sparked the development of sophisticated machine-learning approaches that incorporate chemical knowledge for each application and, therefore, require much expertise to develop. Here, we show that large language models trained on vast amounts of text extracted from the internet can easily be adapted to solve various tasks in chemistry and materials science by fine-tuning them to answer chemical questions in natural language with the correct answer. We compared this approach with dedicated machine-learning models for many applications spanning properties of molecules and materials to the yield of chemical reactions. Surprisingly, this approach performs comparable to or even outperforms the conventional techniques---particularly in the low data limit. In addition, we can perform inverse design successfully by simply inverting the questions. The high performance, especially for small data sets, combined with the ease of use, can fundamentally impact how we leverage machine learning in the chemical and material sciences. Next to a literature search, querying a foundation model might become a routine way to bootstrap a project by leveraging the collective knowledge encoded in these foundation models or to provide a baseline for predictive tasks.",2023-10-17T10:18:50.022Z,10.26434/chemrxiv-2023-fw8n4-v3
312,An In-Silico Study on Selected Organosulfur Compounds as Potential Drugs for SARS-CoV-2 Infection via Binding Multiple Drug Targets,"The emerging paradigm shift from ‘one molecule, one target, for one disease’ towards ‘multi-targeted small molecules’ has paved an ingenious pathway in drug discovery in recent years. This idea has been extracted for the investigation of competent drug molecules for the unprecedented COVID-19 pandemic which became the greatest global health crisis now. Perceiving the importance of organosulfur compounds against SARS-CoV-2 from the drugs under clinical trials, a class of organosulfur compounds effective against SARS-CoV were selected and studied the interaction with multiple proteins of the SARS-CoV-2. One compound displayed inhibition against five proteins (both structural and non-structural) of the virus namely, main protease, papain-like protease, spike protein, helicase and RNA dependent RNA polymerase.  Consequently, this compound emanates as a potential candidate for treating the virulent disease.  The pharmacokinetics, ADMET properties and target prediction studies carried out in this work further inflamed the versatility of the compound and urge to execute <i>in-vitro</i> and <i>in-vivo</i> analysis on SARS-CoV-2 in the future.<br />",2020-06-19T11:41:29.000Z,10.26434/chemrxiv.12505343.v1
313,Leveraging Multitask Learning to Improve the Transferability of Machine Learned Force Fields,"Transferable neural network potentials have shown great promise as an avenue to increase the accuracy and applicability of existing atomistic force fields for organic molecules and inorganic materials. Training sets used to develop transferable potentials are very large, typically millions of examples, and as such, are restricted to relatively inexpensive levels of ab initio theory, such as density functional theory in a double- or triple-zeta quality basis set, which are subject to significant errors. It has been previously demonstrated using transfer learning that a model trained on a large dataset of such inexpensive calculations can be re-trained to reproduce energies of a higher level of theory using a much smaller dataset. Here, we show that more generally, one can use hard parameter sharing to successfully train to multiple levels of theory simultaneously. We demonstrate that simultaneously training to two levels of theory is an alternative to freezing layers in a neural network and re-training. Further, we show that training multiple levels of theory can improve the overall performance of all predictions and that one can transfer knowledge about a chemical domain present in only one of the datasets to all predicted levels of theory. This methodology is one way in which multiple, incompatible datasets can be combined to train a transferable model, increasing the accuracy and domain of applicability of machine learning force fields. ",2023-09-27T09:50:29.806Z,10.26434/chemrxiv-2023-8n737
314,Exploring graph traversal algorithms in graph-based molecular generation,"Here we explore the impact of different graph traversal algorithms on molecular graph generation. We do this by training a graph-based deep molecular generative model to build structures using a node order determined via either a breadth- or depth-first search algorithm. What we observe is that using a breadth-first traversal leads to better coverage of training data features compared to a depth-first traversal. We have quantified these differences using a variety of metrics on a dataset of natural products. These metrics include: percent validity, molecular coverage, and molecular shape. We also observe that using either a breadth- or depth-first traversal it is possible to over-train the generative models, at which point the results with the graph traversal algorithm are identical",2021-09-20T10:21:50.581Z,10.26434/chemrxiv-2021-5c5l1-v2
315,Predicting Chemical Reaction Outcomes: A Grammar Ontology-based Transformer Framework,"<p>Discovering and designing novel materials is a challenging problem as it often requires searching a combinatorially large space of potential candidates. Evaluation of all  candidates experimentally is typically infeasible as it requires great amounts of effort, time, expertise, and money. The ability to predict reaction outcomes without performing extensive experiments is, therefore, important. Towards that goal, we report an approach that uses context-free grammar (CFG) based representations of molecules in a neural machine translation framework. We formulate the reaction-prediction task as a machine translation problem that involves discovering the transformations from the source sequence (comprising the reactants and agents) to the target sequence (comprising the major product) in the reaction. The grammar ontology-based representation of molecules hierarchically incorporates rich molecular structure information that, in principle, should be valuable for modeling chemical reactions. We achieve an accuracy of 80.1% on a standard reaction dataset using a model characterized by only a fraction of the number of training parameters in other sequence-to-sequence models based works in this area. Moreover, 99% of the predictions made on the same reaction dataset were found to be syntactically valid. We conclude that CFGs-based ontological representations could be an efficient way of incorporating structural information, ensuring chemically valid predictions, and overcoming overfitting in complex machine learning architectures employed in reaction prediction tasks.<br /></p>",2020-09-22T09:36:42.000Z,10.26434/chemrxiv.12985892.v1
316,Interpretable Deep-Learning Unveils Structure-Property Relationships in Polybenzenoid Hydrocarbons,"In this work, interpretable deep learning was used to identify structure-property relationships governing the HOMO-LUMO gap and relative stability of polybenzenoid hydrocarbons (PBHs). To this end, a ring-based graph representation was used. In addition to affording reduced training times and excellent predictive ability, this representation could be combined with a subunit-based perception of PBHs, allowing chemical insights to be presented in terms of intuitive and simple structural motifs. The resulting insights agree with conventional organic chemistry knowledge and electronic structure-based analyses, and also reveal new behaviors and identify influential structural motifs. In particular, we evaluated and compared the effects of linear, angular, and branching motifs on these two molecular properties, as well as explored the role of dispersion in mitigating torsional strain inherent in non-planar PBHs. Hence, the observed regularities and the proposed analysis  contribute to a deeper understanding of the behavior of PBHs and form the foundation for design strategies for new functional PBHs. ",2022-05-25T05:40:48.304Z,10.26434/chemrxiv-2022-krng1
317,DeepSPInN - Deep reinforcement learning for molecular Structure Prediction from Infrared and 13C NMR spectra ,"Molecular spectroscopy studies the interaction of molecules with electromagnetic radiation, and interpreting the resultant spectra is invaluable for deducing the molecular structures. However, predicting the molecular structure from spectroscopic data is a strenuous task that requires highly specific domain knowledge. DeepSPInN is a deep reinforcement learning method that predicts the molecular structure when given Infrared and 13C Nuclear magnetic resonance spectra by formulating the molecular structure prediction problem as a Markov decision process (MDP) and employs Monte-Carlo tree search to explore and choose the actions in the formulated MDP. On the QM9 dataset, DeepSPInN is able to predict the correct molecular structure for 91.5% of the input spectra in an average time of 77 seconds for molecules with less than 10 heavy atoms. This study is the first of its kind that uses only infrared and 13C nuclear magnetic resonance spectra for molecular structure prediction without referring to any pre-existing spectral databases or molecular fragment knowledge bases, and is a leap forward in automated molecular spectral analysis.",2024-01-17T05:58:06.286Z,10.26434/chemrxiv-2023-drhmj-v2
318,Reagent Prediction with a Molecular Transformer Improves Reaction Data Quality,"Automated synthesis planning is key for efficient generative chemistry. Since reactions of given reactants may yield different products depending on conditions such as the chemical context imposed by specific reagents, computer-aided synthesis planning should benefit from recommendations of reaction conditions. Traditional synthesis planning software, however, typically proposes reactions without specifying such conditions, relying on human organic chemists who know the conditions to carry out suggested reactions. In particular, reagent prediction for arbitrary reactions, a crucial aspect of condition recommendation, has been largely overlooked in cheminformatics until lately. Here we employ the Molecular Transformer, a state-of-the-art model for reaction prediction and single-step retrosynthesis, to tackle this problem.  We train the model on the US patents dataset (USPTO) and test it on Reaxys to demonstrate its out-of-distribution generalization capabilities.  Our reagent prediction model also improves the quality of product prediction: the Molecular Transformer is able to substitute the reagents in the noisy USPTO data with reagents that enable product prediction models to outperform those trained on plain USPTO. This allows to improve upon the state-of-the-art in reaction product prediction on the USPTO MIT benchmark.",2022-11-14T08:23:20.180Z,10.26434/chemrxiv-2022-sn2kr
319,Reweighting from Molecular Mechanics Force Fields to the ANI-2x Neural Network Potential,"To achieve chemical accuracy in free energy calculations, it is necessary to accurately describe the system's potential energy surface and efficiently sample configurations from its Boltzmann distribution. While neural network potentials (NNPs) have shown significantly higher accuracy than classical molecular mechanics (MM) force fields, they have limited range of applicability and are significantly slower than MM potentials, often by orders of magnitude. To address this challenge, Rufa et al suggested a two-stage approach that uses a fast and established MM alchemical energy protocol, followed by reweighting the results using NNPs, known as endstate correction or indirect free energy calculation. In this study, we systematically investigate the accuracy, robustness, and efficiency of free energy calculations between a MM reference and a  neural network target potential (ANI-2x) using free energy perturbation (FEP) and non-equilibrium (NEQ) switching simulation in vacuum. We investigate the influence of longer switching lengths and the impact of slow degrees of freedom on outliers in the work distribution. We compare the results to multistage equilibrium free energy calculations (MFES) for an established dataset.  Our results demonstrate that free energy calculations between NNPs and MM potentials should not be performed using FEP but require NEQ switching simulations to obtain accurate free energy estimates. NEQ switching simulations between MM and NNPs are highly efficient, robust, and trivial to implement. ",2024-03-19T09:57:53.593Z,10.26434/chemrxiv-2023-qq206-v3
320,Graph-Based Approaches for Predicting Solvation Energy in Multiple Solvents: Open Datasets and Machine Learning Models,"The solvation properties of molecules, often estimated using quantum chemical simulations, are important in the synthesis of energy storage materials, drugs, and industrial chemicals. Here, we develop machine learning models of solvation energies to replace expensive quantum chemistry calculations with inexpensive-to-compute message-passing neural network models that require only the molecular graph as inputs. Our models are trained on a new database of solvation energies for 130,258 molecules taken from the QM9 dataset computed in five solvents (acetone, ethanol, acetonitrile, dimethyl sulfoxide, and water) via an implicit solvent model. Our best model achieves a mean absolute error of 0.5 kcal/mol for molecules with nine or fewer non-hydrogen atoms and 1 kcal/mol for molecules with between 10 and 14 non-hydrogen atoms. We make the entire dataset of 651,290 computed entries openly available and provide simple web and programmatic interfaces to enable others to run our solvation energy model on new molecules. This model calculates the solvation energies for molecules using only the SMILES string and also provides an estimate of whether each molecule is within the domain of applicability of our model. We envision that the dataset and models will provide the functionality needed for the rapid screening of large chemical spaces to discover improved molecules for many applications.",2021-07-01T12:28:25.273Z,10.26434/chemrxiv-2021-5tf55
321,L-MolGAN: An improved implicit generative model for large molecular graphs,"<p>Deep generative models are used to generate arbitrary molecular structures with the desired chemical properties. MolGAN is a renowned molecular generation models that uses generative adversarial networks (GANs) and reinforcement learning to generate molecular graphs in one shot. MolGAN can effectively generate a small molecular graph with nine or fewer heavy atoms. However, the graphs tend to become disconnected as the molecular size increase. This poses a challenge to drug discovery and material design, where large molecules are potentially inclusive. This study develops an improved MolGAN for large molecule generation (L-MolGAN). In this model, the connectivity of molecular graphs is evaluated by a depth-first search during the model training process. When a disconnected molecular graph is generated, L-MolGAN rewards the graph a zero score. This procedure decreases the number of disconnected graphs, and consequently increases the number of connected molecular graphs. The effectiveness of L-MolGAN is experimentally evaluated. The size and connectivity of the molecular graphs generated with data from the ZINC-250k molecular dataset are confirmed using MolGAN as the baseline model. The model is then optimized for a quantitative estimate of drug-likeness (QED) to generate drug-like molecules. The experimental results indicate that the connectivity measure of generated molecular graphs improved by 1.96 compared with the baseline model at a larger maximum molecular size of 20 atoms. The molecules generated by L-MolGAN are evaluated in terms of multiple chemical properties, QED, synthetic accessibility, and log octanol–water partition coefficient, which are important in drug design. This result confirms that L-MolGAN can generate various drug-like molecules despite being optimized for a single property, i.e., QED. This method will contribute to the efficient discovery of new molecules of larger sizes than those being generated with the existing method.<br /></p>",2021-05-17T04:55:09.000Z,10.26434/chemrxiv.14569545.v3
322,Informative Training Data for Efficient Property Prediction in Metal-Organic Frameworks by Active Learning,"In recent data-driven approaches to materials discov- ery, scenarios where target quantities are expensive to compute or measure are often overlooked. In such cases, it becomes imperative to construct a training set that includes the most diverse, representative, and informative samples. Here, a novel regression tree-based active learning algorithm is employed for such a purpose. It is applied to predict band gap and adsorption properties of metal-organic frameworks (MOFs), a novel class of materials that results from the virtually infinite combinations of their building units. Simpler and low dimensional descrip- tors, such as the Stoichiometric-120 and geometric properties, found here to better represent MOFs in the low data regime, are used to compute the feature space for this model. The partition given by a regression tree constructed on the labeled part of the dataset is used to select new samples to be added to the training set, thereby limiting its size while maximizing the prediction quality. Through tests on the QMOF, hMOF, and dMOF data sets, we show that our method is effective in constructing small training data sets to learn regression models that predict well the target properties, thus reducing the label- ing cost. Specifically, our active learning approach is highly beneficial when labels are unevenly distributed in the descriptor space and when the label distribution is imbalanced, which is often the case for real world data. This offers a unique tool to efficiently analyze complex structure-property relationships in materials and accelerate materials discovery.",2023-12-01T13:00:03.626Z,10.26434/chemrxiv-2023-sw9kv
323,HSQC Spectra Simulation and Matching for Molecular Identification ,"In the pursuit of improved compound identification and database search tasks, this study explores Heteronuclear Single Quantum Coherence (HSQC) spectra simulation and matching methodologies. HSQC spectra serve as unique molecular fingerprints, enabling a valuable balance of data collection time and information richness. We conducted a comprehensive evaluation of four HSQC simulation techniques: ACD-Labs (ACD), MestReNova (MNova), Gaussian NMR calculations (DFT), and a graph-based neural network (ML). For with the latter two techniques, we developed a reconstruction logic to combine proton and carbon 1D spectra into HSQC spectra. The methodology involved the implementation of three peak-matching strategies (Minimum-Sum, Euclidean-Distance, and Hungarian-Distance) combined with three padding strategies (zero-padding, peak-truncated, and nearest-neighbor double assignment). We found that coupling these strategies with a robust simulation technique facilitates the accurate identification of correct molecules from similar analogues (regio- and stereoisomers) and allows for fast and accurate large database searches. Furthermore, we demonstrated the efficacy of the best-performing methodology by rectifying the structures of a set of previously misidentified molecules. This research indicates that effective HSQC spectra simulation and matching methodologies significantly facilitate molecular structure elucidation. Furthermore, we offer a Google Colab notebook for researchers to use our methods on their own data. ",2023-10-11T13:17:26.830Z,10.26434/chemrxiv-2023-x4b1g
324,SyntaLinker: Automatic Fragment Linking with Deep Conditional Transformer Neural Networks,"Fragment based drug design represents a promising drug discovery paradigm complimentary to the traditional HTS based lead generation strategy. How to link fragment structures to increase compound affinity is remaining a challenge task in this paradigm. Hereby a novel deep generative model (SyntaLinker) for linking fragments is developed with the potential for applying in the fragment-based lead generation scenario. The state-of-the-art transformer architecture was employed to learn the linker grammar and generate novel linker. Our results show that, given starting fragments and user customized linker constraints, our SyntaLinker model can design abundant drug-like molecules fulfilling these constraints and its performance was superior to other reference models. Moreover, several examples were showcased that SyntaLinkercan be useful tools for carrying out drug design tasks such as fragment linking, lead optimization and scaffold hopping.",2020-05-22T07:11:19.000Z,10.26434/chemrxiv.12271508.v5
325,A Deep Molecular Generative Model Based on Multi-Resolution Graph Variational Autoencoders,"Deep generative models have recently emerged as encouraging tools for the de novo molecular structure generation. Even though considerable advances have been achieved in recent years, the field of generative molecular design is still in its infancy. One potential solution may be to integrate domain knowledge of structural or medicinal chemistry into the data-driven machine learning process to address specific deep molecule generation goals. This manuscript proposes a new graph-based hierarchical variational autoencoder (VAE) model for molecular generation. Training molecules are first decomposed into small molecular fragments. Unlike other motif-based molecular graph generative models, we further group decomposed fragments into different interchangeable fragment clusters according to their local structural environment around the attachment points where the bond-breaking occurs. In this way, each chemical structure can be transformed into a three-layer graph, in which individual atoms, decomposed fragments, or obtained fragment clusters act as graph nodes at each corresponding layer, respectively. We construct a hierarchical VAE model to learn such three-layer hierarchical graph representations of chemical structures in a fine-to-coarse order, in which atoms, decomposed fragments, and related fragment clusters act as graph nodes at each corresponding graph layer. The decoder component is designed to iteratively select a fragment out of a predicted fragment cluster vocabulary and then attach it to the preceding substructure. The newly introduced third graph layer will allow us to incorporate specific chemical structural knowledge, e.g., interchangeable fragments sharing similar local chemical environments or bioisosteres derived from matched molecular pair analysis information, into the molecular generation process. It will increase the odds of assembling new chemical moieties absent in the original training set and enhance structural diversity/novelty scores of generated structures. Our proposed approach demonstrates comparatively good performance in terms of model efficiency and other molecular evaluation metrics when compared with several other graph- and SMILES-based generative molecular models. We also analyze how our generative models' performance varies when choosing different fragment sampling techniques and radius parameters that determine the local structural environment of interchangeable fragment clusters. Hopefully, our multi-level hierarchical VAE prototyping model might promote more sophisticated works of knowledge-augmented deep molecular generation in the future.",2021-05-31T06:25:54.000Z,10.26434/chemrxiv.14692551.v1
326,Topological Analysis of Molecular Dynamics Simulations using the Euler Characteristic ,"Molecular dynamics (MD) simulations are used in diverse scientific and engineering fields such as drug discovery, materials design, separations, biological systems, and reaction engineering. These simulations generate highly complex datasets that capture the 3D spatial positions, dynamics, and interactions of thousands of molecules. Analyzing MD datasets is key for understanding and predicting emergent phenomena and in identifying key drivers and tuning design knobs of such phenomena. In this work, we show that the Euler characteristic (EC) provides an effective topological descriptor that facilitates MD analysis. The EC is a versatile, low-dimensional, and easy-to-interpret descriptor that can be used to reduce, analyze, and quantify complex data objects that are represented as graphs/networks, manifolds/functions, and point clouds. Specifically, we show that the EC is an informative descriptor that can be used for machine learning and data analysis tasks such as classification, visualization, and regression. We demonstrate the benefits of the proposed approach through case studies that aim to understand and predict the hydrophobicity of self-assembled monolayers and the reactivity of complex solvent environments. ",2022-11-01T05:21:09.384Z,10.26434/chemrxiv-2022-6w101-v2
327,The Challenge of Balancing Model Sensitivity and Robustness in Predicting Yields: A Benchmarking Study of Amide Coupling Reactions ,"Accurate prediction of reaction yield is the holy grail for computer-assisted synthesis, but current models have failed to generalize to large literature datasets. To understand the causes and inspire future design, we systematically benchmarked the yield prediction task. We carefully curated and augmented a literature dataset of 41,239 amide coupling reactions, each with information on reactants, products, intermediates, yields, and reaction contexts, and provided 3D structures for the molecules. We calculated molecular features related to 2D and 3D structure information, as well as physical and electronic properties. These descriptors were paired with 4 categories of machine learning methods (linear, kernel, ensemble, and neural network), yielding valuable benchmarks about feature and model performance. Despite the excellent performance on a high-throughput experiment (HTE) dataset (R2 around 0.9), no method gave satisfying results on the literature data. The best performance was an R2 of 0.395 ± 0.020 using stack technique. Error analysis revealed that reactivity cliff and yield uncertainty are the main reasons for incorrect predictions. Removing reactivity cliffs and uncertain reactions boosted the R2 to 0.457 ± 0.006. These results highlight that yield prediction models must be sensitive to the reactivity change due to the subtle structure variance, as well as be robust to the uncertainty associated with yield measurements.",2023-07-28T09:46:58.596Z,10.26434/chemrxiv-2023-j9h92
328,CHEMICAL SPACE ANALYSIS AND PROPERTY PREDICTION FOR CARBON CAPTURE AMINE MOLECULES,"Carbon capture and storage is part of the roadmap towards net zero for many countries around the world, since emissions from existing infrastructure are close to estimated carbon budgets. To address this problem, currently 87 carbon capture projects are proposed worldwide in the next 10 years. A major class of commercial carbon capture technology involves capture systems using solvents. Commonly carbon capture solvents feature blends of amines and water. Whilst these blends have proved valuable there is an increasing need to identify new candidate molecules which are more efficient and improve performance. Systematic approaches to improve on the current technology are now needed with increasing urgency to expedite the introduction of cutting edge carbon capture methods. Here, we present a chemical space analysis of amines and carbon capture usage. We proceed to show a framework for computational screening relevant to carbon capture solvents. We demonstrate the use of cloud computing, novel molecular representations and machine learning to screen potential candidates. We show the utility of machine learning in this field for high throughput virtual screening with an exemplar application to absorption capacity classification. Additionally, we highlight the need for improved data awareness and accessibility to enable this field to advance at a pace commensurate to its global importance. Our research brings together multiple methods and domains of expertise to accelerate the discovery of carbon capture solvents.",2023-05-18T12:44:09.491Z,10.26434/chemrxiv-2022-6gx8k-v2
329,Accelerated Design of Near-Infrared-II Molecular Fluorophores via First-Principles Understanding and Machine Learning,"Organic molecular fluorophores in the second near-infrared window (NIR-II) have attracted much attention in the recent decade due to their great potentials in both fundamental research and practical applications. This is especially true for biomedical research, owing to their deep light penetration depth and low bioluminescence background at the long wavelength. However, the fluorescence quantum yields (QY) of most NIR-II materials are very low, which are not ideal for practical applications. Although there is a growing need to discover new NIR-II fluorophores, most of them were designed based on experience, and the structures were limited to few molecular motifs. Herein, we report the design of high QY NIR-II fluorophores in solutions based on enhancing the rigidity of the conjugated backbones, which could be quantified by the Seminario method. A deep neural network was trained to predict the HOMO-LUMO energy gaps for a chemical library of NIR-II backbone structures. Hundreds of new NIR-II cores with low energy gap were discovered, and eight of them across different acceptor cores are found to have relatively rigid conjugated backbones. With further molecular processing or formulation, the proposed new fluorophores should boost the development of NIR-II materials for applications in a wide range of fields.  ",2021-09-15T12:50:32.178Z,10.26434/chemrxiv-2021-6617l
330,Evaluation of Cross-Validation Strategies in Sequence-Based Binding Prediction Using Deep Learning,"Binding prediction between targets and drug-like compounds through Deep Neural Networks have generated promising results in recent years, outperforming traditional machine learning-based methods. However, the generalization capability of these classification models is still an issue to be addressed. In this work, we explored how different cross-validation strategies applied to data from different molecular databases affect to the performance of binding prediction proteochemometrics models. These strategies are: (1) random splitting, (2) splitting based on K-means clustering (both of actives and inactives), (3) splitting based on source database and (4) splitting based both in the clustering and in the source database. These schemas are applied to a Deep Learning proteochemometrics model and to a simple logistic regression model to be used as baseline. Additionally, two different ways of describing molecules in the model are tested: (1) by their SMILES and (2) by three fingerprints. The classification performance of our Deep Learning-based proteochemometrics model is comparable to the state of the art. Our results show that the lack of generalization of these models is due to a bias in public molecular databases and that a restrictive cross-validation schema based on compounds clustering leads to worse but more robust and credible results. Our results also show better performance when representing molecules by their fingerprints.",2018-09-27T14:34:33.000Z,10.26434/chemrxiv.7133885.v1
331,Protein pKa prediction by tree-based machine learning,"We present four tree-based machine learning models for protein pKa prediction. The four models, Random Forest, Extra Trees, eXtreme Gradient Boosting (XGBoost) and Light Gradient Boosting Machine (LightGBM), were trained on three experimental PDB and pKa datasets, two of which included a notable portion of internal residues. We observed similar performance among the four machine learning algorithms. The best model trained on the largest dataset performs 37% better than the widely used empirical pKa prediction tool PROPKA. The overall RMSE for this model is 0.69, with surface and buried RMSE values being 0.56 and 0.78, respectively, considering six residue types (Asp, Glu, His, Lys, Cys and Tyr), and 0.63 when considering Asp, Glu, His and Lys only. We provide pKa predictions for proteins in human proteome from the AlphaFold Protein Structure Database and observed that 1% of Asp/Glu/Lys residues have highly shifted pKa values close to the physiological pH. ",2021-12-14T11:37:30.461Z,10.26434/chemrxiv-2021-4d420
332,The carbon footprint of artificial intelligence in materials science,"While artificial intelligence drives remarkable progress in natural sciences, its broader societal implications are mostly disregarded. In this study, we evaluate environmental impacts of deep learning in materials science through extensive benchmarking. In particular, a set of diverse neural networks is trained for a given supervised learning task to assess greenhouse gas (GHG) emissions during training and inference phases. A chronological perspective showed diminishing returns, manifesting themselves as a 28% decrease in mean absolute error and nearly a 15000% increase in the carbon footprint of model training in 2016–2022. By means of up-to-date graphics processing units, it is possible to partially offset the immense growth of GHG emissions. Nonetheless, the practice of employing energy-efficient hardware is overlooked by the materials informatics community, as follows from a literature analysis in the field. On the basis of our findings, we encourage researchers to report GHG emissions together with standard performance metrics.",2023-12-22T04:32:46.361Z,10.26434/chemrxiv-2023-zctn1-v3
333,DeepDelta: Predicting Pharmacokinetic Improvements of Molecular Derivatives with Deep Learning,"Established molecular machine learning models process individual molecules as inputs to predict their biological, chemical, or physical properties. However, such algorithms require large datasets and have not been optimized to predict property differences between molecules. Many drug and material development tasks would benefit from an algorithm that can directly compare two molecules to guide molecular optimization and prioritization. Here, we develop DeepDelta, a pairwise deep learning approach that processes two molecules simultaneously and learns to predict property differences between two molecules from small datasets. On 10 pharmacokinetic benchmark tasks, our DeepDelta approach outperforms two established molecular machine learning algorithms, the message passing neural network (MPNN) ChemProp and Random Forest using radial fingerprints. We further analyze our performance and find that DeepDelta is particularly outperforming established approaches at predicting large differences in molecular properties and can perform scaffold hopping. Furthermore, we derive simple computational tests of our models based on mathematical invariants and show that compliance to these tests correlate with overall model performance – providing an innovative, unsupervised, and easily computable measure of expected model performance and applicability. Taken together, DeepDelta provides an accurate approach to predict molecular property differences and will allow for higher fidelity and transparency in molecular optimization for drug development and the chemical sciences. ",2023-04-11T06:52:20.780Z,10.26434/chemrxiv-2023-gbchq
334,Quantitative Interpretation Explains Machine Learning Models for Chemical Reaction Prediction and Uncovers Bias,"<div><div><div><p>Organic synthesis remains a stumbling block in drug discovery. Although a plethora of machine learning models have been proposed as solutions in the literature, they suffer from being opaque black-boxes. It is neither clear if the models are making correct predictions because they inferred the salient chemistry, nor is it clear which training data they are relying on to reach a prediction. This opaqueness hinders both model developers and users. In this paper, we quantitatively interpret the Molecular Transformer, the state-of-the-art model for reaction prediction. We develop a framework to attribute predicted reaction outcomes both to specific parts of reactants, and to reactions in the training set. Furthermore, we demonstrate how to retrieve evidence for predicted reaction outcomes, and understand counterintuitive predictions by scrutinising the data. Additionally, we identify ”Clever Hans” predictions where the correct prediction is reached for the wrong reason due to dataset bias. We present a new debiased dataset that provides a more realistic assessment of model performance, which we propose as the new standard benchmark for comparing reaction prediction models.</p></div></div></div>",2020-10-08T06:16:30.000Z,10.26434/chemrxiv.13061402.v1
335,Gargoyles: An Open Source Graph-based molecular optimization method based on Deep Reinforcement Learning,"Automatic optimization methods for compounds in the vast compound space are important for drug discovery and material design. Several machine learning-based molecular generative models for drug discovery have been proposed, but most of these methods generate compounds from scratch and are not suitable for exploring and optimizing around arbitrary compounds. In this study, we developed a compound optimization method based on molecular graphs using deep reinforcement learning. This method searches for compounds on a fragment-by-fragment basis and at high density by generating fragments to be added atom by atom. Experimental results confirmed that the QED, the optimization target set in this study, was enhanced by searching around the starting compound. This means that the generated compounds are structurally similar to the starting compounds, indicating that the method is suitable for starting generation from a given compound. The source code is available at https://github.com/sekijima-lab/GARGOYLES.",2023-02-02T09:17:13.444Z,10.26434/chemrxiv-2023-qrf85
336,Coarse-Grained Density Functional Theory Predictions via Deep Kernel Learning,"Scalable electronic predictions are critical for soft materials design.  Recently, the Electronic Coarse-Graining (ECG) method was introduced to renormalize all-atom quantum chemical (QC) predictions to coarse-grained (CG) molecular representations using deep neural networks (DNN).  While DNN can learn complex representations that prove challenging for traditional kernel-based methods, they are susceptible to overfitting and the overconfidence of uncertainty estimations.  Here, we develop ECG within the GPU-accelerated Deep Kernel Learning (DKL) framework to enable CG QC predictions of a conjugated oligomer using range-separated hybrid density functional theory.  DKL-ECG provides accurate reproduction of QC electronic properties in conjunction with prediction uncertainties that facilitate efficient training over multiple temperature data sets via active learning.  We show that while active learning algorithms enable efficient sampling of a more diverse configurational space relative to random sampling, the predictive accuracy of DKL-ECG models is effectively identical across all active learning methodologies employed.  We attribute this result to the low conformational barriers of our test molecule and the redundant sampling of configurations induced by Boltzmann sampling, even for distinct temperature ensembles.",2021-10-06T08:07:55.607Z,10.26434/chemrxiv-2021-bkdfv
337,Evolutionary-docking targeting bacterial FtsZ ,"To accurately predict binding of inhibitors to the FtsZ cell division protein of the antibiotic-resistance Staphilococcus aureus pathogen, evolutionary library docking, ligand-efficiency predictions and rank consensus docking strategies have been sequentially applied. Starting from the crystallographic FtsZ bound model of the PC190723 reference ligand, fragments were derived to generate children molecules fitting low docking-scores with low molecular sizes and hydrophobicities using the DataWarrior Build Evolutionary Library.  PC190723 fragment children molecules combined with toxicity filters, and consensus ranks with ligand efficiencies and AutoDockVina docking, identified new benzamide and non-benzamide chemotypes with nanomolar docking-scores and improved specificities to continue with anti-FtsZ ligand investigations",2023-03-07T09:39:25.467Z,10.26434/chemrxiv-2023-ld9d3
338,Kinetics-Constrained Neural Ordinary Differential Equations: Artificial Neural Network Models tailored for Small Data to boost Kinetic Model Development,"Artificial neural networks (ANNs) are powerful tools for solving a wide range of tasks in fundamental and applied science. However, training and building reliable ANN models requires a lot of data which so far hinders their wider application in kinetic modelling where typically only small (experimental) datasets are available. In the present work we propose a method to  design ANN models for kinetic modelling that can be trained even with small data sets as are typically available. The key idea is to constrain the architecture of the ANN models by integrating kinetic and thermodynamic knowledge leading to what we call Kinetics-Constrained Neural Ordinary Differential Equations (KCNODE). The feasibility and effectiveness of the approach is first demonstrated in a numerical experiment using the catalytic hydrogenation of CO2 to methane as example. Next, we demonstrate the approach for real experimental data of a more complex reaction, the hydrogenation of CO2 to higher hydrocarbons (CO2-FT). Finally, the ANN trained for CO2-FT is used to derive an improved mechanistic model for the reverse water gas shift reaction which is a key reaction in the CO2-FT reaction network. This last step exemplifies how the opportunity to obtain reliable ANN models from small data opens new ways to approach kinetic model development.",2023-05-15T05:54:53.468Z,10.26434/chemrxiv-2023-x39xt
339,Synergy of Machine Learning and Density Functional Theory Calculations for Predicting Experimental Lewis Base Affinity and Lewis Polybase Binding Atoms,"Investigation of Lewis acid-base interactions has been conducted by ab initio calculations and Machine Learning (ML) models. This study aims to resolve two critical tasks that have not been quantitatively investigated. First, ML models developed from Density Functional Theory (DFT) calculations predict experimental BF3 affinity with Pearson correlation coefficients around 0.9 and mean absolute errors around 10 kJ mol-1. The ML models are trained by DFT-calculated BF3 affinity of more than 3000 adducts, with input features readily obtained by rdkit. Second, the ML models have the capability of predicting the relative strength of Lewis base binding atoms in Lewis polybases, which is either an extremely challenging task to conduct experimentally or a computationally expensive task for ab initio methods. The study demonstrates and solidifies the potential of combining DFT calculations and ML models to predict experimental properties, especially those that are scarce and impractical to empirically acquire.",2024-02-01T05:39:07.579Z,10.26434/chemrxiv-2023-lcxn0-v2
340,SolvBERT for solvation free energy and solubility prediction: a demonstration of an NLP model for predicting the properties of molecular complexes,"Deep learning models based on NLP, mainly the Transformer family, have been successfully applied to solve many chemistry-related problems, but their applications are mostly limited to chemical reactions. Meanwhile, solvation is an important concept in physical and organic chemistry, describing the interaction of solutes and solvents. This interaction leads to a solvation complex, a molecular complex similar to a reactant-reagent complex. In this study, we introduced the SolvBERT model, which reads the solute and solvents through the SMILES representation of the solvation complex. SolvBERT is pretrained in an unsupervised learning fashion using a large database of computational solvation free energies. The pretrained model can be used to predict the experimental solvation free energy or solubility, depending on the fine-tuning database. To the best of our knowledge, this multi-task prediction capability has not been observed in previously developed graph-based models for predicting the properties of molecular complexes. Furthermore, the performance of our SolvBERT in predicting solvation free energy is comparable to the state-of-the-art graph-based model DMPNN, mainly due to the clustering feature of the pretraining phase of the model, as demonstrated by the TMAP visualization algorithm.",2022-10-06T05:15:09.436Z,10.26434/chemrxiv-2022-0hl5p-v3
341,Leveraging High-throughput Molecular Simulations and Machine Learning for Formulation Design,"Formulations, or mixtures of chemical ingredients, are ubiquitously found across material science applications, such as themoplastics, consumer packaged goods, and energy storage devices. However, finding formulations with optimal properties is difficult because of the non-obvious connection between the individual ingredient structures and compositions to downstream mixture properties. Computational approaches that could traverse the expansive design space offer a promising solution to finding formulations with improved properties while minimizing the number of experiments. In this work, we generated a large formulation dataset using high-throughput classical molecular dynamics simulations that resulted in more than 30,000 solvent mixtures ranging between pure component to five component systems. We developed three formulation-property relationship approaches to create machine learning models which use the ingredient structure and composition as input to predict a formulation property: formulation descriptor aggregation (FDA), formulation descriptor Set2Set (FDS2S), and formulation graph (FG). We found that FDS2S, a new approach that uses a Set2Set layer to aggregate molecular descriptors of individual ingredients, outperforms all other approaches in accurately predicting density, heat of vaporization, and enthalpy of mixing that were computed from molecular simulations. Feature importance analysis of FDA models reveal that specific substructures are important to predicting these formulation properties, which is useful in the design of formulations to achieve target properties. When leveraging an active learning framework to iteratively suggest the next ingredient and composition to experiment on, we found that formulation-property relationships can identify formulations with the highest property values at least two to three times faster than randomly guessing. The results demonstrate that formulation-property relationships provide valuable insight to suggest the next experiment even when starting from a limited dataset of ~100 examples. Our research demonstrates the utility of high-throughput simulations and machine learning algorithms applied to designing formulations with promising properties, which could broadly accelerate the design of new materials for a wide range of applications, such as improving the performance of liquid electrolytes for batteries, fuel mixtures for oil and gas, solvent additives for perfumes or paints, and more.",2024-06-18T07:21:41.478Z,10.26434/chemrxiv-2024-4lff6
342,Efficient and Accurate pKa Prediction Enabled by Pre-Trained Machine-Learned Interatomic Potentials,"Quickly and accurately predicting the pKa of small molecules is an important unsolved challenge in computational chemistry: while approaches based on electronic structure theory have shown great promise, the utility of these methods is limited by the considerable expense of the requisite computations. In this study, we investigate AIMNet2, a machine-learned interatomic potential, as a low-cost surrogate for electronic structure theory in pKa prediction. The accuracy of the AIMNet2-based pKa prediction workflow is evaluated over a wide range of compounds and functional groups, and potential sources of error are discussed. ",2024-03-08T12:43:51.206Z,10.26434/chemrxiv-2024-8489b
343,Visualizing the residue interaction landscape of proteins by temporal network embedding,"Characterizing the structural dynamics of proteins with heterogeneous conformational landscapes is crucial to understanding complex biomolecular processes. To this end, dimensionality reduction algorithms are used to produce low-dimensional embeddings of the high-dimensional conformational phase space. However, identifying a compact and informative set of input features for the embedding remains an ongoing challenge. Here, we propose to harness the power of Residue Interaction Networks (RINs) and their centrality measures, established tools to provide a graph theoretical view on molecular structure. Specifically, we combine the closeness centrality, which captures global features of the protein conformation at residue-wise resolution, with EncoderMap, a hybrid neural-network autoencoder/multidimensional-scaling like dimensionality reduction algorithm. We find that the resulting low-dimensional embedding is a meaningful visualization of the residue interaction landscape that resolves structural details of the protein behavior while retaining global interpretability. This feature-based graph embedding of temporal protein graphs makes it possible to apply the general descriptive power of RIN formalisms to the analysis of protein simulations of complex processes such as protein folding and multi-domain interactions requiring no protein-specific input. We demonstrate this on simulations of the fast folding protein Trp-Cage and the multi-domain signalling protein FAT10. Due to its generality and modularity, the presented approach can easily be transferred to other protein systems.",2022-12-06T08:24:13.827Z,10.26434/chemrxiv-2022-31q81
344,A Comparison of Scaling Methods to Obtain Calibrated Probabilities of Activity for Ligand-Target Predictions,"In the context of bioactivity prediction, the question of how to calibrate a score produced by a machine learning method into reliable probability of binding to a protein target is not yet satisfactorily addressed. In this study, we compared the performance of three such methods, namely Platt Scaling, Isotonic Regression and Venn-ABERS in calibrating prediction scores for ligand-target prediction comprising the Naïve Bayes, Support Vector Machines and Random Forest algorithms with bioactivity data available at AstraZeneca (40 million data points (compound-target pairs) across 2112 targets). Performance was assessed using Stratified Shuffle Split (SSS) and Leave 20% of Scaffolds Out (L20SO) validation.",2020-05-07T09:55:13.000Z,10.26434/chemrxiv.11526132.v2
345,Active Learning of Ternary Alloy Structures and Energies,"High-throughput screening of catalysts using first-principles methods, such as density functional theory (DFT), has traditionally been limited by the large, complex, and multidimensional nature of the associated materials spaces. However, machine learning models with uncertainty quantification have recently emerged as attractive tools to accelerate the navigation of these spaces in a data-efficient manner, typically through active learning-based workflows. In this work, we combine such an active learning scheme with a dropout graph convolutional network (dGCN) as a surrogate model to explore the complex materials space of high-entropy alloys (HEAs). Specifically, we train the dGCN on the formation energies of disordered binary alloy structures in the Pd-Pt-Sn ternary alloy system and utilize the model to make and improve predictions on ternary structures. To do so, we perform reduced optimization over ensembles of ternary structures constructed based on two coordinate systems: (a) a physics-informed ternary composition space, and (b) data-driven coordinates discovered by the manifold learning scheme known as Diffusion Maps. Inspired by statistical mechanics, we derive and apply a dropout-informed acquisition function to select ensembles from which to sample additional structures. During each iteration of our active learning scheme, a representative number of crystals that minimize the acquisition function is selected, their energies are computed with DFT, and our dGCN model is retrained. We demonstrate that both of our reduced optimization techniques can be used to improve predictions of the formation free energy, the target property that determines HEA stability, in the ternary alloy space with a significantly reduced number of costly DFT calculations compared to a high-fidelity model. However, the manner in which these two disparate schemes converge to the target property differs: the physics-based scheme appears akin to a depth-first strategy, whereas the data-driven scheme appears more akin to a breadth-first approach. Both active learning schemes can be extended further to incorporate greater number of elements, surface structures, and adsorbate motifs. ",2023-06-07T11:19:41.001Z,10.26434/chemrxiv-2023-xtmn0
346,QM Assisted ML for 19F NMR Chemical Shift Prediction,"Ligand-observed 19F NMR detection is an efficient method for screening libraries of fluorinated molecules in fragment-based drug design campaigns. Screening fluorinated molecules in large mixtures makes 19F NMR a high-throughput method. Typically, these mixtures are generated from pools of well-characterized fragments. By predicting 19F NMR chemical shift, mixtures could be generated for arbitrary fluorinated molecules facilitating for example focused screens. In a previous publication, we introduced a method to predict 19F NMR chemical shift using rooted fluorine fingerprints and machine learning (ML) methods. Having observed that the quality of the prediction depends on similarity to the training set, we here propose to assist the prediction with quantum mechanics (QM) based methods in cases where compounds are not well covered by a training set. Beyond similarity, the performance of ML methods could be associated with individual features in compounds. A combination of both could be used as a procedure to split input data sets into those that could be predicted by ML and those that required QM processing. We could show on a proprietary fluorinated fragment library, known as LEF (Local Environment of Fluorine), and a public Enamine data set of 19F NMR chemical shifts that ML and QM methods could synergize to outperform either method individually. Models built on Enamine data, as well as model building and QM workflow tools, can be found at https://github.com/PatrickPenner/lefshift and https://github.com/PatrickPenner/lefqm.",2023-10-09T05:02:52.478Z,10.26434/chemrxiv-2023-sd3vq-v2
347,RetroPrime: A Chemistry-Inspired and Transformer-based Method for Retrosynthesis Predictions,"Retrosynthesis prediction is a crucial task for organic synthesis. In this work, we propose a template-free and Transformer-based method dubbed RetroPrime, integrating chemists’ retrosynthetic strategy of (1) decomposing a molecule into synthons then (2) generating reactants by attaching leaving groups. These two steps are accomplished with versatile Transformer models, respectively. While RetroPrime performs competitively against all state-of-the art models on the standard USPTO-50K dataset, it manifests remarkable generalizability and outperforms the only published result by a non-trivial margin of 4.8% for the Top-1 accuracy on the large-scale USPTO-full dataset. It is known that outputs of Transformer-based retrosynthesis model tend to suffer from insufficient diversity and high invalidity. These problems may limit the potential of Transformer-based methods in real practice, yet no prior works address both issues simultaneously. RetroPrime is designed to tackle these challenges. Finally, we provide convincing results to support the claim that RetromPrime can more effectively generalize across chemical space.",2020-11-26T08:29:04.000Z,10.26434/chemrxiv.12971942.v2
348,DELFI: A computer oracle for recommending density functionals for excited states calculations,"Density functional theory (DFT) is known as the workhorse of computational quantum chemistry. One of its main limitations, if not the main one, is that choosing the right functional to employ is a non-trivial task left for human experts. The choice is particularly hard for excited states calculations, when using the time-dependent formulation of DFT (TD-DFT). This is not only due to the approximations and limitations of the method, but also because the photophysical properties of a molecule are defined by a manifold of states that all need to be properly described in a balanced manner to obtain an accurate photochemical picture. This includes not only the relative energy of the states, but also capturing the correct character, order and intensity of the transitions. In this work, we developed a scoring system to quantitatively define the accuracy of an excited states calculation by simultaneously considering at the same time all these properties of a manifold of states. The scoring system is generalizable to any level of theory, we here applied it to a large dataset of organic molecules, calculating 38 scores for as many common functionals of different type and rung, against a higher accuracy method for a total of more than 820.000 single point calculations. The results of these calculations are collected in a database that we released and made it open, providing 4 million datapoints to be used by the community for future applications. We used the scores we extrapolated to train a graph attention neural network that is used to predict the 38 scores for molecules represented as 2D graphs. We call this oracle DELFI (Data-driven EvaLuation of Functionals by Inference), which can be used to quickly screen and predict the ranking of functionals to calculate optical properties of organic molecules. A corresponding web application allows to easily run DELFI and analyze the results, alleviating the hurdle of choosing the right functional for TD-DFT calculations.",2023-11-15T05:41:30.625Z,10.26434/chemrxiv-2023-v9841-v2
349,Improved Scaffold Hopping in Ligand-based Virtual Screening Using Neural Representation Learning,"<pre><pre>Deep learning has demonstrated significant potential in advancing state of the art in many problem domains, especially those benefiting from automated feature extraction. Yet the methodology has seen limited adoption in the field of ligand-based virtual screening (LBVS), as traditional approaches typically require large, target-specific training sets, which limits their value in most prospective applications. Here, we report the development of a neural network architecture, and a learning framework designed to yield a generally applicable tool for LBVS. Our approach uses the molecular graph as input, and involves learning a representation that places compounds of similar biological profiles in close proximity within a hyperdimensional feature space; this is achieved by simultaneously leveraging historical screening data against a multitude of targets during training. Cosine distance between molecules in this space becomes a general similarity metric, and can readily be used to rank order database compounds in LBVS workflows. We demonstrate the resulting model generalizes exceptionally well to compounds and targets not used in its training. In three commonly employed LBVS benchmarks, our method outperforms popular fingerprinting algorithms without the need for any target-specific training. Moreover, we show the learned representation yields superior performance in scaffold hopping tasks, and is largely orthogonal to existing fingerprints. Summarily, we have developed and validated a framework for learning a molecular representation that is applicable to LBVS in a target-agnostic fashion, with as few as one query compound. Our approach can also enable organizations to generate additional value from large screening data repositories, and to this end we are making its implementation freely available at https://github.com/totient-bio/gatnn-vs</pre></pre>",2020-07-22T13:05:59.000Z,10.26434/chemrxiv.12412694.v2
350,Harnessing Medicinal Chemical Intuition from Collective Intelligence,"Over the last decade, the combination of collective intelligence with computational methods has transformed complex problem-solving. Here, we investigate if and how collective intelligence can be applied to drug discovery, focusing on the lead optimization stage of the discovery process. For this study, 92 Sanofi researchers with diverse scientific expertise participated anonymously in a lead optimization exercise. Their feedback was used to build a collective intelligence agent that was compared to an artificial intelligence model developed in parallel. This work has led to three major conclusions. First, a significant improvement of collective versus individual decisions in optimizing ADMET endpoints is observed. Second, for all endpoints apart from hERG inhibition, the collective intelligence performance exceeds the artificial intelligence model. Third, we observe a complementarity between collective intelligence and AI for complex tasks, demonstrating the potential of hybrid predictions. Overall, this research highlights the potential of collective intelligence in drug discovery. The entire dataset, including questionnaire responses, and developed models are available for access on GitHub.",2024-05-07T12:14:37.574Z,10.26434/chemrxiv-2024-0hww3
351,Neural Network-Based Interatomic Potential for the Study of Thermal and Mechanical Properties of Siliceous Zeolites,"Molecular dynamics simulations of zeolites are commonly employed for the characterization of their framework dynamics and response to the application of temperature and pressure. While classical interatomic potentials are commonly used for this task, they offer a description of the interactions in the system with limited accuracy. Density Functional Theory, meanwhile, is accurate but its high computational expense limits its scalability for large systems or long dynamics. Recent advances in machine learning interatomic potentials, trained on computational data obtained at the quantum chemical level, offer a promising alternative combining high accuracy with computational efficiency. In this study, we developed an MLIP specifically for pure silica zeolites, trained on data from high- temperature ab initio MD simulations across various zeolitic topologies. This MLIP was then applied to predict structural properties, thermal expansion, and pressure response of different zeolites, demonstrating its potential for accurate and generalizable in simulations of topologies beyond its initial training set.",2024-06-10T12:14:18.526Z,10.26434/chemrxiv-2024-np8wf
352,Linear Atomic Cluster Expansion Force Fields for Organic Molecules: beyond RMSE,"We demonstrate that fast and accurate linear force fields can be built for molecules using the Atomic Cluster Expansion (ACE) framework. The ACE models parametrize the Potential Energy Surface in terms of body ordered symmetric polynomials making the functional form reminiscent of traditional molecular mechanics force fields. We show that the 4 or 5-body ACE force fields improve on the accuracy of the empirical force fields by up to a factor of 10, reaching the accuracy typical of recently proposed machine learning based approaches.  We not only show state of the art accuracy and speed on the widely used MD17 and ISO17 benchmark datasets, but also go beyond RMSE by comparing a number of ML and empirical force fields to ACE on more important tasks such as normal mode prediction, high temperature molecular dynamics, dihedral torsional profile prediction and even bond breaking.  We also demonstrate the smoothness, transferability and extrapolation capabilities of ACE on a new challenging benchmark dataset comprising a potential energy surface of a flexible drug-like molecule. ",2021-10-12T11:59:04.414Z,10.26434/chemrxiv-2021-7qlf5-v4
353,FlavorMiner: A Machine Learning Platform for Extracting Molecular Flavor Profiles from Structural Data,"Flavor is the main factor driving consumers acceptance of food products. However, tracking the biochemistry of flavor is a formidable challenge due to the complexity of food composition. Current methodologies for linking individual molecules to flavor in foods and beverages are expensive and time-consuming. Predictive models based on machine learning (ML) are emerging as an alternative to speed up this process. Nonetheless, the optimal approach to predict flavor features of molecules remains elusive. In this work we present FlavorMiner, an ML-based multilabel flavor predictor. FlavorMiner seamlessly integrates different combinations of algorithms and mathematical representations, augmented with class balance strategies to address the inherent class of the input dataset. Notably, Random Forest and K-Nearest Neighbors combined with Extended Connectivity Fingerprint and RDKit molecular descriptors consistently outperform other combinations in most cases. Resampling strategies surpass weight balance methods in mitigating bias associated with class imbalance. FlavorMiner exhibits remarkable accuracy, with an average ROC AUC score of 0.88. This algorithm was used to analyze cocoa metabolomics data, unveiling its profound potential to help extract valuable insights from intricate food metabolomics data. FlavorMiner can be used for flavor mining in any food product, drawing from a diverse training dataset that spans over 934 distinct food products. ",2024-06-18T07:20:51.831Z,10.26434/chemrxiv-2024-821xm
354,Tree-Invent: A novel molecular generative model constrained with topological tree,"De novo molecular design plays an important role in drug discovery. Here a novel generative model, Tree-Invent, was proposed to integrate topological constraints in the generation of molecular graph. In this model, a molecular graph is represented as a topological tree in which ring system, non-ring atom and chemical bond are regarded as ring node, single node and edge respectively. The molecule generation is driven by three independent sub-models for carrying out operations of node addition, ring generation and node connection. One unique feature of the generative model is that topological tree structure can be specified as constraint for structure generation, which provides more precise control on structure generation. Combining with reinforcement learning, Tree-Invent model could efficiently explore targeted chemical space. Moreover, Tree-Invent model is flexible enough to be used in versatile molecule design settings such as scaffold decoration, scaffold hopping and linker generation. ",2023-03-29T06:05:27.492Z,10.26434/chemrxiv-2023-m77vk
355,The RMG Database for Chemical Property Prediction,"The RMG-database for chemical property prediction is presented. The RMG-database consists of curated datasets and estimators for accurately predicting parameters necessary for constructing a wide variety of chemical kinetic mechanisms, including thermodynamics, kinetics, solvation effects, and transport properties. For thermochemistry prediction, the RMG-database contains 45 libraries of thermochemical parameters with a combined 4564 entries, a group additivity scheme with nine types of corrections including radical, polycyclic and surface absorption corrections with 1580 total curated groups and parameters for a graph convolutional neural net trained using transfer learning from a set of >130,000 DFT calculations to 10,000 high-quality values. Correction schemes for solvent-solute effects, important for thermochemistry in the liquid phase, are available. They include tabled values for 195 pure solvents and 152 common solutes and a group additivity scheme for predicting the properties of arbitrary solutes. For kinetics estimation the database contains 92 libraries of kinetic parameters containing a combined 21,000 reactions and contains rate rule schemes for 87 reaction classes trained on 8655 curated training reactions. Additional libraries and estimators are available for transport properties. All of this information is easily accessible through the graphical user interface at https://rmg.mit.edu. Bulk or on-the-fly use can be facilitated by interfacing directly with the RMG Python package which can be installed from Anaconda. The RMG-database provides kineticists with easy access to estimates of the many parameters they need to model and analyze kinetic systems. This helps speed up and facilitate kinetic analysis by enabling easy hypothesis testing on pathways, by providing parameters for model construction and by providing information to check other kinetic parameters against. ",2022-07-22T08:45:45.914Z,10.26434/chemrxiv-2022-0lp0g
356,Integrating Synthetic Accessibility with AI-based Generative Drug Design,"Generative models are frequently used for de novo design in drug discovery projects to propose new molecules. However, the question of whether or not the generated molecules can be synthesized is not systematically taken into account during generation, even though being able to synthesize the generated molecules is a fundamental requirement for such methods to be useful in practice. Methods have been developed to estimate molecule synthesizability, but, so far, there is no consensus on whether or not a molecule is synthesizable. In this paper we introduce the Retro-Score (RScore), which computes a synthetic feasibility score of molecules by performing a full retrosynthetic analysis through our data-driven synthetic planning software Spaya, and its dedicated API: Spaya-API (https://spaya.ai). After a comparison of RScore with other synthetic scores from the literature, we describe a pipeline to generate molecules that validate a list of targets while still being easy to synthesize. We further this idea by performing experiments comparing molecular generator outputs across a range of constraints and conditions. We show that the RScore can be learned by a Neural Network, which leads to a new score: RSPred. We demonstrate that using the RScore or RSPred as a constraint during molecular generation enables to obtain more synthesizable solutions, with higher diversity. The open-source Python code containing all the scores and the experiments can be found on https://github.com/iktos/generation-under-synthetic- constraint.",2021-12-22T06:47:47.360Z,10.26434/chemrxiv-2021-jkhzw-v2
357,Holistic Evaluation of Biodegradation Pathway Prediction: Assessing Multi-Step Reactions and Intermediate Products,"The prediction of metabolism and biotransformation pathways of xenobiotics is a highly desired tool in environmental and life sciences. There are several systems that currently predict single transformation steps or complete pathways as series of parallel and subsequent steps. Their accuracy is often evaluated on the level of a single transformation step. Such an approach cannot account for some specific challenges that are related to the nature of the biotransformation experiments. This is particularly true for missing transformation products in the reference data that occur only in low concentrations, e.g. transient intermediates or higher-generation metabolites. Furthermore, some rulebased prediction systems evaluate accuracy only based on the defined set of transformation rules. Therefore, the performance of different models cannot be directly compared.",2021-06-15T11:11:13.000Z,10.26434/chemrxiv.14315963.v2
358,Learning Stability Scores from Computationally Generated Kinetic Data,"The absence of computational methods to predict stressor-specific degradation susceptibilities represents a significant and costly challenge to the introduction of new materials into applications. Here, a machine-learning framework is developed that predicts stressor-specific stability scores from computationally generated reaction data. Thermal degradation of alkanes was studied as an exemplary system to demonstrate the approach. The half-lives of ~32k alkanes were simulated under pyrolysis conditions using 59 model reactions. Using a hinge-loss function, this half-life data was used to train machine learning models to predict a scalar representing the relative stability based only on the molecular graph. These models were successful in transferability case-studies using distinct train:test splits to recapitulate known stability trends with respect to the degree of branching and alkane size. Even the simplest models showed excellent performance in these case studies, demonstrating the relative ease with which thermal stability can be learned. The stability score is also shown to be useful in a design study, where it is used as part of the objective function of a genetic algorithm to guide the search towards more stable species. This work provides a framework for converting kinetic reaction data into stability scores that provide actionable design information and opens avenues for exploring more complex chemistries and stressors.",2023-11-06T13:02:01.194Z,10.26434/chemrxiv-2023-0pjxv
359,Reaxtica: A knowledge-guided machine learning platform for fast and accurate reaction selectivity and yield prediction,"Reaction selectivity and yield prediction are important for chemical synthesis. Most existing computational methods use either computational expensive and complicated quantum mechanics-based models that are not easy for experimental chemists to use or black-box deep learning models that do not generalize well outside of the training space and lack explanation. Herein, using convenient physics-based electronic descriptors and structure-based steric descriptors, we developed an explainable machine learning platform, Reaxtica, that outperformed previous methods in four different reaction types and tasks, including regioselectivity, site-selectivity, enantioselectivity, and yield predictions. Further descriptor analysis helps understand reaction mechanisms behind the data. As a practical and robust toolbox, Reaxtica can be easily applied to different chemical reactions and extended to out-of-sample reaction. To assist chemists’ daily research, we further built an easy-to-use webserver, which only takes seconds to run and can be accessed at http://www.pkumdl.cn:8000/reaxtica/.",2022-08-30T13:48:42.846Z,10.26434/chemrxiv-2022-lb8b8-v2
360,Molecular Generation Targeting Desired Electronic Properties via Deep Generative Models,"<p>The chemical space for novel electronic donor-acceptor oligomers with targeted properties was explored using deep generative models and transfer learning. A General Recurrent Neural Network model was trained from the ChEMBL database to generate chemically valid SMILES strings. The parameters of the General Recurrent Neural Network were fine-tuned via transfer learning using the electronic donor-acceptor database from the Computational Material Repository to generate novel donor-acceptor oligomers. Six different transfer learning models were developed with different subsets of the donor-acceptor database as training sets. We concluded that electronic properties such as HOMO-LUMO gaps and dipole moments of the training sets can be learned using the SMILES representation with deep generative models, and that the chemical space of the training sets can be efficiently explored. This approach identified approximately 1700 new molecules that have promising electronic properties (HOMO-LUMO gap <2 eV and dipole moment <2 Debye), 6-times more than in the original database. Amongst the molecular transformations, the deep generative model has learned how to produce novel molecules by trading off between selected atomic substitutions (such as halogenation or methylation) and molecular features such as the spatial extension of the oligomer. The method can be extended as a plausible source of new chemical combinations to effectively explore the chemical space for targeted properties.</p>",2019-12-23T07:24:33.000Z,10.26434/chemrxiv.9913865.v2
361,Augmenting Polymer Datasets by Iterative Rearrangement,"One of the biggest obstacles to successful polymer property prediction is an effective representation that accurately captures the sequence of repeat units in a polymer. Motivated by the successes of data augmentation in computer vision and natural language processing, we explore augmenting polymer data by rearranging the molecular representation while preserving the correct connectivity, revealing additional substructural information that is not present in a single representation. We evaluate the effects of this technique on the performance of machine learning models trained on three experimental polymer datasets and compare them to common molecular representations. Data augmentation improves deep learning property prediction performance compared to equivalent (non-augmented) representations. In datasets where the target property is primarily influenced by the polymer sequence rather than experimental parameters, this data augmentation technique provides the molecular embedding with more information to improve property prediction accuracy.",2022-11-30T12:54:06.332Z,10.26434/chemrxiv-2022-hxvcc
362,Fine-tuning GPT-3 for machine learning electronic and functional properties of organic molecules,"We evaluate the effectiveness of fine-tuning GPT-3 for the prediction of electronic and functional properties of organic molecules. Our findings show that fine-tuned GPT-3 can successfully identify and distinguish between chemically meaningful patterns, and discern subtle differences among them, exhibiting robust predictive performance for the prediction of molecular properties. We focus on assessing the fine-tuned models' resilience to information loss, resulting from the absence of atoms or chemical groups, and to noise that we introduce via random alterations in atomic identities. We discuss the challenges and limitations inherent to the use of GPT-3 in molecular machine-learning tasks and suggest potential directions for future research and improvements to address these issues.",2023-08-23T11:39:11.020Z,10.26434/chemrxiv-2023-h02j4
363,Transferable Neural Network Potential Energy Surfaces for Closed-Shell Organic Molecules: Extension to Ions,"Transferable high dimensional neural network potentials (HDNNP) have shown great promise as an avenue to increase the accuracy and domain of applicability of existing atomistic force fields for organic systems relevant to life science.  We have previously reported such a potential (Schrödinger-ANI) that has broad coverage of druglike molecules.  We extend that work here to cover ionic and zwitterionic druglike molecules expected to be relevant to drug discovery research activities.  We report a novel HDNNP architechture, which we call QRNN, that predicts atomic charges and uses these charges as descriptors in an energy model which delivers conformational energies within chemical accuracy when measured against the reference theory it is trained to.  Further, we find that delta learning based on a semi-empirical level of theory approximately halves the errors.  We test the models on torsion energy profiles, relative conformational energies, geometric parameters and relative tautomer errors. ",2022-02-21T08:54:32.276Z,10.26434/chemrxiv-2021-tmsdg-v3
364,Aquamarine: Quantum-Mechanical Exploration of Conformers and Solvent Effects in  Large Drug-like Molecules,"We here introduce the Aquamarine (AQM) dataset, an extensive quantum-mechanical (QM) dataset that contains the structural and electronic information of 59,783 low-and high-energy conformers of 1,653 molecules with a total number of atoms ranging from 2 to 92 (mean:50.9), and containing up to 54 (mean:28.2) non-hydrogen atoms. To gain insights into the solvent effects as well as collective dispersion interactions for drug-like molecules, we have performed QM calculations supplemented with a treatment of many-body dispersion (MBD) interactions of structures and properties in the gas phase and implicit water. Thus, AQM contains over 40 global (molecular) and local (atom-in-a-molecule) physicochemical properties (including ground-state and response properties) per conformer computed at the tightly converged PBE0+MBD level of theory for gas-phase molecules, whereas PBE0+MBD with the modified Poisson-Boltzmann (MPB) model of water was used for solvated molecules. By addressing both molecule-solvent and dispersion interactions, AQM dataset can serve as a challenging benchmark for state-of-the-art machine learning methods for property modeling and \textit{de novo} generation of large (solvated) molecules with pharmaceutical and biological relevance.",2024-02-21T13:17:39.698Z,10.26434/chemrxiv-2024-685qb
365,Predicting Solubility Limits of Organic Solutes for a Wide Range of Solvents and Temperatures,"The solubility of organic molecules is crucial in organic synthesis and industrial chemistry, it is important in the design of many phase separation and purification units, and it controls the migration of many species into the environment. To decide which solvents and temperatures can be used in the design of new processes, trial and error is often used, as the choice is restricted by unknown solid solubility limits. Here we present a fast and convenient computational method for estimating the solubility of solid neutral organic molecules in water and many organic solvents for a broad range of temperatures. The model is developed by combining fundamental thermodynamic equations with machine learning models for solvation free energy, solvation enthalpy, Abraham solute parameters, and aqueous solid solubility at 298K. We provide free open-source and online tools for the prediction of solid solubility limits and a curated data collection (SolProp) that includes more than 5,000 experimental solid solubility values for validation of the model. The model predictions are accurate for aqueous systems and for a huge range of organic solvents up to 550K or higher. Methods to further improve solid solubility predictions by providing experimental data on the solute of interest in another solvent, or on the solute’s sublimation enthalpy, are also presented.",2022-06-08T12:56:07.510Z,10.26434/chemrxiv-2022-92hl1-v2
366,A Theoretical Model to Study the Interaction Between Boronic Acids and Insulin,"Boronic acids are widely used in various applications in view of their ability to recognize and bind at specific sites of the biological molecules to mimic several processes. Therefore, this has attracted the researchers, academician and medical expertise to explore them. In the present work, the authors have designed a theoretical approach to study the interaction of boronic acid with insulin using computational tools. A library of boronic acids (114 compounds) are designed, optimized and interacted with insulin using computational tools i.e. iGEMDOCK. Further, their different biological activities and toxicity are determined. Results indicates the promising potential of the boronic acids on interaction with the insulin. Amongst, 114 molecules of boronic acids, 3-Benzyloxyphenylboronic acid (71) showed the best interaction with amino-acids of insulin and significant interaction was shown with the Glu21 and His5 residues. Further, these results were compared with the stabilizing agents and found to be more potent.",2020-08-03T13:27:40.000Z,10.26434/chemrxiv.12751535.v1
367,PASSer2.0: Accurate Prediction of Protein Allosteric Sites Through Automated Machine Learning,"Allostery is a fundamental process in regulating proteins’ activity. The discovery, design and development of allosteric drugs demand for better identification of allosteric sites. Several computational methods have been developed previously to predict allosteric sites using static pocket features and protein dynamics. Here, we present a computational model using automated machine learning for allosteric site prediction. Our model, PASSer2.0, advanced the previous results and performed well across multiple indicators with 89.2% of allosteric pockets appeared among the top 3 positions. The trained machine learning model has been integrated with the Protein Allosteric Sites Server (https://passer.smu.edu) to facilitate allosteric drug discovery.",2021-11-09T06:54:57.808Z,10.26434/chemrxiv-2021-q4319-v2
368,Dataset Bias in the Natural Sciences: A Case Study in Chemical Reaction Prediction and Synthesis Design,"<div><div><div><div><div><div><p>Datasets in the Natural Sciences are often curated with the goal of aiding scientific understanding and hence may not always be in a form that facilitates the application of machine learning. In this paper, we identify three trends within the fields of chemical reaction prediction and synthesis design that require a change in direction. First, the manner in which reaction datasets are split into reactants and reagents encourages testing models in an unrealistically generous manner. Second, we highlight the prevalence of mislabelled data, and suggest that the focus should be on outlier removal rather than data fitting only. Lastly, we discuss the problem of reagent prediction, in addition to reactant prediction, in order to solve the full synthesis design problem, highlighting the mismatch between what machine learning solves and what a lab chemist would need. Our critiques are also relevant to the burgeoning field of using machine learning to accelerate progress in experimental Natural Sciences, where datasets are often split in a biased way, are highly noisy, and contextual variables that are not evident from the data strongly influence the outcome of experiments.</p></div></div></div></div></div></div>",2018-11-21T14:10:55.000Z,10.26434/chemrxiv.7366973.v1
369,An approach to the proposal of drug combination for cancer therapy using a pathway data connectivity approach,"Within the next twenty years, the number of cancer patients is expected to rise by 70%. Current cancer treatments still face several limitations, such as severe side effects and a high incidence of disease recurrence. Drug combination therapies are a promising strategy to achieve higher therapeutic effects while reducing side effects. This new direction in cancer drug research has led to data-driven medicine. To predict whether certain drugs would have a synergistic effect when combined, the DREAM Challenge coordinators released data for thousands of experimentally tested drug combinations. The DREAM Challenge served as inspiration for selecting drug combinations that have the potential to be synergistic. We here describe an approach using biological pathway knowledge and applying this to the selected combinations with a previously described mathematical model, the Loewe-Additivity approach.  The calculated interaction index (II) served to distinguish between synergistic (II < 1), additive (II = 1) and antagonistic (II > 1). Pre-selection of putative drug combinations was performed prior to synergy prediction based on four case scenarios: 1) two drugs share the same target protein, 2) two drugs share the same pathway,  3) drugs are separated by one degree from two targets or 4) drugs are separated by more than one degree from two targets but act upon the same biological pathway. Results: The first method tried was using a drug synergy prediction method called the Loewe-Additivity model, in which two drugs share the same target and form the initial findings for this paper.  The Loewe model acts as a baseline estimation to see if more combinations can be identified using the other methods tested.  The remaining methods used were able to find additional drug combinations that were not proposed by the standard Loewe model.  Although the additional methods did find additional combinations that would be predicted to be synergistic, a prediction is not a guarantee of success, so validation of the new or novel combinations would be needed to verify their effectiveness. This could be done by comparing our results to known data or against biological assays.  ",2022-03-21T11:41:14.281Z,10.26434/chemrxiv-2022-0n8fp
370,Comparative Study of Deep Generative Models on Chemical Space Coverage (v18),"<p>In recent years, deep molecular generative models have emerged as novel methods for <i>de novo</i> molecular design. Thanks to the rapid advance of deep learning techniques, deep learning architectures such as recurrent neural networks, generative autoencoders, and adversarial networks, to give a few examples, have been employed for constructing generative models. However, so far the metrics used to evaluate these deep generative models are not discriminative enough to separate the performance of various state-of-the-art generative models. This work presents a novel metric for evaluating deep molecular generative models; this new metric is based on the chemical space coverage of a reference database, and compares not only the molecular structures, but also the ring systems and functional groups, reproduced from a reference dataset of 1M structures. In this study, the performance of 7 different molecular generative models was compared by calculating their structure and substructure coverage of the GDB-13 database while using a 1M subset of GDB-13 for training. Our study shows that the performance of various generative models varies significantly using the benchmarking metrics introduced herein, such that generalization capability of the generative model can be clearly differentiated. Additionally, the coverage of ring systems and functional groups existing in GDB-13 was also compared between the models. Our study provides a useful new metric that can be used for evaluating and comparing generative models.</p>",2021-02-05T08:00:03.000Z,10.26434/chemrxiv.13234289.v3
371,Deep Learning of Activation Energies,"Quantitative prediction of reaction properties, such as activation energy, have been limited due to a lack of available training data. Such predictions would be useful for computer-assisted reaction mechanism generation and organic synthesis planning. We develop a template-free deep learning model to predict activation energy given reactant and product graphs and train the model on a new, diverse data set of gas-phase quantum chemistry reactions. We demonstrate that our model achieves accurate predictions and agrees with an intuitive understanding of chemical reactivity. With the continued generation of quantitative chemical reaction data and development of methods that leverage such data, we expect many more methods for reactivity prediction to become available in the near future.",2020-02-14T12:52:38.000Z,10.26434/chemrxiv.11852166.v1
372,In silico chemical experiments in the Age of AI: From quantum chemistry to machine learning and back,"Computational chemistry is an indispensable tool for understanding molecules and predicting chemical properties. However, traditional computational methods face significant challenges due to the difficulty of solving the Schrödinger equations and the increasing computational cost with the size of the molecular system. In response, there has been a surge of interest in leveraging artificial intelligence (AI) and machine learning (ML) techniques to in silico experiments.  Integrating AI and ML into computational chemistry offers solutions to scalability and accelerating the exploration of chemical space. However, challenges remain, particularly regarding the reproducibility and transferability of ML models. This review highlights the evolution of ML in learning from, complementing, or replacing traditional computational chemistry for energy and property predictions. Starting from models trained entirely on numerical data, a journey set forth toward the ideal model incorporating or learning the physical laws of quantum mechanics.  Through a review of existing computational methods, ML models, and their intertwining, this paper also outlines a roadmap for future research, identifying areas for improvement and innovation. Ultimately, the goal is to develop AI architectures capable of predicting accurate and transferable solutions to the Schrödinger equation, thereby revolutionizing in silico experiments within chemistry and materials science.",2024-05-02T06:11:26.346Z,10.26434/chemrxiv-2024-1v269-v2
373,Large-scale modelling of sparse kinase activity data,"Protein kinases are a protein family that play an important role in several complex diseases such as cancer, cardiovascular and immunological diseases. Kinases have conserved binding sites, which when targeted can lead to similar activities of inhibitors against different kinases. This can be exploited to create multi-target drugs. On the other hand, selectivity (lack of similar activities) is desirable in order to avoid toxicity issues. There is a vast amount of kinase activity data in the public domain, which can be used in many different ways. Multi-task machine learning models are expected to excel for these kinds of datasets because they can learn from implicit correlations between tasks (in this case activities against a variety of kinases). However, multi-task modelling of sparse data poses two major challenges: (i) creating a balanced train-test split without data leakage and (ii) handling missing data. In this work, we construct a kinase benchmark set composed of two balanced splits without data leakage, using random and dissimilarity-driven cluster-based mechanisms, respectively. This data set can be used for benchmarking and developing kinase activity prediction models. Overall, the performance on the dissimilarity-driven cluster-based split is lower than on random splits based sets for all models, indicating poor generalizability of models. Nevertheless, we show that multi-task deep learning models, on this very sparse dataset, outperform single-task deep learning and tree-based models. Finally, we demonstrate that data imputation does not improve the performance of (multitask) models on this benchmark set.",2023-01-27T12:13:56.996Z,10.26434/chemrxiv-2023-p764w
374,Systematic and unbiased pathway exploration by artificial force application to a generic neural network potential,"Computational pathway exploration can unravel complex catalytic mechanisms and even predict unexplored catalytic reactions when performed in a fully systematic and unbiased manner. However, such a comprehensive exploration typically requires years of computation or thousands of CPU cores even for small systems. Herein, a generic neural network potential (NNP) trained on a large structure–energy database and force- and kinetics-based pathway exploration algorithm were combined without any tuning. An interface code was developed to combine the NNP in the Matlantis platform with the search algorithm in the GRRM software. The combined approach automatically generated comprehensive pathway ensembles containing over 10,000 local minimum structures for methane oxidation on the Pd(111) and Pd(100) surfaces with reasonable computational effort. The kinetically most plausible mechanism derived from the ensemble was qualitatively consistent with that obtained by density functional theory. These results highlight the considerable predictive power of the proposed approach at low computational cost.",2024-05-16T09:55:50.415Z,10.26434/chemrxiv-2024-9h20v
375,SMILES-Based Deep Generative Scaffold Decorator for De-Novo Drug Design,"Molecular generative models trained with small sets of molecules represented as SMILES strings are able to generate large regions of the chemical space. Unfortunately, due to the sequential nature of SMILES strings, these models are not able to generate molecules given a scaffold (i.e. partially-built molecules with explicit attachment points). Herein we report a new SMILES-based molecular generative architecture that generates molecules from scaffolds and can be trained from any arbitrary molecular set. This is possible thanks to a new molecular set pre-processing algorithm that exhaustively cuts all combinations of acyclic bonds of every molecule, obtaining a large number of scaffold-decorations combinations. Moreover, it serves as a data augmentation technique and can be readily coupled with randomized SMILES to obtain even better results with small sets. Two examples showcasing the potential of the architecture in medicinal and synthetic chemistry are described: First, models were trained with a training set obtained from a small set of Dopamine Receptor D2 (DRD2) active modulators and were able to meaningfully decorate a wide range of scaffolds and obtain molecular series predicted active on DRD2. Second, a larger set of drug-like molecules from ChEMBL was selectively sliced using synthetic chemistry constraints (RECAP rules). Moreover, the resulting scaffold-decorations were filtered to only allow decorations that were fragment-like. This allowed models trained with this dataset to selectively decorate diverse scaffolds with fragments that were generally predicted to be synthesizable and attachable to the scaffold using known synthetic approaches. In both cases, the models were already able to decorate molecules using specific knowledge without the need to add it with other techniques, such as reinforcement learning. We envision that this architecture will become a useful addition to the already existent architectures for de-novo molecular generation.",2020-01-21T07:40:39.000Z,10.26434/chemrxiv.11638383.v1
376,Exploring the Chemical Space of Antiparasitic Peptides and Discovery of New Promising Leads through a Novel Approach based on Network Science and Similarity Searching,"Antimicrobial peptides (AMPs) have appeared as promising compounds to treat a wide range of diseases. Their clinical potentialities reside in the wide range of mechanisms they can use for both killing microbes and modulating immune responses. However, the hugeness of the AMPs’ chemical space (AMPCS), represented by more than 1065 unique sequences of 50 residues long or less, has represented a big challenge for the discovery of new promising sequences and for the identification of common structural motifs and even relevant biological functions. Here, we present a new approach based on network science and similarity searching to discover new promising AMPs, specifically antiparasitic peptides (APPs). We exploited the network-based representation of APPs’ chemical space (APPCS) to retrieve valuable information by using three types of networks: chemical space (CSN), half-space proximal (HSPN), and metadata (METN). In the network analysis, some centrality measures were applied to identify in each network the most important and non-redundant nodes/peptides. Then, these central peptides were considered as queries (Qs) in group fusion similarity-based searches against an existing collection of known bioactive compounds, stored in the graph database starPepDB, to discover new potential APPs. The performance of the resulting multi-query similarity-based search models (mQSSMs) was evaluated in five benchmarking data sets of APP/non-APPs. The predictions performed by the best mQSSM showed a strong-to-very strong performance since their external Matthews correlation coefficient (MCC) values ranged from 0.834 to 0.965. Outstanding MCC values (> 0.85) were attained by the mQSSM with 219 Qs from both networks CSN and HSPN with 0.5 as similarity threshold in external datasets. Then, the performance of our best mQSSM was compared with the APPs prediction servers AMPDiscover and AMPFun. The proposed model showed its relevance by outperforming state-of-the-art machine learning models to predict APPs with statistically significant differences. After applying the best mQSSM and additional filters on the non-APP space, 95 AMPs were repurposed as potential antiparasitic leads. Due to the high sequence diversity of these peptides, different computational approaches were applied to identify relevant motifs for searching and designing new promising APPs. These results support that network-based similarity searches identify APPs with high effectivity and reliability. The proposed models and pipeline are freely available through the starPep toolbox software at http://mobiosd-hub.com/starpep. ",2022-02-11T11:05:13.733Z,10.26434/chemrxiv-2021-tgv69-v2
377,Generative Pre-Training from Molecules,"SMILES is a line notation for entering and representing molecules. Being inherently a language construct, it allows estimating molecular data in a self-supervised fashion by employing machine learning methods for natural language processing (NLP). The recent success of attention-based neural networks in NLP has made large-corpora transformer pretraining a de facto standard for learning representations and transferring knowledge to downstream tasks. In this work, we attempt to adapt transformer capabilities to a large SMILES corpus by constructing a GPT-2-like language model. We experimentally show that a pretrained causal transformer captures general knowledge that can be successfully transferred to such downstream tasks as focused molecule generation and single-/multi-output molecular-property prediction. For each task, we freeze model parameters and attach trainable lightweight networks between attention blocks—adapters—as alternative to fine-tuning. With a relatively modest setup, our transformer outperforms the recently proposed ChemBERTa transformer and approaches state-of-the-art MoleculeNet and Chemprop results. Overall, transformers pretrained on SMILES corpora are promising alternatives that do not require handcrafted feature engineering, make few assumptions about structure of data, and scale well with the pretraining data size.",2021-09-16T13:28:40.202Z,10.26434/chemrxiv-2021-5fwjd
378,PythiaCHEM : a user-friendly machine learning toolkit for chemistry,"Machine learning (ML) is currently transforming the field of chemistry by offering unparalleled efficiency in addressing complex challenges. Despite the progress made, a notable gap persists in the availability of user-friendly tools tailored to chemical problems involving small and sparse datasets. Here, we introduce PythiaCHEM, an ML toolkit designed to develop data-driven predictive ML models. It enables the use of various descriptors and ML frameworks for regression and classification tasks in an automated, flexible, and accessible manner through Jupyter Notebooks,  making it easy to customize for specific tasks.  We showcase the capabilities and versatility of PythiaCHEM in two distinct chemistry tasks: first, the evaluation of the transmembrane chloride anion transport activity of synthetic anion transporters, and second, the prediction of enantioselectivity in the Strecker synthesis of a-amino acids. Our results highlight the utility of PythiaCHEM as a powerful and user-friendly framework for developing predictive ML models applicable in different domains of chemistry.",2024-01-12T13:33:26.831Z,10.26434/chemrxiv-2024-fqdtn
379,First report of q-RASAR modeling towards an approach of easy interpretability and efficient transferability ,"Quantitative structure-activity relationship (QSAR) and read-across techniques have recently been merged into a new emerging field of Read-across Structure-Activity Relationship (RASAR) that uses the chemical similarity concepts of read-across (an unsupervised step) and finally develops a supervised learning model (like QSAR). The RASAR method has so far been used only in the case of graded predictions or classification modeling. In this work, we attempt, for the first time, to apply RASAR for quantitative predictions (q-RASAR) using a case study of androgen receptor binding affinity data. We have computed a number of error-based and similarity-based measures such as weighted standard deviation of the predicted values, coefficient of variation of the computed predictions, average similarity level of close training compounds for each query molecule, standard deviation and coefficient of variation of similarity levels, maximum similarity levels to positive and negative close training compounds, a concordance measure indicating similarity to positive, negative or both classes of close training compounds, etc. We have clubbed these additional measures along with the selected chemical descriptors from the previously developed QSAR model and redeveloped new partial least squares (PLS) models from the training set, and predicted the endpoint using the query data set. Interestingly, these new models outperform the internal and external validation quality of the original QSAR model. In this study, we have also introduced a new similarity-based concordance measure that can significantly contribute to the model quality. A q-RASAR model also has the advantage over read-across predictions in providing easy interpretation and indicating quantitative contributions of important chemical features. The strategy described here should be applicable to other biological/toxicological/property data modeling for enhanced quality of predictions, easy interpretability, and efficient transferability. ",2022-04-18T10:10:42.446Z,10.26434/chemrxiv-2022-0qclt
380,Large Language Models for Inorganic Synthesis Predictions ,"We evaluate the effectiveness of pre-trained and fine-tuned large language models (LLMs) for predicting the synthesizability of inorganic compounds and the selection of precursors needed to perform inorganic synthesis. The predictions of fine-tuned LLMs are comparable to—and sometimes better than—recent bespoke machine learning models for these tasks, but require only minimal user expertise, cost, and time to develop. Therefore, this strategy can serve both as an effective and strong baseline for future machine learning studies of various chemical applications and as a practical tool for experimental chemists.",2024-06-17T07:37:26.266Z,10.26434/chemrxiv-2024-9bmfj-v3
381,Many-body interactions and deep neural network potentials for water,"We present a detailed assessment of deep neural network potentials developed within the DeePMD framework and trained on the MB-pol data-driven many-body potential energy function. Specific focus is directed at the ability of DeePMD-based potentials to correctly reproduce the accuracy of MB-pol across various water systems. Analyses of bulk and interfacial properties as well as many-body interactions characteristic of water elucidate inherent limitations in the transferability and predictive accuracy of DeePMD-based potentials. These limitations can be traced back to an incomplete implementation of the “nearsightedness of electronic matter” principle, which may be common throughout machine learning potentials that do not include a proper representation of self-consistently determined long-range electric fields. These findings provide further support for the ""short-blanket dilemma"" faced by DeePMD-based potentials, highlighting the challenges in achieving a balance between computational efficiency and a rigorous, physics-based representation of the properties of water. Finally, we believe that our study contributes to the ongoing discourse on the de- velopment and application of machine learning models in simulating water systems, offering insights that could guide future improvements in the field.",2024-03-21T10:13:38.105Z,10.26434/chemrxiv-2024-sm0gd
382,Structure-based virtual screening for PDL1 dimerizers: evaluating generic scoring functions,"An innovative mechanism to inhibit the PD1/PDL1 interaction is PDL1 dimerization induced by small-molecule PDL1 binders. Structure-based virtual screening is a promising approach to discovering such small-molecule PD1/PDL1 inhibitors. Here we investigate which type of generic scoring functions is most suitable to tackle this problem. We consider CNN-Score, an ensemble of convolutional neural networks, as the representative of machine-learning scoring functions. We also evaluate Smina, a commonly used classical scoring function, and IFP, a top structural fingerprint similarity scoring function. These three types of scoring functions were evaluated on two test sets sharing the same set of small-molecule PD1/PDL1 inhibitors, but using different types of inactives: either true inactives (molecules with no in vitro PD1/PDL1 inhibition activity) or assumed inactives (property-matched decoy molecules generated from each active). On both test sets, CNN-Score performed much better than Smina, which in turn strongly outperformed IFP. The fact that the latter was the case, despite precluding any possibility of exploiting decoy bias, demonstrates the predictive value of CNN-Score for PDL1. These results suggest that re-scoring Smina-docked molecules with CNN-Score is a promising structure-based virtual screening method to discover new small-molecule inhibitors of this important therapeutic target.",2022-03-28T12:45:27.064Z,10.26434/chemrxiv-2022-52s4m
383,Deep Neural Network Potential Demonstrates the Impact of Proton Transfer in CO2 Capture by Liquid Ammonia,"The direct air capture of CO2 using aminopolymers can reduce the environmental impact caused by the still growing anthropogenic emissions of CO2 to the atmosphere. Despite the adsorption efficiency of aminopolymers even in ultradilute conditions, the mechanism of CO2 binding in condensed phase amines is still poorly understood. This work combines machine learning potentials, enhanced sampling and Grand Canonical Monte Carlo to directly compute experimentally-relevant quantities, such as the free energy and enthalpy of CO2 adsorption. Our free energy calculations elucidate the important role of solvent-mediated proton transfer on the formation of the most stable CO2-bound species: carbamate and carbamic acid. Liquid ammonia is used as a model system to study CO2 adsorption, but the methodology can be extended to amines with more complex chemical structure. The study of CO2 adsorption using machine learning brings computer simulations closer to the thermodynamic conditions of interest to experiments, thus paving the way to a more detailed study between the chemical composition of amines and their CO2 binding affinity.",2023-06-07T12:50:13.103Z,10.26434/chemrxiv-2023-38kgb
384,Carbohydrate Transformer: Predicting Regio- and Stereoselective Reactions Using Transfer Learning,"Organic chemistry is central to society because it enables the synthesis of complex molecules and materials used in all fields of science and technology. The synthetic methods represent a vast body of accumulated knowledge optimally suited for deep learning. Indeed, most organic reactions involve distinct functional groups and can readily be learned by deep learning models and chemists alike. The task is, however, much more challenging for regio- and stereoselective transformations because their outcome also depends on functional group surroundings in subtle ways. Here, we challenge the Molecular Transformer model to predict reactions in carbohydrate chemistry, a field of central importance in the life sciences and for vaccine development and where regio- and stereoselectivity are notoriously difficult to predict even for experienced chemists. We show that transfer learning of the general USPTO model with a small set of carbohydrate reactions produces a specialized Carbohydrate Transformer model, returning predictions for carbohydrate reactions with remarkable accuracy. We validate these predictions experimentally with a previously unpublished synthesis of a lipid-linked oligosaccharide, involving regioselective protecting group operations and stereoselective glycosylations that are typical for complex carbohydrate synthesis. The chemical reaction transfer learning methods presented in this work are generally applicable to any reaction class of interest.",2020-03-05T11:29:44.000Z,10.26434/chemrxiv.11935635.v1
385,Fragmenstein: predicting protein-ligand structures of compounds derived from known crystallographic fragment hits using a strict conserved-binding–based methodology,"Current strategies centred on either merging or linking initial hits from fragment-based drug design (FBDD) crystallographic screens ignore 3D structural information. We show that an algorithmic approach (Fragmenstein) that ‘stitches’ the ligand atoms from this structural information together can provide more accurate and reliable predictions for protein-ligand complex conformation than existing methods such as pharmacophore-constrained docking. This approach works under the assumption of conserved binding: when a larger molecule is designed containing the initial fragment hit, the common substructure between the two will adopt the same binding mode. Fragmenstein either takes the coordinates of ligands from a experimental fragment screen and stitches the atoms together to produce a novel merged compound, or uses them to predict the complex for a provided compound. The compound is then energy minimised under strong constraints to obtain a structurally plausible compound. This method is successful in showing the importance of using the coordinates of known binders when predicting the conformation of derivative compounds through a retrospective analysis of the COVID Moonshot data. It has also had a real-world application in hit-to-lead screening, yielding a sub-micromolar merger from parent hits in a single round.",2024-02-26T08:27:30.215Z,10.26434/chemrxiv-2024-17w01
386,Two-Step Machine Learning Enables Optimized Nanoparticle Synthesis,"<p>In materials science, the discovery of recipes that yield nanomaterials with defined optical properties is costly and time-consuming. In this study, we present a two-step framework for a machine learning driven high-throughput microfluidic platform to rapidly produce silver nanoparticles with a desired absorbance spectrum. Combining a Gaussian Process based Bayesian Optimization (BO) with a Deep Neural Network (DNN), the algorithmic framework is able to converge towards the target spectrum after sampling 120 conditions. Once the dataset is large enough to train the DNN with sufficient accuracy in the region of the target spectrum, the DNN is used to predict the colour palette accessible with the reaction synthesis. While remaining interpretable<i> </i>by humans, the proposed framework efficiently optimizes the nanomaterial synthesis, and can extract fundamental knowledge of the relationship between chemical composition and optical properties, such as the role of each reactant on the shape and amplitude of the absorbance spectrum.</p>",2020-07-21T07:59:52.000Z,10.26434/chemrxiv.12673742.v1
387,AI-assisted reaction impurity prediction and inverse structure elucidation,"Identification and control of impurities play a critical role in chemical process development for drug substance synthesis. Most chemical reactions result in a number of by-products and side-products, along with the intended major product. While chemists can predict many of the main process impurities, it remains challenging to enumerate the possible minor impurities and even more of a challenge to track and propagate impurities derived from raw materials or from step to step. Further, in the absence of a systematic means for listing out possible-low-level impurities and performing impurity propagation, inverse structure elucidation -- that is, identifying unknown impurities post hoc from analytical data, such as mass spectrometry data -- presents a significant challenge. In this work, impurity prediction was established by developing an AI-based reaction predictor that takes as input the main reactants, and reagents, solvents, and impurities in these materials. Further, the predictor was run iteratively to track impurity propagation in multi-step reactions. For inverse structure elucidation, a chemistry-informed language model was developed to translate mass spectrometry data to potential molecular structures, which can then be checked for matches against the predicted chemical reaction products. The impurity prediction tool was applied to synthesis of common small molecule drugs –- paracetamol and ibuprofen. The inverse structure elucidation tool was used for the identification of chemical structures from publicly available electrospray ionization mass spectrometry data. ",2022-12-12T07:05:08.999Z,10.26434/chemrxiv-2022-20kq3
388,A Quantum-Mechanical Approach to Predicting Carcinogenic Potency of N-nitrosamine Impurities in Pharmaceuticals,"N-nitrosamine contaminants in medicinal products are of concern due to their high carcinogenic potency; however, not all nitrosamines are created equal, and some are relatively benign chemicals. Understanding the structure-activity relationships (SARs) that drive hazard in one molecule versus another is key to both protecting human health and alleviating costly and sometimes inaccurate animal testing. Here, we report on an extension of the CADRE (Computer-Aided Discovery and REdesign) platform, used broadly by the pharmaceutical and personal care industries to assess environmental and human health endpoints, to predict carcinogenic potency of N-nitrosamines. The model distinguishes compounds in three potency categories with 78% accuracy in external testing, which surpasses reproducibility of rodent cancer bioassays and constraints imposed by limited (quality) data. Robustness of predictions for more complex pharmaceutical nitrosamines is maximized by capturing key SARs using quantum mechanics., i.e., by hinging the model on the underlying chemistry vs. chemicals in the training set. To this end, the present approach can be leveraged in a quantitative hazard assessment and to offer qualitative guidance using electronic-structure comparison between well-studied analogs and unknown contaminants.",2022-12-07T11:38:57.399Z,10.26434/chemrxiv-2022-hnzwn
389,ORDerly: Datasets and benchmarks for chemical reaction data,"Machine learning has the potential to provide tremendous value to the life sciences by providing models that aid in the discovery of new molecules and reduce the time for new products to come to market. Chemical reactions play a significant role in these fields, but there is a lack of high-quality open-source chemical reaction datasets for training ML models. Herein, we present ORDerly, an open-source Python package for customizable and reproducible preparation of reaction data stored in accordance with the increasingly popular Open Reaction Database (ORD) schema. We use ORDerly to clean US patent data stored in ORD and generate datasets for forward prediction, retrosynthesis, as well as the first benchmark for reaction condition prediction. We train neural networks on datasets generated with ORDerly for condition prediction and show that datasets missing key cleaning steps can lead to silently overinflated performance metrics. Additionally, we train transformers for forward and retrosynthesis prediction and demonstrate how non-patent data can be used to evaluate model generalisation. By providing a customizable open-source solution for cleaning and preparing large chemical reaction data, ORDerly is poised to push forward the boundaries of machine learning applications in chemistry.",2023-08-30T07:14:46.607Z,10.26434/chemrxiv-2023-qkjtb-v2
390,"AIMNet2: A Neural Network Potential to Meet your Neutral, Charged, Organic, and Elemental-Organic Needs","Machine learned interatomic potentials (MLIPs) are reshaping computational chemistry practices because of their ability to drastically exceed the accuracy-length/time scale tradeoff. Despite this attraction, the benefits of such efficiency are only impactful when an MLIP uniquely enables insight into a target system or is broadly transferable outside of the training dataset, where models achieving the latter are seldom reported. In this work, we present the 2nd generation of our atoms-in-molecules neural network potential (AIMNet2), which is applicable to species composed of up to 14 chemical elements in both neutral and charged states, making it a valuable model for modeling the majority of non-metallic compounds. Using an exhaustive dataset of 20 million hybrid quantum chemical calculations, AIMNet2 combines ML-parameterized short-range and physics-based long-range terms to attain generalizability that reaches from simple organics to diverse molecules with “exotic” element-organic bonding. We show that AIMNet2 outperforms semi-empirical GFN-xTB and is on par with reference density functional theory for interaction energy contributions, conformer search tasks, torsion rotation profiles, and molecular-to-macromolecular geometry optimization. Overall, the demonstrated chemical coverage and computational efficiency of AIMNet2 is a significant step toward providing access to MLIPs that avoid the crucial limitation of curating additional quantum chemical data and retraining with each new application.",2024-04-30T09:11:48.711Z,10.26434/chemrxiv-2023-296ch-v2
391,Unsupervised Attention-Guided Atom-Mapping,"Knowing how atoms rearrange during a chemical transformation is  fundamental to numerous applications aiming to accelerate organic synthesis and molecular discovery. This labelling is known as atom-mapping and is an NP-hard problem. Current solutions use a combination of graph-theoretical approaches, heuristics, and rule-based systems. Unfortunately, the existing mappings and algorithms are often prone to errors and quality issues, which limit the effectiveness of supervised approaches. Self-supervised neural networks called Transformers, on the other hand, have recently shown tremendous potential when applied to textual representations of different domain-specific data, such as chemical reactions. Here we demonstrate that attention weights learned by a Transformer, without supervision or human labelling, encode atom rearrangement information between products and reactants. We build a chemically agnostic attention-guided reaction mapper that shows a remarkable performance in terms of accuracy and speed, even for strongly imbalanced reactions. Our work suggests that unannotated collections of chemical reactions contain all the relevant information to construct coherent sets of reaction rules. This finding provides the missing link between data-driven and rule-based approaches and will stimulate machine-assisted discovery in the chemical domain.<div><br /></div><div>Code is available at: https://github.com/rxn4chemistry/rxnmapper</div>",2020-05-14T12:38:51.000Z,10.26434/chemrxiv.12298559.v1
392,Neural potentials of proteins extrapolate beyond training data,"We evaluate neural network (NN) coarse-grained (CG) force fields compared to traditional CG molecular mechanics force fields. We conclude NN force fields are able to extrapolate and sample from unseen regions of the free energy surface when trained with limited data. Our results come from 88 NN force fields trained on different combinations of clustered free energy surfaces from 4 protein mapped trajectories. We used a statistical measure named total variation similarity (TVS) to assess the agreement between free energy surfaces of mapped atomistic simulations and CG simulations from the trained NN force fields. Our conclusions support the hypothesis that constructing force fields on one region of the protein free energy surface can indeed extrapolate to unexplored regions. Additionally, the force matching error was found to only be weakly correlated with a force field's ability to reconstruct the correct free energy surface. ",2023-05-04T09:28:12.012Z,10.26434/chemrxiv-2022-41f04-v3
393,ChemInformatics Model Explorer (CIME): Exploratory analysis of chemical model explanations,"The introduction of machine learning to small molecule research – an inherently multidisciplinary field in which chemists and data scientists combine their expertise and collaborate – has been vital to making screening processes more efficient.  In recent years, numerous models that predict pharmacokinetic properties or bioactivity have been published, and these are used on a daily basis by chemists to make decisions and prioritize ideas. The emerging field of explainable artificial intelligence is opening up new possibilities for understanding the reasoning that underlies a model. In small molecule research, this means relating contributions of substructures of compounds to their predicted properties, which in turn also allows the areas of the compounds that have the greatest influence on the outcome to be identified. However, there is no interactive visualization tool that facilitates such interdisciplinary collaborations towards interpretability of machine learning models for small molecules.  To fill this gap, we present CIME (ChemInformatics Model Explorer), an interactive web-based system that allows users to inspect chemical data sets, visualize model explanations, compare interpretability techniques, and explore subgroups of compounds. The tool is model-agnostic and can be run on a server or a workstation.",2021-12-01T09:37:12.764Z,10.26434/chemrxiv-2021-crpd0
394,Beyond Atoms and Bonds: Contextual Explainability via Molecular Graphical Depictions,"The field of explainable AI applied to molecular property prediction models has often been reduced to deriving atomic contributions. This has impaired the interpretability of such models, as chemists rather think in terms of larger, chemically meaningful structures, which often do not simply reduce to the sum of their atomic constituents. We develop an explanatory framework yielding both local as well as more complex structural attributions. We derive such contextual explanations in pixel space, exploiting the property that a molecule is not merely encoded through a collection of atoms and bonds, as is the case for string- or graph-based approaches. We provide evidence that the proposed explanation method satisfies desirable properties, namely sparsity and invariance with respect to the molecule’s symmetries.",2022-03-07T05:34:08.358Z,10.26434/chemrxiv-2022-dz4zc
395,Property-Guided Generation of Complex Polymer Topologies Using Variational Autoencoders,"The complexity and diversity of polymer topologies, or chain architectures, present substantial challenges in predicting and engineering polymer properties. Although machine learning is increasingly used in polymer science, applications to address architecturally complex polymers are nascent. Here, we use a generative machine learning model based on variational autoencoders and data generated from molecular dynamics simulations to design polymer topologies that exhibit target properties. Following the construction of a dataset featuring 1,342 polymers with linear, cyclic, branch, comb, star, or dendritic structures, we employ a multi-task learning framework that effectively reconstructs and classifies polymer topologies while predicting their dilute-solution radii of gyration. This framework enables the generation of novel polymer topologies with target size, which is subsequently validated through molecular simulation. These capabilities are then exploited to contrast rheological properties of topologically distinct polymers with otherwise similar dilute-solution behavior. This research opens new avenues for engineering polymers with more intricate and tailored properties with machine learning.",2024-02-20T10:54:18.692Z,10.26434/chemrxiv-2024-h2xgs
396,State of the Art Iterative Docking with Logistic Regression and Morgan Fingerprints,"<p>There is renewed interest in docking campaigns for ligand-discovery since the advent of ultra-large scale virtual libraries. Using brute-force search, the scale of the libraries suggests highly parallelized compute should be used to avoid years-long computations. This paper reports a re-analysis of docking data from an ultra-large docking campaign at the D4 receptor and AmpC beta lactamase, and demonstrates large reductions in computation time to identify the top-ranked ligands. A search of ‘baseline’ featurizations shows that logistic regression on Morgan fingerprints with pharmacophoric atom invariants can match the reported performance on the same task using message-passing networks. With this approach, an ultra-large docking campaign could be performed in a matter of weeks using consumer-grade CPUs with <i>RDKit </i>and <i>scikit-learn</i>. All code and figures are available at <a href=""https://github.com/ljmartin/dockop"">https://github.com/ljmartin/dockop</a> </p><br />",2021-04-02T04:31:35.000Z,10.26434/chemrxiv.14348117.v1
397,Do Chemformers dream of organic matter? Evaluating a transformer model for multi-step retrosynthesis,"Synthesis planning of new pharmaceutical compounds is a well-known bottleneck in modern drug design. Template-free methods, such as transformers, have recently been proposed as an alternative to template-based methods for single-step retrosynthetic predictions. Here, we trained and evaluated a transformer model, called Chemformer, for retrosynthesis predictions within drug discovery. The proprietary dataset used for training comprised ~18M reactions from literature, patents, and electronic lab notebooks. Chemformer was evaluated for the purpose of both single-step and multi-step retrosynthesis. We found that the single-step performance of Chemformer was especially good on reaction classes common in drug discovery, with most reaction classes showing a top-10 round-trip accuracy above 0.97. Moreover, Chemformer reached a higher round-trip accuracy compared to a template-based model. By analyzing multi-step retrosynthesis experiments, we observed that Chemformer found synthetic routes leading to commercial starting materials for 95% of the target compounds, an increase by more than 20% compared to the template-based model. In addition to this, we discovered that Chemformer suggested novel disconnections corresponding to reaction templates which are not included in the template-based model. The conclusions drawn from this work allow for designing a synthesis planning tool where template-based and template-free models work in harmony to optimize retrosynthetic recommendations.",2023-09-21T12:46:05.841Z,10.26434/chemrxiv-2023-685jv
398,Migration of Zeolite-Encapsulated Subnanometre Platinum Clusters via Reactive Neural Network Potentials,"The migration of atoms and small clusters is an important process in sub-nanometre scale heterogeneous catalysis, affecting activity, accessibility and deactivation through sintering.  Control of migration can be partially achieved via encapsulation of sub-nanometre metal particles into porous media such as zeolites. However, a general understanding of the migration mechanisms and their sensitivity to particle size and framework environment is lacking. Here, we extend the time-scale and sampling of atomistic simulations of platinum cluster diffusion in siliceous zeolite frameworks, by introducing a reactive neural network potential of density functional quality. We observe that Pt atoms migrate in a qualitatively different manner from clusters, occupying the dense region of the framework and avoiding the free pore space. We also find that for cage-like zeolite CHA there exists a maximum in self diffusivity for the Pt dimer beyond which, confinement effects hinder intercage migration.   By extending the quality of sampling, NNP-based methods allow for the discovery of novel dynamical processes at the atomistic scale, bringing modelling closer to operando experimental characterization of catalytic materials. ",2023-12-07T11:26:40.217Z,10.26434/chemrxiv-2023-9g3fn
399,Holistic Prediction of Nucleophilicity and Electrophilicity Based on a Machine Learning Approach,"Nucleophilicity and electrophilicity dictate the reactivity of polar organic reactions. In the past decades, Mayr et al. established a quantitative scale for nucleophilicity (N) and electrophilicity (E), which proved to be useful tools for the rationalization of chemical reactivity. In this study, a holistic prediction model was developed through a machine-learning approach. rSPOC, an ensemble molecular representation with structural, physicochemical, and solvent features, was developed for this purpose. With 1115 nucleophiles, 285 electrophiles and 22 solvents, the dataset was currently the largest one for reactivity prediction. The rSPOC model trained with the Extra Trees algorithm showed high accuracy in predicting Mayr’s N and E parameters with R2 of 0.96 and 0.92, MAE of 0.99 and 1.47, respectively. Furthermore, the practical applications of the model, for instance, nucleophilicity prediction of NAD(P)H and a series of enamines showed potential in predicting molecules with unknown reactivity within seconds. An online prediction platform (http://isyn.luoszgroup.com/) was constructed based on the current model, which is available free to the scientific community.",2023-01-12T09:48:09.389Z,10.26434/chemrxiv-2023-6dh2q
400,Performance metrics for tensorial learning: prediction of Li4Ti5O12 nuclear magnetic resonance observables at experimental accuracy,"Machine learning (ML) surrogate modeling is a powerful approach to reduce the computational cost of first-principles calculations. While well established for the prediction of scalar observables like energetics or band gaps, performance metrics for the learning of tensor-based observables have not yet been formalized. Here we use the electric field tensor (EFG) underlying nuclear magnetic resonance (NMR) spectroscopy to demonstrate and quantify the superiority of a tensorial learning that fully encodes the corresponding symmetries over a separate scalar learning of individual tensor-derived observables. To this end we establish an extensive EFG data set representative of real experimental applications and develop performance metrics for model evaluation which directly focus on the targeted NMR observables. Our results relate the inferiority of symmetry-agnostic scalar learning especially to its inability to capture the orientation of the EFG tensor. Tensorial learning instead achieves results within experimental precision at a high learning rate.",2024-04-26T08:50:01.095Z,10.26434/chemrxiv-2024-j0kp2
401,Development of Scalable and Generalizable Machine Learned Force Field for Polymers,"Understanding and predicting the properties of polymers is vital to developing tailored polymer molecules for desired applications. Classical force fields may fail to capture key properties, for example, the transport properties of certain polymer systems such as polyethylene glycol. As a solution, we present an alternative potential energy surface, a charge recursive neural network (QRNN) model trained on DFT calculations made on smaller atomic clusters that generalizes well to oligomers comprising larger atomic clusters or longer chains. We demonstrate the validity of the polymer QRNN workflow by modeling the oligomers of ethylene glycol. We apply two rounds of active learning (addition of new training clusters based on current model performance) and implement a novel model training approach that uses partial charges from a semi-empirical method. Our developed QRNN model for polymers produces stable molecular dynamics (MD) simulation trajectory and captures the dynamics of polymer chains as indicated by the striking agreement with experimental values. Our model allows working on much larger systems than allowed by DFT simulations, at the same time providing a more accurate force field than classical force fields which provides a promising avenue for large-scale molecular simulations of polymeric systems.",2023-09-07T07:01:45.870Z,10.26434/chemrxiv-2023-4z2bw-v2
402,MOF Synthesis Prediction Enabled by Automatic Data Mining and Machine Learning,"Despite rapid progress in the field of metal-organic frameworks (MOFs), the potential of using machine learning (ML) methods to predict MOF synthesis parameters is still untapped. Here, we show how ML can be used for rationalization and acceleration of the MOF discovery process by directly predicting the synthesis conditions of a MOF based on its crystal structure. Our approach is based on: (i) establishing the first MOF synthesis database via automatic extraction of synthesis parameters from the literature, (ii) training and optimizing ML models by employing the MOF database, and (iii) predicting the synthesis conditions for new MOF structures. The ML models even at an initial stage exhibit a good prediction performance, outperforming human expert predictions, obtained through a synthesis survey.",2021-08-04T05:42:03.036Z,10.26434/chemrxiv-2021-kgd0h
403,"EnzymeMap: Curation, validation and data-driven prediction of enzymatic reactions","Enzymatic reactions are an ecofriendly, selective and versatile addition, sometimes even alternative to organic reactions for the synthesis of chemical compounds such as pharmaceuticals or fine chemicals. To identify suitable reactions, computational models to predict the activity of enzymes on non-native substrates, to perform retrosynthetic pathway searches, or to predict the outcomes of reactions including regio- and stereoselectivity are becoming increasingly important. However, current approaches are substantially hindered by the limited amount of available data, especially if balanced and atom mapped reactions are needed and if the models feature machine learning components. We therefore constructed a high-quality dataset (EnzymeMap) by developing a large set of correction and validation algorithms for recorded reactions in the literature and showcase its significant positive impact on machine learning models of retrosynthesis, forward prediction, and regioselectivity prediction, outperforming previous approaches by a large margin. Our dataset allows for deep learning models of enzymatic reactions with unprecedented accuracy, and is freely available online.",2023-08-31T04:33:07.413Z,10.26434/chemrxiv-2023-jzw9w-v2
404,Benchmarking Coordination Number Prediction Algorithms on Inorganic Crystal Structures,"Coordination numbers and geometries form a theoretical framework for understanding and predicting materials properties. Algorithms to determine coordination numbers automatically are increasingly used for machine learning and automatic structural analysis. In this work, we introduce MaterialsCoord, a benchmark suite containing 56 experimentally-derived crystal structures (spanning elements, binaries, and ternary compounds) and their corresponding coordination environments as described in the research literature. We also describe CrystalNN, a novel algorithm for determining near neighbors. We compare CrystalNN against 7 existing near-neighbor algorithms on the MaterialsCoord benchmark, finding CrystalNN to perform similarly to several well-established algorithms. For each algorithm, we also assess computational demand and sensitivity towards small perturbations that mimic thermal motion. Finally, we investigate the similarity between bonding algorithms when applied to the Materials Project database. We expect that this work will aid the development of coordination prediction algorithms as well as improve structural descriptors for machine learning and other applications.",2021-01-05T07:15:37.000Z,10.26434/chemrxiv.12508229.v2
405,Deep Learning-Ready Voxel Representation of Protein-Ligand Complexes from an Enhanced PBDbind v.2020 Dataset,"A critical aspect of successful deep learning (DL) modelling in computer-aided drug discovery (CADD) is the representation of biomolecular data. Voxel grid representations have emerged as a straightforward method for depicting 3D molecular structures of protein-ligand complexes. Proper structural preparation of these complexes is also crucial, particularly in models where the orientation of hydrogen atoms and the accurate assignment of protonation/tautomeric states are vital. The PDBbind, a widely used dataset, can be improved in this regard. This work presents an enhanced version of the PDBbind v.2020 refined set concerning structural preparation, a voxel representation of these structures suitable for DL model training and a diverse set of docking-generated poses that could be used to develop new scoring functions for pose prediction. We also introduce DockTGrid, a software library developed to generate these voxel representations, which can be adapted to create new molecular features. With this work, we aim to provide the CADD community with high-quality, accessible resources to facilitate the development of DL models for drug discovery. ",2023-12-11T10:18:51.873Z,10.26434/chemrxiv-2023-f4q6k
406,HyFactor: Hydrogen-count labelled graph-based defactorization Autoencoder,"Graph-based architectures are becoming increasingly popular as a tool for structure generation. Here, we introduce a novel open-source architecture HyFactor which is inspired by previously reported DEFactor architecture and based on the hydrogen labeled graphs. Since the original DEFactor code was not available, its new implementation (ReFactor) was prepared in this work for the benchmarking purpose. HyFactor demonstrates its high performance on the ZINC 250K MOSES and ChEMBL data set and in molecular generation tasks, it is considerably more effective than ReFactor. The code of HyFactor and all models obtained in this study are publicly available from our GitHub repository: https://github.com/Laboratoire-de-Chemoinformatique/hyfactor",2021-12-06T12:46:13.160Z,10.26434/chemrxiv-2021-18x0d
407,Rapid Traversal of Ultralarge Chemical Space using Machine Learning Guided Docking Screens,"The accelerating growth of make-on-demand chemical libraries provides novel opportunities to identify starting points for drug discovery with virtual screening. However, the recently released multi-billion-scale libraries are too challenging to screen even for the fastest structure-based docking methods. Here, we introduce a strategy that combines machine learning and molecular docking to enable rapid virtual screening of databases containing billions of compounds. In our workflow, a classification algorithm is first trained to identify top-scoring compounds based on molecular docking of one million compounds to the target protein. The conformal prediction framework is then used to make selections from the multi-billion-scale library, drastically reducing the number of compounds to be scored by the docking algorithm. The performance of the approach was benchmarked on a set of eight different target proteins, and classifiers based on gradient boosting, deep neural network, and transformer architectures were evaluated. The CatBoost classifier exhibited the optimal balance between speed and accuracy and was used to adapt the workflow for screens of ultralarge libraries. The optimized workflow was demonstrated to identify >90% of the very top-scoring molecules in a library with 0.2 billion compounds, which only required docking of 3-5% of this set. Application to a library with >3.5 billion compounds showed that molecules with substantially improved docking scores can be identified by machine learning, enabling efficient virtual screening of the largest commercial chemical libraries available. The accelerated virtual screening workflow has been made publicly available to facilitate exploration of vast chemical libraries for drug discovery.",2023-05-10T09:30:35.325Z,10.26434/chemrxiv-2023-w3x36
408,Machine learning from quantum chemistry to predict experimental solvent effects on reaction rates,"Fast and accurate prediction of solvent effects on reaction rates are crucial for kinetic modeling, chemical process design, and high-throughput solvent screening. Despite the recent advance in machine learning, a scarcity of reliable data has hindered the development of predictive models that are generalizable for diverse reactions and solvents. In this work, we generate a large set of data with the COSMO-RS method for over 28,000 neutral reactions and 295 solvents and train a machine learning model to predict the solvation free energy and solvation enthalpy of activation (ΔΔG‡solv, ΔΔH‡solv) for a solution phase reaction. On unseen reactions, the model achieves mean absolute errors of 0.71 and 1.03 kcal/mol for ΔΔG‡solv and ΔΔH‡solv, respectively, relative to the COSMO-RS calculations. The model also provides reliable predictions of relative rate constants within a factor of 4 when tested on experimental data. The presented model can provide nearly instantaneous predictions of kinetic solvent effects or relative rate constants for a broad range of neutral closed-shell or free radical reactions and solvents only based on atom-mapped reaction SMILES and solvent SMILES strings.",2024-01-10T11:09:50.104Z,10.26434/chemrxiv-2023-f20bg-v3
409,"PolypharmDB, a Deep Learning-Based Resource, Quickly Identifies Repurposed Drug Candidates for COVID-19","<p>There is an immediate need to discover treatments for COVID-19, the pandemic caused by the SARS-CoV-2 virus. Standard small molecule drug discovery workflows that start with library screens are an impractical path forward given the timelines to discover, develop, and test clinically. To accelerate the time to patient testing, here we explored the therapeutic potential of small molecule drugs that have been tested to some degree in a clinical environment, including approved medications, as possible therapeutic interventions for COVID-19. Motivating our process is a concept termed polypharmacology, i.e. off-target interactions that may hold therapeutic potential. In this work, we used Ligand Design, our deep learning drug design platform, to interrogate the polypharmacological profiles of  an internal collection of small molecule drugs with federal approval or going through clinical trials, with the goal of identifying molecules predicted to modulate targets relevant for COVID-19 treatment. Resulting from our efforts is PolypharmDB, a resource of drugs and their predicted binding of protein targets across the human proteome. Mining PolypharmDB yielded molecules predicted to interact with human and viral drug targets for COVID-19, including host proteins linked to viral entry and proliferation and key viral proteins associated with the virus life-cycle. Further, we assembled a collection of prioritized approved drugs for two specific host-targets, TMPRSS2 and cathepsin B, whose joint inhibition was recently shown to block SARS-CoV-2 virus entry into host cells. Overall, we demonstrate that our approach facilitates rapid response, identifying 30 prioritized candidates for testing for their possible use as anti-COVID drugs. Using the PolypharmDB resource, it is possible to identify repurposed drug candidates for newly discovered targets within a single work day. We are making a complete list of the molecules we identified available at no cost to partners with the ability to test them for efficacy, in vitro and/or clinically.</p><div><br /></div>",2020-04-06T06:40:33.000Z,10.26434/chemrxiv.12071271.v1
410,Screening Of Zinc Database Against Streptococcal Cysteine Protease Enzyme For Identification Of Novel Group A Streptococcus Inhibitors,"Inhibition of streptococcal cysteine protease has recently emerged as quite a promising target to treat severe cases of Group A Streptococcus infections. For the identification of streptococcal cysteine protease inhibitors, structure-based virtual screening (SBVS) of ZINC Database was performed. The docking protocol was performed with the help of AutoDock Tools and AutoDock Vina software. Based on binding affinity and similarity of interactions with our target receptor streptococcal cysteine protease, 4 hit compounds were identified, which were further subjected to ADMET (Adsorption, Distribution, Metabolism, Excretion, Toxicity) and Drug-likeness to identify the best hit compound. The most potent compound showed binding of -7.7 KJ/mol with receptor streptococcal cysteine protease. It also showed 6 similar amino acid interactions with the receptor’s native ligand along with good ADME and Drug-likeness properties. Furthermore, the molecular dynamics simulation analysis revealed that the complex formed between the protein streptococcal cysteine protease and the hit compound ZINC000205429716 had good structural stability. The current study reveals the successful use of in silico SBVS methods for the identification of novel and possible streptococcal cysteine protease inhibitors, with compound ZINC000205429716 serving as a potential lead for the creation of Group A Streptococcus inhibitors.",2021-08-18T04:50:09.042Z,10.26434/chemrxiv-2021-jwlbz
411,The First CACHE Challenge – Testing Diverse Virtual Screening Scoring Methods to Identify Potential LRRK2 Binders,"In December 2021, Molecular Forecaster (MFI) applied to participate in the inaugural CACHE Challenge. Organized by the Structural Genomics Consortium (SGC), CACHE (Critical Assessment of Computational Hit-finding Experiments) is a public–private partnership benchmarking initiative to enable the development of computational methods “to compare and improve small-molecule hit-finding algorithms through cycles of prediction and experimental testing.”  The MFI team has decided to take multiple research-focused approaches to our predictions in this first CACHE challenge, aiming to learn from our successes and failures. We are putting MFI’s team, expertise, and algorithms to the test, using them as a foundation to push the boundaries beyond our scientific and application successes to-date. We’ve also decided to double-down and share the details of our work with the community. The experimental results are now in and we have conducted a retrospective analysis in the second half of this manuscript.",2024-03-07T05:39:59.030Z,10.26434/chemrxiv-2022-ncqsj-v3
412,Automatic Retrosynthetic Pathway Planning Using Template-free Models,"<div><div><div><p>We present an attention-based Transformer model for automatic retrosynthesis route planning. Our approach starts from <a></a><a>reactants prediction of single-step organic reactions for gi</a>ven products, <a>followed by Monte Carlo tree search-based automatic retrosynthetic pathway prediction</a>. Trained on two datasets from the United States patent literature, our models achieved a top-1 prediction accuracy of over 54.6% and 63.0% with more than 95% and 99.6% validity rate of SMILES, respectively, which is the best up to now to our knowledge. We also demonstrate the application potential of our model by successfully performing multi-step retrosynthetic route planning for four case products, i.e., antiseizure drug Rufinamide, a novel allosteric activator, an inhibitor of human acute-myeloid-leukemia cells and a complex intermediate of drug candidate. Further, by using heuristics Monte Carlo tree search, we achieved automatic retrosynthetic pathway searching and successfully reproduced published synthesis pathways. In summary, our model has achieved the state-of-the-art performance on single-step retrosynthetic prediction and provides a novel strategy for automatic retrosynthetic pathway planning.  </p><div>  <div><div><p><br /></p></div></div><div><div>  </div>  </div>  </div><br /><p></p></div></div></div>",2019-05-23T15:37:19.000Z,10.26434/chemrxiv.8168354.v1
413,A community effort to discover small molecule SARS-CoV-2 inhibitors,"The COVID-19 pandemic continues to pose a substantial threat to human lives and is likely to do so for years to come. Despite the availability of vaccines, searching for efficient small-molecule drugs that are widely available, including in low- and middle-income countries, is an ongoing challenge. In this work, we report the results of a community effort, the “Billion molecules against Covid-19 challenge”, to identify small-molecule inhibitors against SARS-CoV-2 or relevant human receptors. Participating teams used a wide variety of computational methods to screen a minimum of 1 billion virtual molecules against 6 protein targets. Overall, 31 teams participated, and they suggested a total of 639,024 potentially active molecules, which were subsequently ranked to find ‘consensus compounds’. The organizing team coordinated with various contract research organizations (CROs) and collaborating institutions to synthesize and test 878 compounds for activity against proteases (Nsp5, Nsp3, TMPRSS2), nucleocapsid N, RdRP (Nsp12 domain), and (alpha) spike protein S. Overall, 27 potential inhibitors were experimentally confirmed by binding-, cleavage-, and/or viral suppression assays and are presented here. All results are freely available and can be taken further downstream without IP restrictions. Overall, we show the effectiveness of computational techniques, community efforts, and communication across research fields (i.e., protein expression and crystallography, in silico modeling, synthesis and biological assays) to accelerate the early phases of drug discovery.",2023-04-07T13:22:41.942Z,10.26434/chemrxiv-2023-1d5w8
414,Machine learning assisted hit prioritization for high throughput screening in drug discovery,"Efficient prioritization of bioactive compounds from high throughput screening campaigns is a fundamental challenge for accelerating drug development efforts. In this study, we present the first data-driven approach to simultaneously detect assay interferents and prioritize true bioactive compounds. By analyzing the learning dynamics during training of a gradient boosting model on noisy high throughput screening data using a novel formulation of sample influence, we are able to distinguish between compounds exhibiting the desired biological response and the ones producing assay artifacts. Therefore, our method enables false positive and true positive detection without relying on prior screens or assay interference mechanisms, making it applicable to any high throughput screening campaign. We demonstrate that our approach consistently excludes assay interferents with different mechanisms and prioritizes biologically relevant compounds more efficiently than all tested baselines, including a retrospective case study simulating its use in a real drug discovery campaign. Finally, our tool is extremely computationally efficient, requiring less than 30 seconds per assay on low-resource hardware. As such, our findings show that our method is an ideal addition to existing false positive detection tools and can be used to guide further pharmacological optimization after high throughput screening campaigns.",2023-12-05T04:45:33.740Z,10.26434/chemrxiv-2023-zrgkp
415,Automated Prediction of Ground State Spin for Transition Metal Complexes,"Exploiting crystallographic data repositories for large-scale quantum chemical computations requires the rapid and accurate extraction of the molecular structure, charge and spin from the crystallographic information file. Here, we develop a general approach to assign the ground state spin of transition metal complexes, in complement to our previous efforts on determining metal oxidation states and bond order within the cell2mol software. Starting from a database of 31k transition metal complexes extracted from the Cambridge Structural Database with cell2mol, we construct the TM-GSspin dataset, which contains 2,032 mononuclear first row transition metal complexes and their computed ground state spins. TM-GSspin is highly diverse in terms of metals, metal oxidation states, coordination geometries, and coordination sphere compositions. Based on TM-GSspin, we identify correlations between structural and electronic features of the complexes and their ground state spins to develop a rule-based spin state assignment model. Leveraging this knowledge, we construct interpretable descriptors and build a statistical model achieving 97% cross-validated accuracy in predicting the ground state spin across the board. Our approach provides a practical way to determine the ground state spin of transition metal complexes directly from crystal structures without additional computations, thus enabling the automated use of crystallographic data for large-scale computations involving transition metal complexes.",2024-03-25T05:44:11.006Z,10.26434/chemrxiv-2024-4v9df
416,Bring Chemical Intuition to Chips: Transferable Chemical-intuitive Model to Predict Photophysics of Organic Aggregates,"While machine-learning methods indicated good adaptability for machine-learning algorithms in the pan-chemistry field by its breakthroughs in pharmacy. Materials research still benefits from such new techniques fewer due to the inconsistency in the paradigm of study in the diversely different subareas which demand special treatment individually. In this contribution, we proposed an innovative design of the embedding method, which is inspired by chemical intuition, to bring neural networks into the field for modelling photophysics of the organic light-emitting materials in condensed states. We outline this framework and demonstrate its successful implementation in the predictive classification of fluorophores by its mechanisms, direction of spectra shift from solution to solid-state, and regression of spectral features, including emission peaks wavelengths in pristine solid-state and nano-aggregates. Our work may serve as an example for a specific area of materials research to transfer the empirical chemical intuition into machine-learning models and build comprehensive performance-oriented pre-screening systems to develop new compounds with demanded characters.",2022-05-16T04:58:03.031Z,10.26434/chemrxiv-2022-r4bfq-v4
417,CatEmbed: A Machine-Learned Representation Obtained via Categorical Entity Embedding for Predicting Adsorption and Reaction Energies on Bimetallic Alloy Surfaces,"Machine-learning models for predicting adsorption energies on metallic surfaces often relies on basic elemental properties, electronic, and geometric descriptors. Here, we apply categorical entity embedding, a featurization method inspired by natural language processing techniques, to predict adsorption energies on bimetallic alloy surfaces using categorical descriptors. Using this method, we develop a machine-learned representation from categorical descriptors (e.g., surface composition, adsorbate type, and site type) of the slab/adsorbate complex. By combining this representation with numerical features (e.g., slab metal stoichiometric ratios), we create the CatEmbed representation. Remarkably, decision tree models trained using CatEmbed, which includes no explicit geometric information, achieve a Mean Absolute Error (MAE) of 0.12 eV. Additionally, we extended this technique to predict reaction energies on bimetallic surfaces, creating the CatEmbed-React representation, which achieves an MAE of 0.08 eV. These findings highlight the effectiveness of categorical entity embedding for predicting adsorption and reaction energies on bimetallic alloy surfaces.",2024-05-22T09:22:30.911Z,10.26434/chemrxiv-2024-1r7v9
418,MS2Mol: A transformer model for illuminating dark chemical space from mass spectra,"The ability to identify small molecules in complex samples from their mass spectra is among the grand challenges of analytical chemistry. Improvements to this ability could significantly advance fields as diverse as drug discovery, diagnostics, environmental science, and synthetic biology. A primary bottleneck is that standard structure elucidation technologies are limited to identifying only those molecules that are contained in databases of known spectra or molecular structures and are therefore not well suited to identifying the vast majority of potentially billions of natural metabolites, whose structures are not yet catalogued. To improve the identification of molecular structures within this vast dark chemical space, we present MS2Mol, a de novo structure prediction model based on a generative sequence to sequence transformer. We also release EnvedaDark, a first-of-its-kind data set for benchmarking identification performance on unknown metabolites. EnvedaDark contains experimental mass spectra from 226 natural products not currently found in major databases. We demonstrate on this challenging dataset that MS2Mol is able to predict 21% of molecular structures to within a close-match accuracy threshold and 62% to within meaningful similarity, both of which are significant improvements over the closest match retrieved using standard database methods. We further present a confidence scorer that enables practical usage for novel molecule discovery and enriches the accuracy on meaningfully-similar and close-match thresholds to 98% and 63%, respectively, for the top 10% most confident predictions.",2023-09-06T05:54:46.404Z,10.26434/chemrxiv-2023-vsmpx-v4
419,A machine learning q-RASPR approach for efficient predictions of the specific surface area of perovskites,"In this study, the specific surface area of various perovskites was modeled using a novel quantitative read-across structure-property relationship (q-RASPR) approach, which clubs both Read-Across (RA) and quantitative structure-property relationship (QSPR) together. After optimization of the hyper-parameters, certain similarity-based error measures for each query compound were obtained. Clubbing some of these error-based measures with the previously selected features along with the Read-Across prediction function, a number of machine learning models were developed using Partial Least Squares (PLS), ridge regression (RR), linear support vector regression (LSVR), and random forest (RF) regression. Based on the external prediction quality and interpretability, the PLS model was selected as the best predictor which underscored the previously reported results.  The finally selected model should efficiently predict specific surface areas of other perovskites for their use in photocatalysis. The new q-RASPR method also appears promising for the prediction of several other property endpoints of interest in materials science.",2022-11-16T11:05:53.805Z,10.26434/chemrxiv-2022-cvjg7
420,Chemical Language Modeling with Structured State Spaces,"Generative deep learning is reshaping drug design. Chemical language models (CLMs) – which generate molecules in the form of molecular strings – bear particular promise for this endeavor. Here, we introduce a recent deep learning architecture, termed Structured State-Space Sequence (S4) model, into de novo drug design. In addition to its unprecedented performance in various fields, S4 has a remarkable capability to capture the global properties of long sequences. This aspect is key for chemical language modeling, where complex molecular properties like bioactivity can 'emerge' from distant positions in the molecular strings. This observation gives rise to the following question: Can S4 advance chemical language modeling for de novo design? To provide an answer, we systematically benchmark S4 with state-of-the-art CLMs on an array of drug discovery tasks, such as the identification of bioactive compounds, and the design of drug-like molecules and natural products. S4 showed a superior capacity to learn complex molecular properties, while at the same time exploring diverse scaffolds. Finally, when applied prospectively to kinase inhibition, S4 designed eight of out ten molecules that were predicted as highly active by molecular dynamics simulations. Taken together, these findings advocate for the introduction of S4 into chemical language modeling -- uncovering its untapped potential in the molecular sciences.",2024-01-25T09:14:22.019Z,10.26434/chemrxiv-2023-jwmf3-v2
421,Global Reactivity Models are Impactful in Industrial Synthesis Applications ,"Artificial Intelligence is revolutionizing many aspects of the pharmaceutical industry. Deep learning models are now routinely applied to guide drug discovery projects leading to faster and improved findings, but there are still many tasks with enormous unrealized potential. One such task is the reaction yield prediction. Every year more than one fifth of all synthesis attempts result in product yields which are either zero or too low. This equates to chemical and human resources being spent on activities which ultimately do not progress the programs, leading to a triple loss when accounting for the cost of opportunity in time wasted. In this work we pre-train a BERT model on more than 16 million reactions from 4 different data sources, and fine tune it to achieve an uncertainty calibrated global yield prediction model. This model is an improvement upon state of the art not just from the increase in pre-train data but also by introducing a new embedding layer which solves a few limitations of SMILES and enables integration of additional information such as equivalents and molecule role into the reaction encoding, the model is called BERT Enriched Embedding (BEE). The model is benchmarked on an open-source dataset against a state-of-the-art synthesis focused BERT showing a near 20-point improvement in r2 score. The model is fine-tuned and tested on an internal company data benchmark, and a prospective study shows that the application of the model can reduce the total number of negative reactions (yield under 5%) ran in Janssen by at least 34%. Lastly, we corroborate the previous results through experimental validation, by directly deploying the model in an on-going drug discovery project and showing that it can also be used successfully as a reagent recommender due to its fast inference speed and reliable confidence estimation, a critical feature for industry application.",2022-10-27T07:38:39.012Z,10.26434/chemrxiv-2022-5775s-v2
422,The Training of Machine Learning Potentials for Reactive Systems: A Colab Tutorial on Basic Models,"In the last several years, there has been a surge in the development of machine learning potential (MLP) models for describing molecular systems. We are interested in a particular area of this field — the training of system-specific MLPs for reactive systems — with the goal of using these MLPs to accelerate free energy simulations of chemical and enzyme reactions. To help new members in our labs become familiar with the basic techniques, we have put together a self-guided Colab tutorial (https://cc-ats.github.io/mlp_tutorial/), which we expect to be also useful to other young researchers in the community. Our tutorial begins with the introduction of simple fitting neural network (FNN) and kernel-based (using Gaussian Process Regression, GPR) models by fitting the two-dimensional Müller-Brown potential. Subsequently, two simple descriptors are presented for extracting features of molecular systems: symmetry functions (including the ANI variant) and embedding neural networks (such as DeepPot-SE). Lastly, these features will be fed into FNN and GPR models to reproduce the energy/force of molecular configurations of the Claisen rearrangement.",2023-08-25T11:05:57.284Z,10.26434/chemrxiv-2023-545gw
423,Evaluation of Reinforcement Learning in Transformer-based Molecular Design,"Designing compounds with a range of desirable properties is a fundamental challenge in drug discovery. In pre-clinical early drug discovery, novel compounds are often designed based on an already existing promising starting compound thorough structural modifications for further property optimization. Recently, transformer-based deep learning models have been explored for the task of molecular optimization by training on pairs of similar molecules. This provides a starting point for generating similar molecules to a given input molecule, but has limited flexibility regarding user-defined property profiles. Here, we evaluate the effect of reinforcement learning on transformer-based molecular generative models. The generative model can be considered as a pre-trained model with knowledge of the chemical space close to an input compound, while reinforcement learning can be viewed as a tuning phase, steering the model towards chemical space with user-specific desirable properties. The evaluation of two distinct tasks - molecular optimization and scaffold hopping - suggest that reinforcement learning could guide the transformer-based generative model towards the generation of more compounds of interest. Additionally, the impact of pre-trained models, learning steps and learning rates are investigated.",2024-03-12T13:02:05.330Z,10.26434/chemrxiv-2024-r9ljm
424,Developing Machine Learning Models for Ionic Conductivity of Imidazolium-Based Ionic Liquids,"In this work, we have developed machine learning models based on support vector machine (SVM) and artificial neural network (ANN) to correlate ionic conductivity of imidazolium-based ionic liquids. The data, collected from the NIST ILThermo  Database, spans six orders of magnitude and ranges from 275-475 K. Both models were found to exhibit very good performance. The ANN-model was then used to predict ionic conductivity for all the possible combinations of cations and anions contained in the original dataset, which led to the identification of an ionic liquid with 30% higher ionic conductivity than the highest conductivity reported in the database at 298 K. The model was further employed to predict ionic conductivity of binary ionic liquid mixtures. A large number of ionic liquid mixtures were found to possess non-ideal behavior in that an intermediate mole fraction for such ionic liquid mixtures resulted in either a maximum or minimum in the ionic conductivity.",2021-04-22T12:56:28.000Z,10.26434/chemrxiv.14459856.v1
425,MASSA Algorithm: automated rational sampling of training and test subsets for QSAR modelling,"QSAR models capable of predicting biological, toxicity, and pharmacokinetic properties were widely used to search lead bioactive molecules in chemical databases. The dataset’s preparation to build these models has a strong influence on the quality of the generated models, and sampling requires that the original dataset be divided into training (for model training) and test (for statistical evaluation) sets. This sampling can be done randomly or rationally, but the rational division is superior. In this paper, we present MASSA, a Python tool that can be used to automatically sample datasets by exploring the biological, physicochemical, and structural spaces of molecules using PCA, HCA, and K-modes. The proposed algorithm is very useful when the variables used for QSAR are not available or to construct multiple QSAR models with the same training and test sets, producing models with lower variability and better values for validation metrics. These results were obtained even when the descriptors used in the QSAR/QSPR were different from those used in the separation of training and test sets, indicating that this tool can be used to build models for more than one QSAR/QSPR technique. Finally, this tool also generates useful graphical representations that can provide insights into the data.",2023-09-29T06:24:03.289Z,10.26434/chemrxiv-2022-dct7l-v3
426,Data Augmentation and Pretraining for Template-Based Retrosynthetic Prediction in Computer-Aided Synthesis Planning,"This work presents efforts to augment the performance of data-driven machine learning algorithms for reaction template recommendation used in computer-aided synthesis planning software. Often, machine learning models designed to perform the task of prioritizing reaction templates or molecular transformations are focused on reporting high accuracy metrics for the one-to-one mapping of product molecules in reaction databases to the template extracted from the recorded reaction. The available templates that get selected for inclusion in these machine learning models have been previously limited to those that appear frequently in the reaction databases and exclude potentially useful transformations. By augmenting open-access datasets of organic reactions with artificially calculated template applicability and pretraining a template relevance neural network on this augmented applicability dataset, we report an increase in the template applicability recall and an increase in the diversity of predicted precursors. The augmentation and pretraining effectively teaches the neural network an increased set of templates that could theoretically lead to successful reactions for a given target. Even on a small dataset of well curated reactions, the data augmentation and pretraining methods resulted in an increase in top-1 accuracy, especially for rare templates, indicating these strategies can be very useful for small datasets.",2020-02-07T05:38:48.000Z,10.26434/chemrxiv.11811564.v1
427,Combining structural and bioactivity-based fingerprints improves prediction performance and scaffold-hopping capability,This study aims at improving upon existing activity predictions methods by augmenting chemical structure fingerprints with bio-activity based fingerprints derived from high-throughput screening (HTS) data (HTSFPs). The HTSFPs were generated from HTS data obtained from PubChem and combined with an ECFP4 structural fingerprint. The combined experimental and structural fingerprint (CESFP) was benchmarked against the individual ECFP4 and HTSFP fingerprints. Results showed that the CESFP has improved predictive performance as well as scaffold hopping capability. The CESFP identified unique compounds compared to both the ECFP4 and the HTSFP fingerprint indicating synergistic effects between the two fingerprints. A feature importance analysis showed that a small subset of the HTSFP features contribute most to the overall performance of the CESFP. This combined approach allows for activity prediction of compounds with only sparse HTSFPs due to the supporting effect from the structural fingerprint.,2019-02-15T21:13:45.000Z,10.26434/chemrxiv.7725209.v1
428,One size does not fit all: revising traditional paradigms for QSAR-based virtual screenings.,"Traditional best practices for Quantitative Structure Activity Relationship (QSAR) modeling recommend dataset balancing and balanced accuracy (BA) as the key desired objective of model development. This study challenges the conventional norms by recommending the use of models with the highest positive predictive value (PPV) built for imbalanced training sets as preferred tools in virtual screening campaigns for drug discovery. As proof of concept, we developed QSAR models for five expansive datasets with different ratios of active and inactive molecules and assessed model performance using BA, PPV, and other metrics. We demonstrated that PPV-oriented models used in virtual screening have at least 30% higher first-batch hit rate as compared to all other models. These findings suggest that QSAR models trained on imbalanced datasets for the highest PPV are preferred tools for virtual screening campaigns in drug discovery.",2023-12-26T07:54:56.213Z,10.26434/chemrxiv-2023-9cw9v
429,Machine learning prediction of open metal sites in metal-organic framework catalysts,"Metal-organic frameworks (MOF) have garnered much attention as promising catalysts due to their tunable porosity, high surface area, and diversity of catalytic metal clusters and organic linkers as building blocks. The presence of open metal sites (OMS) significantly influences the catalytic, adsorption, and separation capabilities of MOFs. However, common laboratory methods are indirect and can suffer from structural heterogeneity. Computational methods, including machine learning, play a central role in the rational design of MOFs, yet in silico detection of OMS still relies heavily on computationally expensive simulations. In this work, we use extreme gradient boosting (XGboost) and random forest (RF) methods to predict the existence of OMS in various MOF compounds based on structural and chemical features. RF provided a higher prediction accuracy of 0.891 compared to 0.865 of XGBoost. Average ionization energy, average electron affinity, and fraction of electrons in d orbitals exhibited the highest importance scores across the two models. These prediction models not only provide novel insights into the structural-property relationship between MOFs and OMS, but also would enable accurate and efficient exploration of MOFs that would give rise to OMS, facilitating the engineering of sorption, separation, and catalytic properties. ",2022-10-10T12:54:01.280Z,10.26434/chemrxiv-2022-8c7kn
430,Roadmap to Pharmaceutically Relevant Reactivity Models Leveraging High-Throughput Experimentation,"The merger of High-Throughput Experimentation (HTE) and data science presents an opportunity to both accelerate and inspire innovations in synthetic chemistry. Similarly, developments in machine learning (ML) have enabled the distillation of large and complex data sets into predictive models capable of generalizing patterns in the data. However, efforts to merge HTE with ML remain constrained by a few reported datasets with limited structural diversity and corresponding trained models that do not extrapolate well to substrates beyond the training set.  Herein, we detail the first ML models for Pd-catalyzed C–N couplings using pharmaceutically relevant structurally diverse large data sets (~ 5000 unique products) generated using nanomole scale compatible chemistry. Careful consideration is given to both the diversity of the data set and accurate model predictions for substrates bearing features beyond those present in the training set. The structural diversity in the data set is enabled by leveraging the Merck & Co., Inc Building Block Collection with an initial focus on C–N coupling using secondary amines. The large dataset enables the systematic evaluation of model performance using five different data-splitting strategies. These five splits are carefully designed to evaluate the model’s ability to extrapolate beyond the substrates in the training set. The accuracy of classification models built with a lens toward application to medicinal chemistry campaigns exceeded the baseline precision-recall by 25-67% depending on the splitting strategy. These results would manifest as significant enrichment of successful C–N couplings using the hits recommended by the models. In addition, the accuracy of the best models for each of the five splits ranges between 70-87% suggesting excellent overall predictivity of the models even for completely unseen substrates.",2022-09-19T07:07:13.915Z,10.26434/chemrxiv-2022-x694w
431,Efficient molecular dynamics simulations of deep eutectic solvents with first-principles accuracy using machine learning interatomic potentials,"In recent years, deep eutectic solvents (DESs) emerged as highly tunable and eco-friendly alternatives to common organic solvents and liquid electrolytes. In the present work, the ability of machine learning (ML) interatomic potentials for molecular dynamics (MD) simulations of these liquids is explored, showcasing a trained neural network interatomic potential for a 1:2 ratio mixture of choline chloride and urea (reline). Using the ML potentials trained on density-functional theory (DFT) data, MD simulations for large systems of thousands of atoms and nanoseconds-long time scales are feasible at a fraction of the computational cost of the target first-principles simulations. The obtained structural and dynamical properties of reline from MD simulations using our machine learning models are in good agreement with the first-principles MD simulations and experimental results. Running a single MD simulation is highlighted as a general shortcoming of typical first-principles studies if the dynamical properties are investigated. Furthermore, velocity cross-correlation functions are employed to study the collective dynamics of the molecular components in reline.",2023-08-24T08:51:36.290Z,10.26434/chemrxiv-2023-dgmp9
432,Highly Selective Novel Heme Oxygenase-1-Targeting Molecules Discovered by DNA-Encoded Library-Machine Learning Model beyond the DEL Chemical Space," DNA-encoded library (DEL) technology has proven to be a powerful method for discovering novel inhibitors for diverse targets. Particularly when combined with machine learning (ML), the DEL-ML workflow expands the chemical space and enhances cost-effectiveness, offering new opportunities to find desired hit molecules. Heme oxygenase-1 (HO-1), primarily a heme-degrading enzyme, has been identified as a potential therapeutic target in diseases such as cancer and neurodegenerative disorders. Despite years of study, the HO-1 inhibitor toolbox remains limited. Here, we report the discovery of five series of novel scaffold HO-1 inhibitors using a DEL-ML workflow that emphasizes the model’s uncertainty quantification and its domain of applicability. The DEL-ML model demonstrated a strong ability to extrapolate to novel chemical spaces by identifying new structures. Approximately 33% of the predicted molecules, validated by biophysical assays, had a binding affinity of K¬D < 15 µM, with the strongest affinity being 141 nM. Fourteen tested molecules showed over 100-fold selectivity towards HO-1 over Heme oxygenase-2 (HO-2). These molecules are also structurally novel compared to the reported HO-1 inhibitors. Further, binding mode simulations via docking provided insights into the possible selectivity rationale of some selective series.",2024-03-07T12:44:53.904Z,10.26434/chemrxiv-2024-k5v0s
433,DockStream: A Docking Wrapper to Enhance De Novo Molecular Design,"Recently, we have released the de novo design platform REINVENT in version 2.0. This improved and extended iteration supports far more features and scoring function components, which allows bespoke and tailor-made protocols to maximize impact in small molecule drug discovery projects. A major obstacle of generative models is producing active compounds, in which predictive (QSAR) models have been applied to enrich target activity. However, QSAR models are inherently limited by their applicability domains. To overcome these limitations, we introduce a structure-based scoring component for REINVENT. DockStream is a flexible, stand-alone molecular docking wrapper that provides access to a collection of ligand embedders and docking backends. Using the benchmarking and analysis workflow provided in DockStream, execution and subsequent analysis of a variety of docking configurations can be automated. Docking algorithms vary greatly in performance depending on the target and the benchmarking and analysis workflow provides a streamlined solution to identifying productive docking configurations. We show that an informative docking configuration can inform the REINVENT agent to optimize towards improving docking scores using public data. With docking activated, REINVENT is able to retain key interactions in the binding site, discard molecules which do not fit the binding cavity, harness unused (sub-)pockets, and improve overall performance in the scaffold-hopping scenario. The code is freely available at https://github.com/MolecularAI/DockStream.",2021-08-04T04:43:49.562Z,10.26434/chemrxiv-2021-qvhml
434,ArtiSAN: Navigating the complexity of material structures with deep reinforcement learning,"Finding low-energy atomic ordering in compositionally complex materials is one of the hardest problems in materials discovery, the solution of which can lead to breakthroughs in functional materials - from alloys to ceramics. In this work, we present the Artificial Structure Arranging Net (ArtiSAN) - a reinforcement learning agent utilizing graph representation that is trained to find low-energy atomic configurations of multicomponent systems through a series of atomic switch operations. ArtiSAN is trained on small alloy supercells ranging from binary to septenary. Strikingly, ArtiSAN generalizes to much larger systems of more than a thousand atoms, which are inaccessible with state-of-the-art methods due to the combinatorially larger search space. The performance of the current ArtiSAN agent is tested and deployed on several compositions that can be correlated with known experimental and high-fidelity computational structures. ArtiSAN demonstrates transfer across size and composition and finds physically meaningful structures using no energy evaluation calls once fully trained. While ArtiSAN will require further modifications to capture all variability in structure search, it is a remarkable step towards solving the structural part of the problem of disordered materials discovery.",2024-06-05T04:29:13.927Z,10.26434/chemrxiv-2024-32rxx
435,Semi-automatic scheme for early-stage material search: developing solvent-solubility prediction of tetraphenylporphyrin derivatives securing chemical-space coverage,"This study developed and implemented a semi-automatic material exploration scheme to modelize the solvent-solubility of tetraphenylporphyrin derivatives. In particular, the scheme involved the following steps: definition of a practical chemical search space, prioritization of molecules in the space using an extended algorithm for submodular function maximization without requiring biased variable selection or pre-existing data, synthesis & automatic measurement, and machine-learning model estimation. The optimal evaluation order selected using the algorithm covered several similar molecules (32% of all targeted molecules, whereas that obtained by random sampling and uncertainty sampling was ~7% and ~4%, respectively) with a small number of evaluations (10 molecules: 0.13% of all targeted molecules). The derived binary classification models predicted ‘good solvents’ with an accuracy > 0.8. Overall, we confirmed the effectivity of the proposed semi-automatic scheme in early-stage material search projects for accelerating a wider range of material research.",2022-05-27T11:40:32.060Z,10.26434/chemrxiv-2022-05rf1
436,Versatile Molecular Editing via Multimodal and Group-optimized Generative Learning,"Generating molecules with specific constituents and structures that exhibit desired properties is a crucial yet challenging task in the computer-aided design of functional molecules. This challenge arises from the discrete nature of the vast design space of molecules, which is subject to additional physical constraints such as symmetries. Exploration and optimization within this constrained discrete space pose difficulties for most machine learning methods. We approach these challenges from a novel multimodal perspective, and propose a multimodal generative method, MolEdit, to explicitly model both the discrete atomic constituents and their continuous positions in 3D space. MolEdit is based on a group-optimized score matching algorithm which preserves the symmetry of atomic positions on top of a joint model which generates the molecular constituents. Therefore, MolEdit simultaneously resolves the discrete and continuous optimization problems encountered in molecular generation. As a compelling feature, MolEdit can flexibly generate precisely edited molecular graphs subjected to various prompts which specify conditional information about molecular constituents as well as substructures. Overall, MolEdit not only advances the frontier of prompt-based molecular design, but also provides a template for transacting powerful modern generative methods for domain-specific scientific data in a multimodal way",2024-06-18T05:07:13.097Z,10.26434/chemrxiv-2023-j2n6l-v2
437,Parametrically Managed Activation Function for a Fitting a Neural Network Potential with Physical Behavior Enforced by a Low-Dimensional Potential,"Machine-learned representations of potential energy surfaces generated in the output layer of a feedforward neural network are becoming increasingly popular. One difficulty with neural-network output is that it is often unreliable in regions where training data is missing or sparse. Human-designed potentials often build in proper extrapolation behavior by choice of functional form. Because machine learning is very efficient, it is desirable to learn how to add human intelligence to machine-learned potentials in a convenient way. One example is the well understood feature of interaction potentials that they vanish when subsystems are too far separated to interact. In this article, we present a way to add a new kind of activation function to a neural network to enforce low-dimensional constraints. In particular the activation function depends parametrically on all the input variables. We illustrate the use of this step by showing how it can force an interaction potential to go to zero at large subsystem separations with either inputting a specific functional form for the potential or adding data to the training set in the asymptotic region of geometries where the subsystems are separated. In the process of illustrating this, we present an improved set of potential energy surfaces for the 14 lowest 3A´ states of O3. The method is more general than this example, and it may be used to add other low-dimensional knowledge or lower-level knowledge to machine-learned potentials. In addition to the O3 example, we present a greater-generality method called parametrically managed diabatization by deep neural network (PM-DDNN) that is an improvement on our previously presented permutationally restrained diabatization by deep neural network (PR-DDNN).",2023-04-27T07:39:59.476Z,10.26434/chemrxiv-2023-0cwdz-v2
438,Machine Learning to Predict Diels-Alder Reaction Barriers from the Reactant State Electron Density,"<div> 			<div> 				<div> 					<p>Reaction barriers are key to our understanding of chemical reactivity and catalysis. Certain reactions are so seminal in chemistry, that countless variants, with or without catalysts, have been studied and their barriers have been computed or measured experimentally. This wealth of data represents a perfect opportunity to leverage machine learning models, which could quickly predict barriers without explicit calculations or measurement. Here, we show that the topological descriptors of the quantum mechanical charge density in the reactant state constitute a set that is both rigorous and continuous, and can be used effectively for prediction of reaction barrier energies to a high degree of accuracy. We demonstrate this on the Diels-Alder reaction, highly important in biology and medicinal chemistry, and as such, studied extensively. This reaction exhibits a range of barriers as large as 270 kJ/mol. While we trained our single-objective supervised (labeled) regression algorithms on simpler Diels-Alder reactions in solution, they predict reaction barriers also in significantly more complicated contexts, such a Diels-Alder reaction catalyzed by an artificial enzyme and its evolved variants, in agreement with experimental changes in <i>k<sub>cat</sub></i>. We expect this tool to apply broadly to a variety of reactions in solution or in the presence of a catalyst, for screening and circumventing heavily involved computations or experiments. </p> 				</div> 			</div> 		</div>",2021-06-03T12:24:31.000Z,10.26434/chemrxiv.14720892.v1
439,Integrating Multiscale and Machine Learning Approaches towards the SAMPL9 LogP Challenge,"Three techniques intertwining and integrating quantum mechanics (QM), molecular mechanics (MM), and unsupervised machine learning were utilized in the prediction of the toluene-water partition coefficient (logP tol/w) for sixteen drug molecules as part of the ninth iteration of the Statistical Assessment of the Modeling of Proteins and Ligands (SAMPL) series of blind prediction challenges. The three blind submissions yielded mean unsigned errors (MUE) ranging from 1.53-2.93 logPtol/w units. Out of all submissions (ranked and unranked), one of these methods yielded the third lowest MUE of 1.53 indicating an overall increase in errors with respect to predicting octanol-water partition coefficients (logPo/w¬) for similar drug-like molecules. After applying numerous QM and MM approaches into multiscale and data-driven approaches to supplement the initial analysis, MUEs were reduced to 1.00 logPtol/w units when using density functional theory (DFT) on a single conformation, while generating an ensemble of rotamer structures elucidates subtle electronic and structural effects that are not considered in the analysis of a single conformation. Computational approaches developed for these SAMPL challenges will continue to serve as standard predictive tools for rational drug design.",2023-08-29T11:11:26.862Z,10.26434/chemrxiv-2023-1b5tb
440,Beyond Molecular Structure: Critically Assessing Machine Learning for Designing Organic Photovoltaic Materials and Devices,"Our study explores the current state of machine learning (ML) as applied to predicting and designing organic photovoltaic (OPV) devices. We outline key considerations for selecting the method of encoding a molecular structure and selecting the algorithm while also emphasizing important aspects of training and rigorously evaluating ML models. This work presents the first dataset of OPV device fabrication data mined from the literature. The top models achieve state-of-the-art predictive performance. In particular, we identify an algorithm that is used less frequently, but may be particularly well suited to similar datasets. However, predictive performance remains modest (R2 ≅ 0.6) overall. An in-depth analysis of the dataset attributes this limitation to challenges relating to the size of the dataset, as well as data quality and sparsity. These aspects are directly tied to difficulties imposed by current reporting and publication practices. Advocating for standardized reporting of OPV device fabrication data reporting in publications emerges as crucial to streamline literature mining and foster ML adoption. This comprehensive investigation emphasizes the critical role of both data quantity and quality, and highlights the need for collective efforts to unlock ML's potential to drive advancements in OPV.",2024-04-01T05:42:21.421Z,10.26434/chemrxiv-2024-d20px-v2
441,A “short blanket” dilemma for a state-of-the-art neural network potential for water: Reproducing experimental properties or the physics of the underlying many-body interactions?,"Deep neural network (DNN) potentials have recently gained popularity in computer simulations of a wide range of molecular systems, from liquids to materials. In this study, we explore the possibility of combining the computational efficiency of the DeePMD framework and the demonstrated accuracy of the MB-pol data-driven many-body potential to train a DNN potential for large-scale simulations of water across its phase diagram. We find that the DNN potential is able to reliably reproduce the MB-pol results for liquid water but provides a less accurate description of the vapor-liquid equilibrium properties. This shortcoming is traced back to the inability of the DNN potential to correctly represent many-body interactions. An attempt to explicitly include information about many-body effects results in a new DNN potential that exhibits opposite performance, being able to correctly reproduce the MB-pol vapor-liquid equilibrium properties but losing accuracy in the description of the liquid properties. These results suggest that DeePMD-based DNN potentials are not able to correctly ""learn"" and, consequently, represent many-body interactions, which implies that DNN potentials may have limited ability to predict properties for state points that are not explicitly included in the training process. The computational efficiency of the DeePMD framework can still be exploited to train DNN potentials on data-driven many-body potentials, which can thus enable large-scale, ""chemically accurate"" simulations of various molecular systems, with the caveat that the target state points must have been adequately sampled by the reference data-driven many-body potential in order to guarantee a faithful representation of the associated properties.",2023-02-01T06:46:11.578Z,10.26434/chemrxiv-2022-t92nd-v5
442,Reproducing the invention of a named reaction: zero-shot prediction of unseen chemical reactions,"While state-of-art models can predict reactions through the transfer learning of thousands of samples with the same reaction types as those of the reactions to predict, how to prepare such models to predict ""unseen"" reactions remain an unanswered question. We aim to study the Transformer model's ability to predict ""unseen"" reactions following ""zero-shot reaction prediction (ZSRP)"", a concept derived from zero-shot learning and zero-shot translation. We reproduce the human invention of the Chan-Lam coupling reaction where the inventor was inspired by the Suzuki reaction when improving Barton's bismuth arylation reaction. After being fine-tuned with the samples from these two ""existing"" reactions, the USPTO-trained Transformer can predict ""unseen"" Chan-Lam coupling reactions with 55.7% top-1 accuracy. Our model also mimics the later stage of the history of this reaction, where the initial case of this reaction was generalized to more reactants and reagents via the ""one-shot/few-shot reaction prediction(OSRP/FSRP)"" approaches.",2021-06-23T13:10:46.671Z,10.26434/chemrxiv-2021-3f144-v2
443,Koopmans’ Theorem-Compliant Long-range Corrected (KTLC) Density Functional Mediated by Black-box Optimization and Data-Driven Prediction for Organic Molecules,"Density functional theory (DFT) is a significant computational tool that has sub- stantially influenced chemistry, physics, and materials science. DFT necessitates pa- rameterized approximation for determining an expected value. Hence, to predict the properties of a given molecule using DFT, appropriate parameters of the functional should be set for each molecule. Herein, we optimize the parameters of range-separated functionals (LC-BLYP and CAM-B3LYP) via Bayesian optimization (BO) to satisfy Koopmans’ theorem. Our results demonstrate the effectiveness of BO in optimizing functional parameters. Particularly, Koopmans’ theorem-compliant LC-BLYP (KTLC- BLYP) shows results comparable to the experimental UV-absorption values. Further- more, we prepared an optimized parameter dataset of KTLC-BLYP for over 3,000 molecules through BO for satisfying Koopmans’ theorem. We have developed a ma- chine learning model on this dataset to predict the parameters of LC-BLYP functional for a given molecule. The prediction model automatically predicts appropriate param- eters for a given molecule and calculates the corresponding values. The fashion in this paper would be useful to develop new functionals and update the previously developed functionals.",2023-06-08T11:46:04.787Z,10.26434/chemrxiv-2023-5nktj
444,Deep Learning Enables Rapid Identification of Mycotoxin-Degrading Enzymes,"The identification of functional enzymes for the catalysis of specific biochemical reactions is a major bottleneck in the de novo design of biosynthesis and biodegradation pathways. Conventional methods based on microbial screening and functional metagenomics require long verification periods and incur high experimental costs; recent data-driven methods are only applicable to a few common substrates. To enable rapid and high-throughput identification of enzymes for complex and less-studied substrates, we propose a robust enzyme promiscuity prediction model based on positive unlabeled learning, which shortens the time needed for new enzyme discovery from several years to 29 days. Using this model, we identified 15 new degrading enzymes specific for the mycotoxins ochratoxin A and zearalenone, of which six could degrade > 90% mycotoxin content within 3 h. We anticipate that this model will become indispensable for the identification of new functional enzymes, thereby advancing the fields of synthetic biology, metabolic engineering, and pollutant biodegradation.",2023-06-30T12:01:39.475Z,10.26434/chemrxiv-2023-g6qb5
445,Standardizing chemical compounds with language models,"With the growing amount of chemical data stored digitally, it  has become crucial to represent chemical compounds accurately and consistently. Harmonized representations facilitate the extraction of insightful information from datasets, and are advantageous for machine learning applications. To achieve consistent representations throughout datasets, one relies on molecule standardization, which is typically accomplished using rule-based algorithms that modify descriptions of functional groups. Here, we present the first deep-learning model for molecular standardization.  We enable custom standardization schemes based solely on data, which, as additional benefit, support standardization options that are difficult to encode into rules. Our model achieves over 98% accuracy in learning two popular rule-based standardization protocols.  We then follow a transfer learning approach to standardize metal-organic compounds (for which there is currently no automated standardization practice), based on a human-curated dataset of 1512 compounds.  This model predicts the expected standardized molecular format with a test accuracy of 75.6%.  As standardization can be considered, more broadly, a transformation from undesired to desired representations of compounds, the same data-driven architecture can be applied to other tasks. For instance, we demonstrate the application to compound canonicalization and to the determination of major tautomers in solution, based on computed and experimental data.",2023-03-10T06:13:59.045Z,10.26434/chemrxiv-2022-14ztf-v2
446,National Institutes of Health (NIH) Workshop on Reaction Informatics,"The virtual workshop took place on May 18-20, 2021. It was a follow-up from the December 2020 NIH Workshop on Ultra Large Chemistry Databases.  A major theme emerging from the December 2020 workshop was the fact that all the databases of a billion or more structures are virtual. For each virtual molecule the question then arises of whether, or how, it can be synthesized. The organizers therefore assembled speakers to give presentations about how reaction-related data are represented, captured, managed in databases, analyzed, used for drug design, applied in robotics, and exchanged locally as well as globally. This report summarizes talks from 27 practitioners in the reaction informatics field. The aim is to represent as accurately as possible the information that was delivered by the speakers; the report does not seek to be evaluative. The themes, in the order used for this report, were reaction representations, file formats, and standards; sources of reaction data; AI and machine learning applications of reaction-related data in de novo drug design, synthetic accessibility, synthesis planning, reaction prediction etc.; and automation and progression toward autonomous synthesis.",2021-08-19T13:45:48.520Z,10.26434/chemrxiv-2021-x5sj7
447,On-Demand Reverse Design of Polymers with  PolyTAO,"The forward screening and reverse design of drug molecules, inorganic molecules, and polymers with enhanced properties are vital for accelerating the transition from laboratory research to market application. Specifically, due to the scarcity of large-scale datasets, the discovery of polymers via materials informatics is particularly challenging. Nonetheless, scientists have developed various machine learning models for polymer structure-property relationships using only small polymer datasets, thereby advancing the forward screening process of polymers. However, the success of this approach ultimately depends on the diversity of the candidate pool, and exhaustively enumerating all possible polymer structures through human imagination is impractical. Consequently, achieving on-demand reverse design of polymers is essential. In this work, we curate an immense polymer dataset containing nearly one million polymeric structure-property pairs based on expert knowledge. Leveraging this dataset, we propose a Transformer-Assisted Oriented pretrained model for on-demand polymer generation (PolyTAO). This model produces polymers with 99.27% chemical validity in top-1 generation mode (approximately 200k generated polymers), representing the highest reported success rate among polymer generative models. Additionally, the average R2 between the properties of the generated polymers and their expected values across 15 predefined properties is 0.96. To further evaluate the pretrained model's performance in generating polymers with additional user-defined properties for downstream tasks, we conduct fine-tuning experiments on three publicly available small polymer datasets using both semi-template and template-free generation paradigms. Through these extensive experiments, we demonstrate that our pretrained model and its fine-tuned versions are capable of achieving on-demand reverse design of polymers with specified properties, whether in semi-template generation or the more challenging template-free generation scenarios, showcasing its potential as a unified pretrained foundation model for polymer generation.",2024-06-06T07:10:34.152Z,10.26434/chemrxiv-2024-3z7tw-v2
448,AQME: Automated Quantum Mechanical Environments for Researchers and Educators,"AQME, Automated Quantum Mechanical Environments, is a free and open-source Python package for the rapid deployment of automated workflows using cheminformatics and quantum chemistry. AQME workflows integrate tasks performed across multiple computational chemistry packages and data formats, preserving all computational protocols, data, and metadata for machine and human users to access and reuse. AQME has a modular structure of independent modules that can be implemented in any sequence, allowing the users to use only the desired parts of the program. The code is intended for researchers with basic familiarity with the Python programming language. The CSEARCH module interfaces to molecular mechanics and semi-empirical QM (SQM) conformer generation tools (e.g., RDKit and Conformer–Rotamer Ensemble Sampling Tool, CREST) starting from various initial structure formats. The CMIN module enables geometry refinement with SQM and neural network potentials, such ANI-1. The QPREP module interfaces with multiple QM programs, such as Gaussian, ORCA, and PySCF. The QCORR module processes QM results, storing structural, energetic, and property data while also enabling automated error handling (i.e., convergence errors, wrong number of imaginary frequencies, isomerization, etc.) and job resubmission. The QDESCP module provides easy access to QM ensemble-averaged molecular descriptors and computed properties, such as NMR spectra. Overall, AQME provides automated, transparent, and reproducible workflows to produce, analyze and archive computational chemistry results. SMILES inputs can be used, and many aspects of tedious human manipulation can be avoided. Installation and execution on Windows, macOS, and Linux platforms has been tested, and the code has been developed to support access through Jupyter Notebooks, the command line, and job submission (e.g., Slurm) scripts. Examples of pre-configured workflows are available in various formats, and hands-on video tutorials illustrate their use.",2022-10-25T08:44:32.510Z,10.26434/chemrxiv-2022-dnc48
449,Explaining and avoiding failures modes in goal-directed generation,"Despite growing interest and success in automated in-silico molecular design, doubts remain regarding the ability of goal-directed generation algorithms to perform unbiased exploration of novel chemical spaces. A specific phenomenon has recently been highlighted: goal-directed generation guided with machine learning models produce molecules with high scores according to the optimization model, but low scores according to control models, even when trained on the same data distribution and the same target. In this work, we show that this worrisome behavior is actually due to issues with the predictive models and not the goal-directed generation algorithms. We show that with appropriate predictive models, this issue can be resolved, and molecules generated have high scores according to both the optimization and the control models.",2021-11-10T10:23:48.027Z,10.26434/chemrxiv-2021-4m6b3-v2
450,Integration of generative machine learning with the heuristic crystal structure prediction code FUSE ,"The prediction of new compounds via crystal structure prediction may transform how the materials chemistry community discovers new compounds. In the prediction of inorganic crystal structures there are two distinct classes of prediction; Performing crystal structure prediction via heuristic algorithms, using a range of established crystal structure prediction codes, and an emerging community using generative machine learning models to predict crystal structures directly. In this work, we demonstrate the use of a generative machine learning model to produce the starting population of crystal structures for a heuristic algorithm and discuss the benefits, demonstrating the method on eight known compounds with reported crystal structures and three hypothetical compounds. We show that the integration of machine learning structure generation to heuristic structure prediction results in both faster compute times per structure and leads to lower energies. This work provides to the community a set of eleven compounds with varying chemistry and complexity which can be used as a benchmark for new crystal structure prediction methods as they emerge.",2023-12-20T05:41:26.576Z,10.26434/chemrxiv-2023-5b1ch
451,Generation of conformational ensembles of small molecules via Surrogate Model-Assisted Molecular Dynamics,"The accurate prediction of thermodynamic properties is crucial in various fields such as drug discovery and materials design. This task relies on sampling from the underlying Boltzmann distribution, which is challenging using conventional approaches such as simulations. In this work, we introduce Surrogate Model-Assisted Molecular Dynamics (SMA-MD), a new procedure to sample the equilibrium ensemble of molecules. First, SMA-MD leverages Deep Generative Models to enhance the sampling of slow degrees of freedom.  Subsequently, the generated ensemble undergoes statistical reweighting, followed by short simulations. Our empirical results show that SMA-MD generates more diverse and lower energy ensembles than conventional Molecular Dynamics simulations. Furthermore, we showcase the application of SMA-MD for the computation of thermodynamical properties by estimating implicit solvation free energies.",2023-11-24T13:17:56.676Z,10.26434/chemrxiv-2023-sx61w
452,Exploring the Combinatorial Explosion of Amine–Acid Reaction Space via Graph Editing,"Amines and carboxylic acids are abundant chemical feedstocks that are nearly exclusively united via the amide coupling. The disproportionate use of the amide coupling leaves a large section of unexplored reaction space between two of the most common chemical building blocks. Herein we conduct a thorough exploration of amine–acid reaction space via systematic enumeration of reactions involving a simple amine–carboxylic acid pair. This approach to chemical space exploration investigates the coarse and fine modulation of physicochemical properties and molecular shapes. While the invention of reaction methods becomes increasingly automated bringing conceptual reactions into reality, our map will provide an entirely new axis of chemical space exploration for rational property design.",2022-05-09T01:10:10.062Z,10.26434/chemrxiv-2022-917k5
453,Generative model based on junction tree variational autoencoder for HOMO value prediction and molecular optimisation,"In this work, we provide further development of the junction tree variational autoencoder (JT VAE) architecture in terms of implementation and application of the internal feature space of the model. Pretraining of JT VAE on a large dataset and further optimization with a regression model led to a latent space that can solve several tasks simultaneously: prediction, generation, and optimization. We use the ZINC database as a source of molecules for the JT VAE pretraining and the QM9 dataset with its HOMO values to show the application case. We evaluate our model on multiple tasks such as property (value) prediction, generation of new molecules with predefined properties, and structure modification toward the property. Across these tasks, our model shows improvements in generation and optimization tasks while preserving the precision of state-of-the-art models.",2022-10-05T12:25:49.140Z,10.26434/chemrxiv-2022-z1l07
454,Evaluating scalable supervised learning for synthesize-on-demand chemical libraries,"Traditional small molecule drug discovery is a time consuming and costly endeavor. High-throughput chemical screening can only assess a tiny fraction of drug-like chemical space. The strong predictive power of modern machine learning methods for virtual chemical screening enables training models on known active and inactive compounds and extrapolating to much larger chemical libraries. However, there has been limited experimental validation of these methods in practical applications on large commercially-available or synthesize-on-demand chemical libraries. Through a prospective evaluation with the bacterial protein-protein interaction PriA-SSB, we demonstrate that ligand-based virtual screening can identify many active compounds in large commercial libraries. We use cross validation to compare different types of supervised learning models and select a random forest classifier as the best model for this target. When predicting the activity of more than 8 million compounds from Aldrich Market Select, the random forest substantially outperforms a naïve baseline based on chemical structure similarity. 48% of the random forest's 701 selected compounds are active. The random forest model easily scales to score one billion compounds from the synthesize-on-demand Enamine REAL database. We tested 68 chemically-diverse top predictions from Enamine REAL and observed 31 hits (46%), including one with an IC50 value of 1.3µM.",2023-06-21T05:38:04.128Z,10.26434/chemrxiv-2021-fg8z9-v3
455,Algorithm Selection for Protein-Ligand Docking: A Case Study on ACE with AutoDock,"The present study investigates the use of algorithm selection for automatically choosing an algorithm for any given protein-ligand docking task. In drug discovery and design process, conceptualizing protein-ligand binding is a major problem. Targeting this problem through computational methods is beneficial in order to substantially reduce the resource and time requirements for the overall drug development process. One way of addressing protein-ligand docking is to model it as a search and optimization problem. There have been a variety of algorithmic solutions in this respect. However, there is no ultimate algorithm that can efficiently tackle this problem, both in terms of protein-ligand docking quality and speed. This argument motivates devising new algorithms, tailored to the particular protein-ligand docking scenarios. To this end, this paper reports a machine learning-based approach for improved and robust docking performance. The proposed set-up is fully automated, operating without any expert opinion or involvement both on the problem and algorithm aspects. As a case study, an empirical analysis was performed on a well-known protein, Human Angiotensin-Converting Enzyme (ACE), with 1428 ligands. For general applicability, AutoDock 4.2 was used as the docking platform. The candidate algorithms are also taken from AutoDock 4.2. Twenty-eight distinctly configured Lamarckian-Genetic Algorithm (LGA) are chosen to build an algorithm set. ALORS which is a recommender system-based algorithm selection system was preferred for automating the selection from those LGA variants on a per-instance basis. For realizing this selection automation, molecular descriptors and substructure fingerprints were employed as the features characterizing each target protein-ligand docking instance. The computational results revealed that algorithm selection outperforms all those candidate algorithms. Further assessment is reported on the algorithms space, discussing the contributions of LGA’s parameters. As it pertains to protein-ligand docking, the contributions of the aforementioned features are examined, which shed light on the critical features affecting the docking performance.",2022-11-22T12:36:17.612Z,10.26434/chemrxiv-2022-19xh6-v2
456,A Multi-modal Pre-training Transformer for Universal Transfer Learning in Metal-Organic Frameworks,"Metal-organic frameworks (MOFs) are a class of crystalline porous materials that exhibit a vast chemical space due to their tunable molecular building blocks with diverse topologies. Given that an unlimited number of MOFs can, in principle, be synthesized, constructing structure-property relationships through a machine learning approach allows for efficient exploration of this vast chemical space, resulting in identifying optimal candidates with desired properties. In this work, we introduce MOFTransformer, a multi-model Transformer encoder pre-trained with 1 million hypothetical MOFs. This multi-modal model utilizes integrated atom-based graph and energy-grid embeddings to capture both local and global features of MOFs, respectively. By fine-tuning the pre-trained model with small datasets ranging from 5,000 to 20,000 MOFs, our model achieves state-of-the-art results for predicting across various properties including gas adsorption, diffusion, electronic properties, and even text-mined data. Beyond its universal transfer learning capabilities, MOFTransformer generates chemical insights by analyzing feature importance through attention scores within the self-attention layers. As such, this model can serve as a bedrock platform for other MOF researchers that seek to develop new machine learning models for their work.",2023-01-18T08:15:54.482Z,10.26434/chemrxiv-2022-hcjzc-v2
457,Applying Machine Learning Techniques to Predict the Properties of Energetic Materials,"We present a proof of concept that machine learning techniques can be used to predict the properties of CNOHF energetic molecules from their molecular structures. We focus on a small but diverse dataset consisting of 109 molecular structures spread across ten compound classes. Up until now, candidate molecules for energetic materials have been screened using predictions from expensive quantum simulations and thermochemical codes. We present a comprehensive comparison of machine learning models and several molecular featurization methods - sum over bonds, custom descriptors, Coulomb matrices, bag of bonds, and fingerprints. The best featurization was sum over bonds (bond counting), and the best model was kernel ridge regression. Despite having a small data set, we obtain acceptable errors and Pearson correlations for the prediction of detonation pressure, detonation velocity, explosive energy, heat of formation, density, and other properties out of sample. By including another dataset with 309 additional molecules in our training we show how the error can be pushed lower, although the convergence with number of molecules is slow. Our work paves the way for future applications of machine learning in this domain, including automated lead generation and interpreting machine learning models to obtain novel chemical insights.",2018-02-16T13:34:58.000Z,10.26434/chemrxiv.5883157.v2
458,Data-Driven Models for Predicting Intrinsically Disordered Protein Polymer Physics Directly from Composition or Sequence,"The molecular-level understanding of intrinsically disordered proteins is challenging due to experimental characterization difficulties. Computational understanding of IDPs also requires fundamental advances, as the leading tools for predicting protein folding (e.g., Alphafold), typically fail to describe the structural ensembles of IDPs. The focus of this paper is to 1) develop new representations for intrinsically disordered proteins and 2) pair these representations with classical machine learning and deep learning models to predict the radius of gyration and scaling exponent of IDPs. Here, we build a new physically-motivated feature called the bag-of-amino-acid-interactions, which encodes pairwise interactions explicitly into the representation. This feature essentially counts and weights all possible non-bonded interactions in a sequence and thus is, in principle, compatible with arbitrary sequence lengths. To see how well this new feature performs, both categorical and physically-motivated featurization techniques are tested on a computational dataset containing 10,000 sequences simulated at the coarse-grained level. The results indicate that this new feature outperforms the others and possesses solid extrapolation capabilities. For future use, this feature can potentially provide physical insights into amino acid interactions including their temperature dependence, and be applied to other protein spaces.",2023-03-24T13:13:29.646Z,10.26434/chemrxiv-2023-wrnq1
459,Generate What You Can Make: Achieving in-house synthesizability with readily available resources in de novo drug design,"Molecules generated by Computer-Aided Drug Design often lack synthesizability to be valuable because Computer-Aided Synthesis Planning (CASP) and CASP-based approximated synthesizability scores have rarely been used as generation objectives, despite facilitating the in-silico generation of synthesizable molecules. Published scores approximate a general notion of CASP-based synthesizability with nearly unlimited building block resources. However, this approach is disconnected from the reality of small laboratory drug design, where building block resources are limited, making a notion of in-house synthesizability that uses already available resources highly desirable. In this work, we show a successful de novo drug design workflow generating active and in-house synthesizable ligands of monoglyceride lipase (MGLL). We demonstrate the successful transfer of CASP from 17.4 million commercial building blocks to a small laboratory setting of roughly 6,000 building blocks with only a decrease of -12% in CASP success. Moreover, we present a rapidly retrainable in-house synthesizability score, successfully capturing our in-house synthesizability without relying on external building block resources. We show that including our in-house synthesizability score in a multi-objective de novo drug design workflow, alongside a simple QSAR model, provides thousands of potentially active and easily in-house synthesizable molecules. Further, we highlight differences between general and in-house synthesizability scores and demonstrate potential problems with the out-of-distribution predictive performance of synthesizability scores on generated molecules. Finally, we experimentally evaluate the synthesis and biochemical activity of three de novo candidates using their CASP-suggested synthesis routes using only in-house building blocks. We find one candidate with evident activity, suggesting potential new ligand ideas for MGLL inhibitors while showcasing the usefulness of our in-house synthesizability score.",2024-03-05T07:52:03.428Z,10.26434/chemrxiv-2024-wtjt6
460,Machine-learning prediction of protein function from the portrait of its intramolecular electric field,"We introduce a machine learning framework designed to predict enzyme functionality directly from the heterogeneous electric fields inherent to protein active sites. We apply this method to a curated dataset of Heme-Iron Oxidoreductases, spanning three enzyme classes: monooxygenases, peroxidases, and catalases. Conventional analysis, focused on simplistic, point electric fields along the Fe-O bond, are shown to be inadequate for accurate activity prediction. Our model demonstrates that the enzyme's heterogenous 3-D electric field, alone, can accurately predict its function, without relying on additional protein-specific information. Through feature selection, we uncover key electric field components that not only validate previous studies but also underscore the crucial role of multiple components beyond the traditionally emphasized electric field along the Fe-O bond in heme enzymes. Further, by integrating protein dynamics, principal component analysis, clustering, and QM/MM calculations, we reveal that while dynamic complexities in protein structures can complicate predictions, accounting for this increased dynamic variability can substantially enhance model performance. This research significantly advances our understanding of how protein scaffolds possess signature electric fields that are tailored to their functions at the active site. Moreover, it presents a novel electrostatics-based tool to harness these signature electric fields for predicting enzyme function.",2024-06-20T08:53:22.356Z,10.26434/chemrxiv-2024-zf81q
461,The Photoswitch Dataset: A Molecular Machine Learning Benchmark for the Advancement of Synthetic Chemistry,"The space of synthesizable molecules is greater than $10^{60}$, meaning only a vanishingly small fraction of these molecules have ever been realized in the lab. In order to prioritize which regions of this space to explore next, synthetic chemists need access to accurate molecular property predictions. While great advances in molecular machine learning have been made, there is a dearth of benchmarks featuring properties that are useful for the synthetic chemist. Focussing directly on the needs of the synthetic chemist, we introduce the Photoswitch Dataset, a new benchmark for molecular machine learning where improvements in model performance can be immediately observed in the throughput of promising molecules synthesized in the lab. Photoswitches are a versatile class of molecule for medical and renewable energy applications where a molecule's efficacy is governed by its electronic transition wavelengths. We demonstrate superior performance in predicting these wavelengths compared to both time-dependent density functional theory (TD-DFT), the incumbent first principles quantum mechanical approach, as well as a panel of human experts. Our baseline models are currently being deployed in the lab as part of the decision process for candidate synthesis. It is our hope that this benchmark can drive real discoveries in photoswitch chemistry and that future benchmarks can be introduced to pivot learning algorithm development to benefit more expansive areas of synthetic chemistry.",2020-07-06T11:04:24.000Z,10.26434/chemrxiv.12609899.v1
462,ChatGPT in Drug Discovery,"ChatGPT is a language model developed by OpenAI. It is a machine learning model that has been trained on a large dataset of human language, allowing it to generate human-like text. It can be used for a variety of natural language processing tasks such as language translation, text summarization, and question answering. In the current work we have discussed the application of ChatGPT in drug discovery.",2023-01-31T06:39:31.041Z,10.26434/chemrxiv-2023-qgs3k
463,Pocket Crafter: A 3D Generative Modeling Based Workflow for the Rapid Generation of Hit Molecules in Drug Discovery,"We present a user-friendly molecular generative pipeline called Pocket Crafter, specifically designed to facilitate hit finding activity in the drug discovery process. This workflow utilized a 3D (three-dimensional) generative modeling method, e.g. Pocket2Mol, for the de novo design of molecules in spatial perspective for the targeted protein structures, followed by filters for chemical-physical properties and drug-likeness, SAR (structure-activity relationship) analysis, and clustering to generate top virtual hit scaffolds. In our WDR5 case study, we acquired a focused set of 2029 compounds after a targeted searching within Novartis archived library based on the virtual scaffolds. Subsequently, we experimentally profiled these compounds, resulting in a novel chemical scaffold series that demonstrated activity in biochemical and biophysical assays. Pocket Crafter successfully prototyped an effective end-to-end 3D generative chemistry-based workflow for the exploration of new chemical scaffolds, which represents a promising approach in early drug discovery for the identification of novel active compounds.",2023-10-09T09:13:30.824Z,10.26434/chemrxiv-2023-3b9p3
464,Optimizing distributions over molecular space. An Objective-Reinforced Generative Adversarial Network for Inverse-design Chemistry (ORGANIC),"Molecular discovery seeks to generate chemical species tailored to very specific needs. In this paper, we present ORGANIC, a framework based on Objective-Reinforced Generative Adversarial Networks (ORGAN), capable of producing a distribution over molecular space that matches with a certain set of desirable metrics. This methodology combines two successful techniques from the machine learning community: a Generative Adversarial Network (GAN), to create non-repetitive sensible molecular species, and Reinforcement Learning (RL), to bias this generative distribution towards certain attributes. We explore several applications, from optimization of random physicochemical properties to candidates for drug discovery and organic photovoltaic material design.",2017-08-17T19:46:09.000Z,10.26434/chemrxiv.5309668.v3
465,LinChemIn: SynGraph. A data model and a toolkit to analyze and compare synthetic routes,"Background.  The increasing amount of chemical reaction data makes traditional ways to navigate its corpus less effective, while the demand for novel approaches and instruments is rising. Recent data science and machine learning techniques support the development of new ways to extract value from the available reaction data. On the one side, Computer-Aided Synthesis Planning tools can predict synthetic routes in a model-driven approach; on the other side, experimental routes can be extracted from the Network of Organic Chemistry, in which reaction data are linked in a network. In this context, the need to combine, compare and analyze synthetic routes generated by different sources arises naturally.  Results.  Here we present LinChemIn, a python toolkit that allows chemoinformatics operations on synthetic routes and reaction networks. Wrapping some third-party packages for handling graph arithmetic and chemoinformatics and implementing new data models and functionalities, LinChemIn allows the interconversion between data formats and data models and enables route-level analysis and operations, including route comparison and descriptors calculation.   Object-Oriented Design principles inspire the software architecture, and the modules are structured to maximize code reusability and support code testing and refactoring. The code structure should facilitate external contributions, thus encouraging open and collaborative software development.  Conclusions. The current version of LinChemIn allows users to combine synthetic routes generated from various tools and analyze them, and constitutes an open and extensible framework capable of incorporating contributions from the community and fostering scientific discussion. Our roadmap envisages the development of sophisticated metrics for routes evaluation, a multi-parameter scoring system, and the implementation of an entire ""ecosystem"" of functionalities operating on synthetic routes. LinChemIn is freely available at https://github.com/syngenta/linchemin.",2022-11-18T04:32:51.752Z,10.26434/chemrxiv-2022-cmrjk
466,PaRoutes: a framework for benchmarking retrosynthesis route predictions,"We introduce a framework for benchmarking multi-step retrosynthesis methods, i.e. route predictions, called PaRoutes. The framework consists of two sets of 10,000 synthetic routes extracted from the patent literature, a list of stock compounds, and a curated set of reactions on which one-step retrosynthesis models can be trained. PaRoutes also comes with scripts to compute route quality and route diversity quantities that are important for comparing methods. We use the PaRoute framework to compare three methods implemented in the AiZynthFinder software: Monte Carlo tree search (MCTS), Retro*, and a depth-first proof-number search (DFPN) algorithm, all using a template-based one-step retrosynthesis model. It is found that DFPN is inferior to both MCTS and Retro* and cannot be recommended in its current implementation. MCTS and Retro* are on a par with regard to search speed and the ability to find routes in which all starting material is in stock. However, MCTS outperforms Retro* when it comes to route quality and route diversity. MCTS more easily recovers the reference routes and tends to find a diverse set of solutions for a greater portion of the targets. We encourage practitioners and developers to benchmark their algorithms using PaRoutes and we envisage that the framework will become the community standard to compare retrosynthesis route predictions. It is available at https://github.com/MolecularAI/PaRoutes",2022-02-28T13:14:32.616Z,10.26434/chemrxiv-2022-wk8c3
467,Conformer Generation for Structure Based Drug Design: How Many and How Good?,"Conformer generation, the assignment of realistic 3D coordinates to a small molecule, is fundamental to structure based drug design.  Conformational ensembles are required for rigid-body matching algorithms, such as shape-based or pharmacophore approaches, and even methods that treat the ligand flexibly, such as docking, are dependent on the quality of the provided conformations due to not sampling all degrees of freedom (e.g. only sampling torsions).  Our goal here is  not to comprehensively evaluate the expansive suite of available conformer generation tools, but to empirically elucidate some general principles about the size, diversity and quality of conformational ensembles needed to get the best performance in common structure-based drug discovery tasks.  In many cases our findings may parallel ``common knowledge'' well-known to practitioners of the field. Nonetheless, we feel it is valuable to quantify these conformational effects while reproducing and expanding upon previous studies.  Specifically, we investigate the performance of a state-of-the-art generative deep learning approach versus a more classical geometry based approach, the effect of energy minimization as a post-processing step, the effect of ensemble size (maximum number of conformers), and construction (filtering by RMSD for diversity) and how these choices influence the ability to recapitulate bioactive conformations and perform pharmacophore screening and molecular docking.",2023-08-07T09:42:34.200Z,10.26434/chemrxiv-2023-sl2d0
468,Improve retrosynthesis planning with a molecular editing language,"Retrosynthetic analysis is a fundamental strategy in the field of organic synthesis, and many computational methods have been developed to address this significant task. A widely adopted approach is to treat retrosynthetic prediction as a sequence-to-sequence (seq2seq) translation task, where the Simplified Molecular Input Line Entry System (SMILES) of a product is translated into the SMILES of its corresponding reactants. However, these sequence-based models using SMILES also face many issues, including limited performance, lack of interpretability, and controllability. In this work, we introduce a novel chemical language for retrosynthetic prediction named E-SMILES, which is an extension of SMILES specially designed for seq2seq retrosynthetic prediction. This language not only documents the static molecular structure but also encodes the editing operations of the molecule in the retrosynthetic process, enabling it to characterize retrosynthesis reactions more effectively. By using E-SMILES, seq2seq retrosynthetic models can simulate the stepwise retrosynthetic analysis strategy of chemists, ensuring the matching of atoms between the predicted reactants and product, and yielding more interpretable and controllable predictions. Furthermore, E-SMILES is naturally aligned with the product's SMILES, reducing the edit distance between the model's input and output sequences. This liberates the model from learning the complex SMILES syntax and allows it to focus more on the retrosynthesis process itself. Leveraging E-SMILES, our retrosynthesis model achieves top-1 accuracies of 58.9% and 68.5% on the USPTO-50k dataset, with and without given reaction class, respectively, significantly surpassing previous state-of-the-art results. We envisage that E-SMILES can serve as a new foundational tool, promoting the development of sequence-based retrosynthetic prediction methods.",2023-12-26T11:16:26.156Z,10.26434/chemrxiv-2023-bxhk8
469,Visualization Tool for Atomic Models (VITAL): A Simple Visualization Tool for Materials Predictions,"This preprint describes the first version of VITAL, a tool used to visual materials predictions. Instructions for use are outlined and a few basic examples are shown. The code for this tool is included as a zip file and archived version is linked in the text. A GitHub repository is also linked for the most up-to-date version of VITAL.",2019-09-09T20:49:33.000Z,10.26434/chemrxiv.9782375.v1
470,Generative adversarial networks and diffusion models in material discovery,"The idea of materials discovery has excited and perplexed research scientists for centuries. Several different methods have been employed to find new types of materials, ranging from the arbitrary replacement of atoms in a crystal structure to advanced machine learning methods for predicting entirely new crystal structures. In this work, we pursue three primary objectives. I) Introduce CrysTens, a crystal encoding that can be used in a wide variety of deep-learning generative models. II) Investigate and analyze the performance of Generative Adversarial Networks (GANs) and Diffusion Models to find an innovative and effective way of generating theoretical crystal structures that are synthesizable and stable. III) Show that the models that have a better “understanding” of the structure of CrysTens produce more symmetrical and realistic crystals and exhibit a better apprehension of the dataset as a whole. We accomplish these objectives using over fifty thousand Crystallographic Information Files (CIFs) from Pearson’s Crystal Database. ",2023-05-03T12:54:30.985Z,10.26434/chemrxiv-2022-6l4pm-v2
471,Stable and Accurate Atomistic Simulations of Flexible Molecules using Conformationally Generalisable Machine Learned Potentials,"Computational simulation methods based on machine learned potentials (MLPs) promise to revolutionise shape prediction of flexible molecules in solution, but their widespread adoption has been limited by the way in which training data is generated. Here, we present an approach which allows the key conformational degrees of freedom to be properly represented in reference molecular datasets. MLPs trained on these datasets using a global descriptor scheme are generalisable in conformational space, providing quantum chemical accuracy for all conformers. These MLPs are capable of propagating long, stable molecular dynamics trajectories, an attribute that has remained a challenge for MLPs. We deploy the MLPs in obtaining converged conformational free energy surfaces for flexible molecules via well-tempered metadynamics simulations; this approach provides a hitherto inaccessible route to accurately computing the structural, dynamical and thermodynamical properties of a wide variety of flexible molecular systems. ",2024-02-16T10:40:14.092Z,10.26434/chemrxiv-2024-r75jz
472,"molli: A General-Purpose Python Toolkit for Combinatorial Small Molecule Library Generation, Manipulation, and Feature Extraction. ","The management and analysis of large in silico molecular libraries is pivotal in many areas of modern chemistry. The adoption and success of data-oriented approaches to chemical research is dependent on the ease of handling large collections of in silico molecular structures in a programmatic way. Herein, we introduce the MOLecular LIibrary toolkit, “molli”, which is a Python 3 chemoinformatics module that provides a streamlined interface for manipulating large in silico libraries. Three-dimensional, combinatorial molecule libraries can be expanded directly from two-dimensional chemical structure fragments stored in CDXML files with high stereochemical fidelity. Geometry optimization, property calculation, and conformer generation are executed by interfacing with widely used computational chemistry programs such as OpenBabel, RDKit, ORCA, and xTB/CREST. Conformer-dependent grid-based feature calculators provide numerical representation suitable for diversity analysis, and interface to robust three-dimensional visualization tools provide comprehensive images to enhance human understanding of libraries with thousands of members. The package includes command-line interface in addition to Python classes to streamline frequently used workflows. This work describes the development and implementation of molli 1.0 and highlights the available functionality. Parallel performance is benchmarked on various hardware platforms and common workflows are demonstrated for different tasks ranging from optimized grid-based descriptor calculation on catalyst libraries to NMR prediction workflow from CDXML files. ",2024-03-06T09:38:17.304Z,10.26434/chemrxiv-2024-1cl1f
473,Mechanistic Insights into Passive Membrane Permeability of Drug-Like Molecules from a Weighted Ensemble of Trajectories,"Passive permeability of a drug-like molecule is a critical assay early in a drug discovery campaign that informs a medicinal chemist how well a compound can traverse biological membranes, such as gastrointestinal epithelial or restrictive organ barriers, so it can perform a specific therapeutic function. However, the challenge that remains is the development of a method, experimental or computational, which can both determine the permeation rate and provide mechanistic insights into the transport process to help with the rational design for any given molecule. Typically, one of three methods are used to measure membrane permeability: (1) experimental permeation assays acting on either artificial or natural membranes; (2) quantitative structure-permeability relationship (QSPR) models that rely on experimental values of permeability or related pharmacokinetic properties of a range of molecules to infer those for new molecules; (3) estimates of permeability from the Smoluchowski equation, where free energy and diffusion profiles along the membrane normal are taken as input from large-scale molecular dynamics simulations. While all these methods provide estimates of permeation coefficients, they provide very little information for guiding rational drug design. In this study, we employ a highly parallelizable weighted ensemble (WE) path sampling strategy, empowered by cloud computing techniques, to generate unbiased permeation pathways and permeability coefficients for a set of drug-like molecules across a neat 1-palmitoyl-2-oleoyl-sn-glycero-3-phosphatidylcholine (POPC) membrane bilayer. Our WE method predicts permeability coefficients that compare well to experimental values from an MDCK-LE cell line and PAMPA assays for a set of drug-like amines of varying size, shape, and flexibility. Our method also yields a series of continuous permeation pathways weighted and ranked by their associated probabilities. Taken together, the ensemble of reactive permeation pathways, along with the estimate of the permeability coefficient, provides a clearer picture of the microscopic underpinnings of small molecule membrane permeation.",2021-12-20T12:56:01.812Z,10.26434/chemrxiv-2021-mmv2k
474,Glolloc: Mixture of Global and Local Experts for Molecular Activity Prediction,"Quantitative structure-activity relationships (QSAR) models have been used for decades to predict the activity of small molecules, using encodings of the molecular structure, for which simple 2D descriptors of the molecular graph are still most commonly used. One of the recurrent problems of QSAR is that relationships observed for a specific scaffold (pruned molecular skeleton) are often not transferable to another; this is often addressed by building several local models from subsets of the chemical space. Similarly, single task models sometimes outperform large multi-task models in predicting the activity of small molecules against specific proteins. In this paper, we introduce Glolloc, a global-local MoE-QSAR architecture, based on a Mixture of Experts (MoE) framework. Glolloc combines predictions from global and local experts, provides a built-in model introspection tool, can enhance model performance, and removes the need to maintain several local models. Published at the MLDD workshop, ICLR 2022.",2022-12-06T08:30:15.466Z,10.26434/chemrxiv-2022-5ck0s
475,Automatic discovery of chemical reactions using imposed activation,"Computational power and quantum chemical methods have improved immensely since computers were first applied to the study of reactivity, but the de novo prediction of chemical reactions has remained challenging. We show that complex reactions can be efficiently and autonomously predicted using chemical activation imposed by simple geometrical constraints. Our approach is demonstrated on realistic and challenging chemistry, such as a triple cyclization cascade involved in the total synthesis of a natural product and several oxidative addition reactions of complex drug-like molecules. Notably and in contrast with traditional hand-guided computational chemistry calculations, our method requires minimal human involvement and no prior knowledge of products or mechanisms. Imposed activation can be a transformational tool to screen for chemical reactivity and mechanisms as well as to study byproduct formation and decomposition.<br />",2020-11-17T06:44:04.000Z,10.26434/chemrxiv.13008500.v2
476,Does “Dry Hit” Vaping of Vitamin E Acetate Contribute to EVALI? Simulating Toxic Ketene Formation During E-Cigarette Use,"Vitamin E acetate (VEA) is strongly linked to the outbreak of electronic-cigarette or vaping product use-associated lung injury (EVALI). It has been proposed that VEA decomposition to ketene – a respiratory poison that damages lungs at low ppm levels – may play a role in EVALI. However, there is no information available on the temperature at which VEA decomposes and how this correlates with the vaping process. We have studied the temperature-dependent kinetics of VEA decomposition using quantum chemical and statistical mechanical techniques, developing a chemical kinetic model of the vaping process. This model predicts that, under typical vaping conditions, the use of VEA contaminated e-cigarette products is unlikely to produce ketene at harmful levels. However, at the high temperatures encountered at low e-cigarette product levels, which produce “dry hits”, ketene concentrations are predicted to reach acutely toxic levels in the lungs (as high as 30 ppm). We therefore hypothesize that dry hit vaping of e-cigarette products containing VEA contributes to EVALI.",2020-03-02T19:27:02.000Z,10.26434/chemrxiv.11889828.v1
477,Molecular screening for solid–solid phase transition by machine learning,"Solid–solid phase transition is a mechanism manifesting and regulating functionalities in molecular crystals. The phase transitions are generally found by chance empirically, and screening molecules theoretically to predict their existence is challenging. In this study, we screened for the possibility of solid–solid phase transitions by positive-unlabeled learning using molecular descriptors and verified the inference by finding new substances exhibiting solid–solid phase transitions in the solid state. We also found that the molecular structure of a substance is weakly related to the transition temperature but not the transition enthalpy. The findings of this study are useful for designing functional molecular crystals.",2022-10-19T12:35:19.499Z,10.26434/chemrxiv-2022-8z976-v2
478,On Failure Modes of Molecule Generators and Optimizers,"<div>There has been a wave of generative models for molecules triggered by advances in the field of Deep Learning. These generative models are often used to optimize chemical compounds towards particular properties or a desired biological activity. The evaluation of generative models remains challenging and suggested performance metrics or scoring functions often do not cover all relevant aspects of drug design projects. In this work, we highlight some unintended failure modes of generative models and how these evade detection by current performance metrics.</div>",2020-04-30T08:31:37.000Z,10.26434/chemrxiv.12213542.v1
479,Critical assessment of synthetic accessibility scores in computer-assisted synthesis planning.,"Modern computer-assisted synthesis planning tools provide strong support for this problem. However, they are still limited by computational complexity. This limitation may be overcome by scoring the synthetic accessibility as a pre-retrosynthesis heuristic. A wide range of machine learning scoring approaches is available, however, their applicability and correctness were studied to a limited extent. Moreover, there is a lack of critical assessment of synthetic accessibility scores with common test conditions.  In the present work, we assess if synthetic accessibility scores can reliably predict the outcomes of retrosynthesis planning. Using a specially prepared compounds database, we examine the outcomes of the retrosynthetic tool AiZynthFinder. We test whether synthetic accessibility scores: SAscore, SYBA, SCScore, and RAscore accurately predict the results of retrosynthesis planning. Furthermore, we investigate if synthetic accessibility scores can speed up retrosynthesis planning by better prioritizing explored partial synthetic routes and thus reducing the size of the search space. For that purpose, we analyze the AiZynthFinder partial solutions search trees, their structure, and complexity parameters, such as the number of nodes, or treewidth.  We confirm that synthetic accessibility scores in most cases well discriminate feasible molecules from infeasible ones and can be potential boosters of retrosynthesis planning tools. Moreover, we show the current challenges of designing computer-assisted synthesis planning tools. We conclude that hybrid machine learning and human intuition-based synthetic accessibility scores can efficiently boost the effectiveness of computer-assisted retrosynthesis planning, however, they need to be carefully crafted for retrosynthesis planning algorithms.  The source code of this work is publicly available at https://github.com/grzsko/ASAP.",2022-11-08T04:58:21.758Z,10.26434/chemrxiv-2022-q1rqv
480,Early prediction of ion transport properties in solid polymer electrolytes using machine learning and system behavior-based descriptors of molecular dynamics simulations,"Molecular dynamics simulations are useful tools to screen solid polymer electrolytes with suitable properties applicable in Li-ion batteries. However, due to the vast design space of polymers, it is highly desirable to accelerate the screening by reducing the computational time of ion transport properties from simulations. In this study, we show that with a judicious choice of descriptors, we can predict the equilibrium ion transport properties in LiTFSI-homopolymer systems within the first 0.5 ns of the production run of simulations. Specifically, we find that descriptors that include information about the behavior of the system, such as ion clustering and time evolution of ion transport properties, have several advantages over polymer structure-based descriptors, as they encode system (polymer and salt) behavior rather than just the class of polymers and can be computed at any time point during the simulations. These characteristics increase the applicability of our descriptors to a wide range of polymer systems (e.g., co-polymers, blend of polymers, salt concentrations, and temperatures) and can be impactful in significantly shortening the discovery pipeline for solid polymer electrolytes.",2023-06-19T09:07:02.188Z,10.26434/chemrxiv-2022-3mnm2-v2
481,ViSAS for Entering Chemical Space: Virtual Screening of Analog Series and Related Advances,"The manuscript discusses recent advances on computer-aided drug discovery (CADD) with focus on data-dependent drug discovery. Herein, we do not intend to review the many CADD methodologies comprehensively. Instead, the review discusses progress on selected concepts, methodologies, resources, and applications that are part of multidisciplinary efforts: the manuscript covers advances in artificial intelligence, machine learning, virtual screening, and chemical space including the concept of chemical multiverses, and novel extended similarity methods for chemical space exploration. Throughout the review, we emphasize public resources and open-source code available to the scientific community working in academia and non-profit institutions.",2022-09-26T04:35:03.911Z,10.26434/chemrxiv-2022-9t2rj
482,Synthetically Accessible Virtual Inventory (SAVI),"We have made available a database of over 1 billion compounds predicted to be easily synthesizable. They have been created by a set of transforms based on an adaptation and extension of the CHMTRN/PATRAN programming languages describing chemical synthesis expert knowledge, which originally stem from the LHASA project. The chemoinformatics toolkit CACTVS was used to apply a total of 53 transforms to about 150,000 readily available building blocks (enamine.net). Only single-step, two-reactant syntheses were calculated for this database even though the technology can execute multi-step reactions. The possibility to incorporate scoring systems in CHMTRN allowed us to subdivide the database of 1.75 billion compounds in sets according to their predicted synthesizability, with the most-synthesizable class comprising 1.09 billion synthetic products. Properties calculated for all SAVI products show that the database should be well-suited for drug discovery. It is being made publicly available for free download from https://cactus.nci.nih.gov/download/savi_download/.",2020-04-27T04:58:40.000Z,10.26434/chemrxiv.12185559.v1
483,Augmented Hill-Climb increases reinforcement learning efficiency for language-based de novo molecule generation,"A plethora of AI-based techniques now exists to conduct de novo molecule generation that can devise molecules conditioned towards a particular endpoint in the context of drug design. One popular approach is using reinforcement learning to update a recurrent neural network or language-based de novo molecule generator. However, reinforcement learning can be inefficient, sometimes requiring up to 10^5 molecules to be sampled to optimize more complex objectives, which poses a limitation when using computationally expensive scoring functions like docking or computer-aided synthesis planning models. In this work, we propose a reinforcement learning strategy called Augmented Hill-Climb based on a simple, hypothesis-driven hybrid between REINVENT and Hill-Climb that improves sample-efficiency by addressing the limitations of both currently used strategies. We compare its ability to optimize several docking tasks with REINVENT and benchmark this strategy against other commonly used reinforcement learning strategies including REINFORCE, REINVENT (version 1 & 2), Hill-Climb and best agent reminder. We find that optimization ability is improved ~1.5-fold and sample-efficiency is improved ~45-fold compared to REINVENT while still delivering appealing chemistry as output. Diversity filters were used, and their parameters were tuned to overcome observed failure modes that take advantage of certain diversity filter configurations. Lastly, we find that Augmented Hill-Climb outperforms the other reinforcement learning strategies used on six tasks, especially in the early stages of training or for more difficult objectives. Overall, we hence show that AHC improves sample-efficiency for language-based de novo molecule generation conditioning via reinforcement learning, compared to the current state-of-the-art. This makes more computationally expensive scoring functions, such as docking, more accessible on a relevant timescale.",2022-04-15T05:48:13.209Z,10.26434/chemrxiv-2022-prz2r
484,Simple User-Friendly Reaction Format,"Leveraging the increasing volume of chemical reaction data can enhance synthesis planning and improve suc- cess rates. However, machine learning applications for retrosynthesis planning and forward reaction prediction tools depend on having readily available, high-quality data in a structured format. While some public and licensed reaction databases are available, they frequently lack essential information about reaction condi- tions. To address this issue and promote the principles of findable, accessible, interoperable, and reusable (FAIR) data reporting and sharing, we introduce the Simple User-Friendly Reaction Format (SURF). SURF standardizes the documentation of reaction data through a structured tabular format, requiring only a basic understanding of spreadsheets. This format enables chemists to record the synthesis of molecules in a format that is both human- and machine-readable, making it easier to share and integrate directly into machine- learning pipelines. SURF files are designed to be interoperable, easily imported into relational databases, and convertible into other formats. This complements existing initiatives like the Open Reaction Database (ORD) and Unified Data Model (UDM). At Roche, SURF plays a crucial role in democratizing FAIR reaction data sharing and expediting the chemical synthesis process.",2024-05-07T12:55:39.022Z,10.26434/chemrxiv-2023-nfq7h-v2
485,Large Property Models: A New Generative Paradigm for Molecules,"Generative models for the inverse design of molecules with particular properties have been heavily hyped but have yet to demonstrate significant gains over machine learning augmented expert intuition. A major challenge of such models is their limited accuracy in predicting molecules with targeted properties in the data scarce regime, which is the regime typical of the prized outliers that inverse models are hoped to discover. For example, activity data for a drug target or stability data for a material may only number in the tens to hundreds of samples, which is insufficient to learn an accurate and reasonably general property-to-structure inverse mapping from scratch. We’ve hypothesized that the property to structure mapping becomes unique when a sufficient number of properties are supplied to the models during training. This hypothesis has several important corollaries if true. It would imply that data scarce properties can be completely determined by a set of more accessible molecular properties. It would also imply that a generative model trained on multiple properties would exhibit an accuracy phase transition after achieving a sufficient size—a process analogous to what has been observed in the context of large language models. To interrogate these behaviors, we have built the first transformers trained on the property to molecular graph task, which we dub “large property models” (LPMs). A key ingredient is supplementing these models during training with relatively basic but abundant chemical property data. The motivation for the large property model paradigm, the model architectures, and case studies are presented here for review and discussion at the upcoming Faraday Discussion on “Data-driven discovery in the chemical sciences”.",2024-05-28T09:56:25.565Z,10.26434/chemrxiv-2024-v3qww
486,Lies and Liabilities: Computational Assessment of High-Throughput Screening Hits to Identify Artifact Compounds.,"Hits from high-throughput screening (HTS) of chemical libraries are often false positives due to their interference with the assay detection technology. In response to this problem, we generated the largest publicly available library of chemical liabilities and developed a free webtool to predict HTS artifacts, both of which are described herein. More specifically, we generated, curated, and integrated HTS datasets for thiol reactivity, redox activity, and luciferase (firefly and nano) activity. Using these curated datasets, we developed and validated several Quantitative Structure-Interference Relationship (QSIR) models to predict nuisance behavior. The resulting models showed balanced accuracy (BA) for external datasets ranging from 62 to 78%. These models were employed for virtual profiling of the National Center for Advancing Translational Science’s (NCATS) in-house library, and 256 compounds for each assay were selected for the experimental validation of nuisance behavior. The BA for these external predictions ranged from 58 to 78% for compounds within the applicability domains of the models. Our findings suggest that the QSIR models developed and validated herein identify nuisance compounds among experimental hits more reliably than popular PAINS filters. The models developed in this study, along with aggregation models previously developed by our group (SCAM Detective) were implemented in “Liability Predictor,” an online tool which may be used as part of chemical library design or for triaging HTS hits. Both the models and the curated datasets are publicly available at https://liability.mml.unc.edu/. ",2023-02-22T11:10:58.529Z,10.26434/chemrxiv-2023-r78sj
487,Virtual screening of norbornadiene-based molecular solar thermal energy storage systems using a genetic algorithm,"We present a computational methodology for the screening of a chemical space of 10²⁵ substituted norbornadiene molecules for promising kinetically stable molecular solar thermal (MOST) energy storage systems with high energy densities that absorb in the visible part of the solar spectrum. We use semiempirical tight-binding methods to construct a dataset of nearly 34,000 molecules and train graph convolutional networks to predict energy densities, kinetic stability, and absorption spectra and then use the models together with a genetic algorithm to search the chemical space for promising MOST energy storage systems. We identify 15 kinetically stable molecules, five of which have energy densities greater than 0.45 MJ/kg and the main conclusion of this study is that the largest energy density that can be obtained for a single norbornadiene moiety with the substituents considered here, while maintaining a long half-life and absorption in the visible spectrum, is around 0.55 MJ/kg. ",2021-10-07T04:46:58.955Z,10.26434/chemrxiv-2021-zd39r-v2
488,Proteochemometric Models Using Multiple Sequence Alignments and a Subword Segmented Masked Language Model,"<div>Proteochemometric (PCM) models of protein-ligand activity combine information from both the ligands and the proteins to which they bind. Several methods inspired by the field of natural language processing (NLP) have been proposed to represent protein sequences. </div><div>Here, we present PCM benchmark results on three multi-protein datasets: protein kinases, rhodopsin-like GPCRs (ChEMBL binding and functional assays), and cytochrome P450 enzymes. Keeping ligand descriptors fixed, we evaluate our own protein embeddings based on subword-segmented language models trained on mammalian sequences against pre-existing NLP-based descriptors, protein-protein similarity matrices derived from multiple sequence alignments (MSA), dummy protein one-hot encodings, and a combination of NLP-based and MSA-based descriptors. Our results show that performance gains over one-hot encodings are small and combining NLP-based and MSA-based descriptors increases predictive performance consistently across different splitting strategies. This work has been presented at the 3rd RSC-BMCS / RSC-CICAG Artificial Intelligence in Chemistry in September 2020.</div>",2021-05-20T05:58:48.000Z,10.26434/chemrxiv.14604720.v1
489,REINDEER: A Protein-Ligand Feature Generator Software for Machine Learning Algorithms,"Machine learning-based scoring functions, which apply feature-generation methods for protein-ligand representation, have become ubiquitous in the past few years for binding affinity prediction. However, most of these feature-generation techniques are hidden inside papers and their corresponding codes. In this manuscript, we introduced REINDEER software to make these methods accessible to other users. REINDEER has been developed based on minimum dependencies and parallelization aims by Python programming language. The current version of REINDEER (v0.1.0) only includes feature generation methods from RF-Score, ET-Score, ECIF∷LD-GBT, and OnionNet-2 scoring functions. REINDEER provides a command line interface, graphical user interface, and usage within Python code capabilities to access these methods. Also, a case study on PDBbind refined set v2020 is presented to evaluate REINDEER abilities. REINDEER software is available at https://github.com/miladrayka/reindeer_software.",2024-04-09T07:59:32.298Z,10.26434/chemrxiv-2024-89ss9
490,Exploring Optimized Organic Fluorophore Search Through Simple Experimental Data-Driven VAE,"Designing organic fluorescent molecules with tailored optical properties is challenging in decades, while the new avenue was opened by the statistical models. Inverse design has garnered considerable interest in organic materials science but concentrates on arbitrary design or theoretical properties. Here, we introduce a strategy that enables direct optimization of specific experimental properties in the inverse design process, utilizing a variational autoencoder (VAE) with a latent vector-based prediction model. Omitting the Kullback-Leibler divergence and separate training strategy successfully improved the generator's robustness and molecular diversity. We confirm the latent vectors obtained from VAE are powerful inputs for downstream prediction models of experimental properties, fluorescence energy and quantum yield. Our approach for the optimized search of organic fluorescent materials, substantiated by gradient space derived from latent vector and validated by newly synthesized and uncharacterized molecules, shows potential for broader applications in diverse organic material design.",2024-02-08T13:27:14.993Z,10.26434/chemrxiv-2024-g7fqk-v2
491,Harnessing Semi-Supervised Machine Learning to Automatically Predict Bioactivities of Per- and Polyfluoroalkyl Substances (PFASs),"Many per- and polyfluoroalkyl substances (PFASs) pose significant health hazards due to their bioactive and persistent bioaccumulative properties. However, assessing the bioactivities of PFASs is both time-consuming and costly due to the sheer number and expense of in vivo and in vitro biological experiments. To this end, we harnessed new unsupervised/semi-supervised machine learning models to automatically predict bioactivities of PFAS in various human biological targets, including enzymes, genes, proteins, and cell lines. Our semi-supervised metric learning models were used to predict the bioactivity of PFASs found in the recent Organization of Economic Cooperation and Development (OECD) report list, which contains 4,730 PFASs used in a broad range of industries and consumers. Our work provides the first semi-supervised machine learning study of structure-activity relationships for predicting possible bioactivities in a variety of PFAS species.",2022-08-24T07:18:15.610Z,10.26434/chemrxiv-2022-q4jw7
492,Catalysing (organo-) catalysis: Trends in the application of machine learning to enantioselective organocatalysis,"Organocatalysis has established itself as a third pillar of homogeneous catalysis, besides transition metal catalysis and biocatalysis, as its use for enantioselective reactions has gathered significant interest over the last decades. Concurrent to this development, machine learning (ML) has been increasingly applied in the chemical domain to efficiently uncover hidden patterns in data and accelerate scientific discovery. While the uptake of ML in organocatalysis has been comparably slow, recent years have shown an increased interest in the community. This review gives an overview of the work in the field of ML in organocatalysis. The review starts by giving a short primer on ML for experimental chemists, before discussing its application for predicting the selectivity of organocatalytic transformations. Subsequently, we review ML employed for privileged catalysts, before focusing on its application for catalyst and reaction design. Concluding, we give our view on current challenges and future directions for this field, drawing inspiration from the application of ML to other scientific domains.",2024-05-09T15:26:08.304Z,10.26434/chemrxiv-2024-xfdn8
493,NGT: Generative AI with Synthesizability Guarantees Identifies Potent Inhibitors for a G-protein Associated Melanocortin Receptor in a Tera-scale vHTS Screen,"Commercially available, synthesis-on-demand virtual libraries contain upwards of trillions of readily synthesizable compounds for drug discovery campaigns. These libraries are a critical resource for rapid cycles of in silico discovery, property optimization and in vitro validation. However, as these libraries continue to grow exponentially in size, traditional search strategies that scale linearly with the number of compounds encounter significant limitations. Here we present NeuralGenThesis (NGT), an effi",2024-05-08T06:56:42.669Z,10.26434/chemrxiv-2024-fz37h-v2
494,Machine Learning for Organic Cage Property Prediction,"<p>We use machine learning to predict shape persistence and cavity size in porous organic cages. The majority of hypothetical organic cages suffer from a lack of shape persistence and as a result lack intrinsic porosity, rendering them unsuitable for many applications. We have created the largest computational database of these molecules to date, numbering 63,472 cages, formed through a range of reaction chemistries and in</p> <p>multiple topologies. We study our database and identify features which lead to the formation of shape persistent cages. We find that the imine condensation of trialdehydes and diamines in a [4+6] reaction is the most likely to result in shape persistent cages, whereas thiol reactions are most likely to give collapsed cages. Using this database, we develop machine learning models capable of predicting shape persistence with an accuracy of up to 93%, reducing the time taken to predict this property to milliseconds, and removing the need for specialist software. In addition, we develop machine learning models for two other key properties of these molecules, cavity size and symmetry. We provide open-source implementations of our models, together with the accompanying</p> <p>data sets, and an online tool giving users access to our models to easily obtain predictions for a hypothetical cage prior to a synthesis attempt.</p>",2018-11-30T15:14:47.000Z,10.26434/chemrxiv.6995018.v3
495,Quantum circuit learning as a potential algorithm to predict experimental chemical properties,"We introduce quantum circuit learning (QCL) as an emerging regression algorithm for chemo- and materials-informatics. The supervised model, functioning on the rule of quantum mechanics, can process linear and smooth non-linear functions from small datasets (< 100 records). Compared with conventional algorithms, such as random forest, support vector machine, and linear regressions, the QCL can offer better predictions with some one-dimensional functions and experimental chemical databases. QCL will potentially help the virtual exploration of new molecules and materials more efficiently through its superior prediction performances.",2022-08-24T09:10:27.916Z,10.26434/chemrxiv-2022-cz7wr-v2
496,In-silico studies of anti-tuberculosis drugs using advanced computational techniques,"As per the 2022 global tuberculosis (TB) report, TB ranked among the top ten causes of mortality worldwide, surpassing both HIV and malaria in fatalities. It is a communicable disease induced by the Mycobacterium tuberculosis (MTB). Herein the role of molecular modeling tools in the search for new TB therapeutics involves quantitative structure-activity relationship (QSAR), pharmacophore modeling, and molecular docking. In the present work, we compiled approximately 1000 anti-TB candidates from the literature, along with their experimentally determined activities, and classified into three classes based on their biological activities, viz.,pIC, pIC_50, and pMIC_50. All selected compounds were optimized followed by docking them to anti-TB receptors retrieved from the Protein Data Bank. The docking results delineate the nature of interactions between the ligands and their respective receptors, which are prevalently noncovalent, dominated by hydrogen bonds and van der Waals’ interactions. Additionally, DFT-based descriptors were calculated such as constitutional, geometrical, topological, quantum chemical and docking based descriptors basis on their biological activities. The best models were selected on the basis of statistical parameters and were validated by training and test set division. ",2024-06-11T10:11:34.166Z,10.26434/chemrxiv-2024-czpvq
497,Accurate Multi-Objective Design in a Space of Millions of Transition Metal Complexes with Neural-Network-Driven Efficient Global Optimization,"<p>The accelerated discovery of materials for real world applications requires the achievement of multiple design objectives. Satisfaction of such constraints requires exploration of multi-million compound libraries over which even density-functional theory (DFT) screening is intractable. Machine learning (ML, e.g., artificial neural network, ANN, or Gaussian process, GP) models for this task are limited by training data availability and predictive uncertainty quantification (UQ). We overcome such limitations by using efficient global optimization (EGO) with the multi-dimensional expected improvement (EI) criterion. EGO balances exploitation of a trained model with acquisition of new DFT data at the Pareto front, the region of chemical space that contains the optimal trade-off between multiple design criteria. We demonstrate this approach for the simultaneous optimization of redox potential and solubility in candidate M(II)/M(III) redox couples for redox flow batteries from a space of 2.8M transition metal complexes designed for stability in practical RFB applications. We employ latent-distance-based UQ with a multi-task ANN to enable model generalization that surpasses that of a GP. With this approach, ANN prediction and EI scoring of the full 2.8M complex space is achieved in minutes. Starting from ca. 100 representative points, EGO improves both properties by 3-4 standard deviations in only five generations. Analysis of lookahead errors confirms rapid ANN model improvement during the EGO process, achieving suitable accuracy for predictive design in the space of transition metal complexes. The ANN-driven EI approach achieves at least 500-fold acceleration over random search, identifying a Pareto-optimal design in around five weeks instead of fifty years.<br /></p>",2019-12-20T06:28:06.000Z,10.26434/chemrxiv.11367572.v1
498,"Hexahydropyrrolo-[2,3-b]-indole Containing Alkaloids as a SARS-CoV-2 Inhibitors: An Integrated Multi-Target Based in-silico Approach","The discovery of potential drug molecules which can inhibit multiple targets at a single shot is extremely efficient in combating modern diseases. In continuation of this effort, this manuscript represents a multi-targeted based virtual screening approach aimed at identifying the most promising natural alkaloids based on Hexahydropyrrolo-[2,3-b]-indole backbone as a potential inhibitor against SARS-CoV-2. In this pursuit, eight traditional and understudied SARS-CoV-2 viral targets like the main protease (Mpro), RNA polymerase (RdRp), Envelope protein (Evp), Receptor binding domain (S-RBD), Human receptor angiotensin (hACE2), Spike protein, uridine specific endoribonuclease (nsp15) and capping protein (nsp16) are selected. The virtual screening of a series of naturally occurring alkaloids across these eight binding sites of SARS-CoV-2 proteins demonstrated great binding affinity. In fact, these sets of small natural product molecules highlight similar or greater binding affinity with multiple proteins compared to traditional-approved drugs like Ramdesivir, Nirmatrelvir and Molnupiravir. Based on the ADMET profiling, it can be verified that these sets of natural products exhibit the optimal pharmacokinetic parameters. Furthermore, analysis of the key amino acid-ligand interactions and time-dependent DFT calculation of top leads support the possibility of the multi-targeting capability of these moieties to fight persistently against the rapidly evolving SARS-CoV-2.",2023-12-08T13:15:53.038Z,10.26434/chemrxiv-2023-67t1w
499,Application of Bioactivity Profile Based Fingerprints for Building Machine Learning Models,<div>This article describes an application of high-throughput fingerprints (HTSFP) built upon industrial data accumulated over the years. </div><div>The fingerprint was used to build machine learning models  (multi-task deep learning + SVM) for compound activity predictions towards a panel of 131 targets. </div><div>Quality of the predictions and the scaffold hopping potential of the HTSFP were systematically compared to traditional structural descriptors ECFP. </div><div><br /></div>,2018-08-15T14:11:49.000Z,10.26434/chemrxiv.6969584.v1
500,Towards a Design of Active Oxygen Evolution Catalysts: Insights from Automated Density Functional Theory Calculations and Machine Learning,"<div> 			<div> 				<div> 					<div><p>Developing active and stable oxygen evolution catalysts is a key to enabling various future energy technologies and the state-of-the-art catalyst is Ir-containing oxide materials. Understanding oxygen chemistry on oxide materials is significantly more complicated than studying transition metal catalysts for two reasons: the most stable surface coverage under reaction conditions is extremely important but difficult to understand without many detailed calculations, and there are many possible active sites and configurations on O* or OH* covered surfaces. We have developed an automated and high-throughput approach to solve this problem and predict OER overpotentials for arbitrary oxide surfaces. We demonstrate this for a number of previously-unstudied IrO2 and IrO3 polymorphs and their facets. We discovered that low index surfaces of IrO2 other than rutile (110) are more active than the most stable rutile (110), and we identified promising active sites of IrO2 and IrO3 that outperform rutile (110) by 0.2 V in theoretical overpotential. Based on findings from DFT calculations, we pro- vide catalyst design strategies to improve catalytic activity of Ir based catalysts and demonstrate a machine learning model capable of predicting surface coverages and site activity. This work highlights the importance of investigating unexplored chemical space to design promising catalysts.<br /></p></div></div></div></div><div><div><div> 				</div> 			</div> 		</div>",2019-04-02T16:02:02.000Z,10.26434/chemrxiv.7926869.v1
501,Prediction of enzyme catalysis by computing reaction energy barriers via steered QM/MM Molecular Dynamics Simulations and Machine Learning,"The prediction of enzyme activity in a general extend is maybe one of the main challenges nowadays in catalysis. Computer-assisted methods have been proven to be able to simulate the reaction mechanism at the atomic level of detail. However, these methods tend to be expensive to be used in a large scale as it is needed in protein engineering campaigns. To alleviate this situation, machine learning methods can help in the generation of predictive-decision models. Herein we train different regression algorithms for the prediction of the reaction energy barrier of the rate-limiting step of the hydrolysis of mono-(2-hydroxyethyl)terephthalic acid by the MHETase of Ideonella sakaiensis. As training data set we use steered QM/MM MD simulation snapshots and their corresponding pulling work values. We have explored three algorithms together with three chemical representations. As outcome, our trained models are able to predict pulling works along the steered QM/MM MD simulations with a mean absolute error below 3 kcal mol-1 and a score value above 0.90. More challenging is the prediction of the energy maximum with a single geometry. Whereas the use of the initial snapshot of the QM/MM MD trajectory as input geometry yields a very poor prediction of the reaction energy barrier, the use of an intermediate snapshot of the former trajectory brings the score value above 0.40 with a low mean absolute error (ca. 3 kcal mol-1). Altogether, in this work we have faced some initial challenges of the final goal of getting an efficient workflow for the semi-automatic prediction of enzyme-catalyzed energy barriers and catalytic efficiencies.",2023-02-01T10:30:20.557Z,10.26434/chemrxiv-2023-v0rj6
502,A scalable crystal representation for reverse engineering of novel inorganic materials using deep generative models,"The efficient search for crystals with targeted properties is a significant challenge in materials discovery. The rapidly growing field of materials informatics has so far primarily focused on the application of AI/ML models to predict the properties of known crystals from their fundamental and derived properties as descriptors. In the last few years, deep learning-based approaches have spawned a slew of innovative data-driven materials research applications. Materials scientists have used these techniques for the reverse engineering of crystal structures for target applications. However, one of the challenges has been the representation of the crystal structures in the machine readable format. Proposed representations in the literature lack in generality and scalability. In this paper, we train a conditional variational autoencoder with a scalable and invertible representation along with the elemental properties of the constituents as descriptors to inverse-design new crystal structures with specified attributes. When targeting formation energy, we show that our model predicts structures that are not in the complete OQMD database. Finally, we use first-principles density functional theory calculations to validate our findings and show that the developed model is able to generate novel crystal structures for targeted property, i.e. formation energy in this case.",2023-03-23T06:32:00.907Z,10.26434/chemrxiv-2023-rknfd-v2
503,Tracking Li atoms in real-time with ultra-fast NMR simulations,"We present for the first time a multiscale machine learning approach to jointly simulate atomic structure and dynamics with the corresponding solid state Nuclear Magnetic Resonance (ssNMR) observables. We study the use-case of spin-alignment echo (SAE) NMR for exploring Li-ion diffusion within the solid state electrolyte material Li3PS4 (LPS) by calculating quadrupolar frequencies of 7Li. SAE NMR probes long-range dynamics down to microsecond-timescale hopping processes. Therefore only a few machine learning force field schemes are able to capture the time and length scales required for accurate comparison with experimental results. By using a new class of machine learning interatomic potentials, known as ultra-fast potentials (UFPs), we are able to efficiently access timescales beyond the microsecond regime. In tandem, we have developed a machine learning model for predicting the full 7Li electric field gradient (EFG) tensors in LPS. By combining the long timescale trajectories from the UFP with our model for 7Li EFG tensors, we are able to extract the autocorrelation function (ACF) for 7Li quadrupolar frequencies during Li diffusion. We extract the decay constants from the ACF for both crystalline β-LPS and amorphous LPS, and find that the predicted Li hopping rates are on the same order of magnitude as those predicted from the Li dynamics. This demonstrates the potential for machine learning to finally make predictions on experimentally relevant timescales and temperatures, and opens a new avenue of NMR crystallography: using machine learning dynamical NMR simulations for accessing polycrystalline and glass ceramic materials.",2024-04-16T10:45:50.169Z,10.26434/chemrxiv-2024-k4fbw
504,Machine learning force field ranking of candidate solid electrolyte interphase structures in Li-ion batteries,"The Solid-Electrolyte Interphase (SEI) formed in lithium-ion batteries is a vital but poorly-understood class of materials, combining organic and inorganic components. An SEI allows a battery to function by protecting electrode materials from unwanted side reactions. We use a combination of classical sampling and a novel machine learning model to produce the first set of SEI candidate structures ranked by predicted energy, to be used in future machine learning applications and compared to experimental results. We hope that this work will be the start of a more quantitative understanding of lithium-ion battery interphases and an impetus to development of machine learning models for battery materials.",2023-12-07T05:11:58.572Z,10.26434/chemrxiv-2023-gwnl8
505,PromptSMILES: Prompting for scaffold decoration and fragment linking in chemical language models,"SMILES-based generative models are amongst the most robust and successful recent methods used to augment drug design. They are typically used for complete de novo generation, however, scaffold decoration and fragment linking applications are sometimes desirable which requires a different architecture, a different training dataset and therefore, re-training of a new model. In this work, we describe a simple procedure to conduct constrained molecule generation with a SMILES-based generative model to extend applicability to scaffold decoration and fragment linking by providing SMILES prompts, without the need for re-training. In combination with reinforcement learning, we show that pre-trained, decoder-only models adapt to these applications quickly and can further optimize molecule generation towards a specified objective. We compare the performance of this approach to a variety of orthogonal approaches and show that performance is comparable or better. This approach enables the unification of de novo generation, scaffold decoration, and fragment linking into one chemical language model, without the need to use a bespoke grammar, curate a custom dataset or train a separate model. For convenience, we provide an easy-to-use python package to facilitate model sampling which can be found on GitHub and the Python Package Index.",2024-03-06T12:43:07.452Z,10.26434/chemrxiv-2024-z5jnt
506,Topological properties of interfacial hydrogen bond networks,"Hydrogen bonds play a crucial role in the anomalous behavior of water. While the properties of individual H-bonds have been extensively studied, the topological characteristics of the resulting H-bond network remain less explored. In this study, we employ molecular dynamics simulations to examine various aqueous interfaces, uncovering an increased number of H-bonds parallel to surfaces compared to bulk water. To quantify the topology of these networks, we introduce novel estimators for network percolation and dimensionality. Our findings reveal that the elevated proportion of H-bonds parallel to the interface significantly influences network connectivity, reducing both the number of water layers and the distance from the surface at which the network achieves full connectivity. Consequently, H-bond networks at interfaces exhibit more ""two-dimensional"" characteristics than those in bulk water due to high local water density and the competition between water-water H-bonds and water-surface interactions.",2024-06-07T10:58:01.209Z,10.26434/chemrxiv-2024-j4gt7
507,Machine Learning of Reactive Potentials,"In the past two decades, machine learning potentials (MLPs) have driven significant developments in chemical, biological and material sciences. The construction and training of MLPs enables fast and accurate simulations and analysis on thermodynamic and kinetic properties. This review focuses on the applications of MLPs to reaction systems with consideration of bond breaking and formation. We review the development of MLP models, primarily with neural network and kernel-based algorithms, and recent applications of reactive MLPs (RMLPs) to systems at different scales. We will show how RMLPs are constructed and how they speed up the calculation of reactive dynamics and facilitate study of reaction trajectories, reaction rates, free energy calculations, and many other calculations. Different data sampling strategies applied in building RMLPs are also discussed with a focus on how to collect structures for rare events and how to further improve the performance with active learning.",2023-09-21T06:46:06.439Z,10.26434/chemrxiv-2023-x82fz
508,CACHE (Critical Assessment of Computational Hit-finding Experiments): A public-private partnership benchmarking initiative to enable the development of computational methods for hit-finding,"Computational approaches in drug discovery and development hold great promise, with artificial intelligence methods undergoing widespread contemporary use, but the experimental validation of these new approaches is frequently inadequate. We are initiating Critical Assessment of Computational Hit-finding Experiments (CACHE) as a public benchmarking project that aims to accelerate the development of small molecule hit-finding algorithms by competitive assessment. Compounds will be identified by participants using a wide range of computational methods for dozens of protein targets selected for different types of prediction scenarios, as well as for their potential biological or pharmaceutical relevance. Community-generated predictions will be tested centrally and rigorously in an experimental hub(s), and all data, including the chemical structures of experimentally tested compounds, will be made publicly available without restrictions. The ability of a range of computational approaches to find novel compounds will be evaluated, compared, and published. The overarching goal of CACHE is to accelerate the development of computational chemistry methods by providing rapid and unbiased feedback to those developing methods, with an ancillary and valuable benefit of identifying new compound-protein binding pairs for biologically interesting targets. The initiative builds on the power of crowd sourcing and expands the open science paradigm for drug discovery.",2021-10-22T05:26:12.480Z,10.26434/chemrxiv-2021-rzq4n
509,More and Faster: Simultaneously Improving Reaction Coverage and Computational Cost in Automated Reaction Prediction Tasks,"<div> 			<div> 				<div> 					<p>Automated reaction prediction has the potential to elucidate complex reaction networks for applications ranging from combustion to materials degradation. Although substantial progress has been made in predicting specific reaction pathways and resolving mechanisms, the computational cost and inconsistent reaction coverage of automated prediction are still obstacles to exploring deep reaction networks without using heuristics. Here we show that cost can be reduced and reaction coverage can be increased simultaneously by relatively straight- forward modifications of the reaction enumeration, geometry initialization, and transition state convergence algorithms that are common to many emerging prediction methodologies. These changes are implemented in the context of Yet Another Reaction Program (YARP), our reaction prediction package, for which we report a head-to-head comparison with prevailing methods for two benchmark reaction prediction tasks. In all cases, we observe near perfect recapitulation of established reaction pathways and products by YARP, without the use of heuristics or other domain knowledge to guide reaction selection. In addition, YARP also discovers many new kinetically relevant pathways and products reported here for the first time. This is achieved while simultaneously reducing the cost of reaction characterization nearly 100-fold and increasing transition state success rates and intended rates over 2-fold and 10-fold, respectively, compared with recent benchmarks. This combination of ultra-low cost and high reaction-coverage creates opportunities to explore the reactivity of larger sys- tems and more complex reaction networks for applications like chemical degradation, where approaches based on domain heuristics fail. </p> 		 	 	 		 				</div> 			</div> 		</div>",2020-10-12T13:02:40.000Z,10.26434/chemrxiv.13076087.v1
510,Functional Output Regression for Machine Learning in Materials Science," In recent years, there has been a rapid growth in the use of machine learning in materials science. Conventionally, a trained predictive model describes a scalar output variable, such as thermodynamic, electronic, or mechanical properties, as a function of input descriptors that vectorize the compositional or structural features of any given material, such as molecules, chemical compositions, or crystalline systems. In machine learning of materials data, on the other hand, the output variable is often given as a function. For example, when predicting the optical absorption spectrum of a molecule, the output variable is a spectral function defined in the wavelength domain. Alternatively, in predicting the microstructure of a polymer nanocomposite, the output variable is given as an image from an electron microscope, which can be represented as a two- or three-dimensional function in the image coordinate system. In this study, we considered two unified frameworks to handle such multidimensional or functional output regressions, which are applicable to a wide range of predictive analyses in materials science. The first approach employs generative adversarial networks, which are known to exhibit outstanding performance in various computer vision tasks such as image generation, style transfer, and video generation. We also present another type of statistical modelling inspired by a statistical methodology referred to as functional data analysis. This is an extension of kernel regression to deal with functional outputs, and its simple mathematical structure makes it an effective modelling even for given data in limited supply. We demonstrate the proposed method through several case studies in materials science.",2022-05-16T08:54:49.833Z,10.26434/chemrxiv-2022-vbnnh
511,pKalculator: A pKa predictor for C-H bonds,"Determining the pKa values of various C-H sites in organic molecules offers valuable insights for synthetic chemists in predicting reaction sites. As molecular complexity increases, this task becomes more challenging. This paper introduces pKalculator, a quantum chemical (QM)-based workflow for automatic computations of C-H pKa values, which is used to generate a training dataset for a machine learning model (ML). The QM workflow is benchmarked against 695 experimentally determined C-H pKa values. The ML model is trained on a diverse dataset of 775 molecules with 3910 C-H sites. Our ML model predicts C-H pKa values with a mean absolute error (MAE) and a root mean squared error (RMSE) of 1.24 and 2.15 pKa units, respectively. Furthermore, we employ our model on 1043 pKa-dependent reactions (Aldol, Claisen, and Michael) and successfully indicate the reaction sites with a Matthew’s correlation coefficient (MCC) of 0.82.",2024-03-15T05:46:35.956Z,10.26434/chemrxiv-2024-56h5h
512,Rapid Estimation of the Intermolecular Electronic Couplings and Charge-Carrier Mobilities of Crystalline Molecular Organic Semiconductors through a Machine Learning Pipeline,"Organic semiconductors offer tremendous potential across a wide range of (opto)electronic applications. However, the development of these materials is limited by trial-and-error design approaches, as well as computationally heavy modeling approaches to evaluate/screen candidates using a suite of materials descriptors. For the latter, for instance, density functional theory (DFT) methods are widely used to derive descriptors such as the oxidation and reduction potentials, molecular relaxation and reorganization energies, and intermolecular electronic couplings; these calculations are compute-intensive, often requiring hours to days to determine. Such bottlenecks slow the pace and limit the exploration of the vast chemical space that can comprise organic materials. Here, we introduce a machine learning (ML) model to predict intermolecular electronic couplings in organic, molecule-based crystalline materials that take a few seconds, as compared to hours by DFT. Further, we use the ML model in conjunction with mathematical formulations to rapidly screen the charge-carrier mobilities and associated anisotropies of over 60,000 molecular crystal structures. The ML models and pipeline are made fully available on the open-access OCELOT ML infrastructure. ",2023-03-08T05:47:03.124Z,10.26434/chemrxiv-2023-rvzmv
513,Machine Learning-Boosted Docking Enables the Efficient Structure-Based Virtual Screening of Giga-Scale Enumerated Chemical Libraries,"The emergence of ultra-large screening libraries, filled to the brim with billions of readily available compounds, poses a growing challenge for docking-based virtual screening. Machine Learning (ML)-boosted strategies like the tool HASTEN combine rapid ML prediction with the brute-force docking of small fractions of such libraries to increase screening throughput and take on giga-scale libraries. In our case study of an anti-bacterial chaperone and an anti-viral kinase, we first generated a brute-force docking baseline for 1.56 billion compounds in the Enamine REAL lead-like library with the fast Glide HTVS protocol. With HASTEN, we observed robust recall of 90% of the true 1000 top-scoring virtual hits in both targets when docking only 1% of the entire library. This reduction of the required docking experiments by 99% significantly shortens the screening time.In the kinase target, the employment of a hydrogen bonding constraint resulted in a major proportion of unsuccessful docking attempts and hampered ML predictions. We demonstrate the optimization potential in the treatment of failed compounds when performing ML-boosted screening and benchmark and showcase HASTEN as a fast and robust tool in a growing arsenal of approaches to unlock the chemical space covered by giga-scale screening libraries for everyday drug discovery campaigns.",2023-08-07T12:34:52.486Z,10.26434/chemrxiv-2023-g34tx-v2
514,IEV2Mol: Molecular Generative Model Considering Protein-Ligand Interaction Energy Vectors,"Generating drug candidates with desired protein‒ligand interactions is a significant challenge in structure-based drug design. In this study, a new generative model, IEV2Mol, is proposed that incorporates interaction energy vectors (IEVs) between proteins and ligands obtained from docking simulations, which quantitatively capture the strength of each interaction type, such as hydrogen bonds, electrostatic interactions, and van der Waals forces.  By integrating this IEV into an end-to-end variational autoencoder (VAE) framework that learns the chemical space from SMILES and minimizes the reconstruction error of the SMILES, the model can more accurately generate compounds with the desired interactions. To evaluate the effectiveness of IEV2Mol, we performed benchmark comparisons with randomly selected compounds, unconstrained VAE models (JT-VAE), and compounds generated by RNN models based on interaction fingerprints (IFP-RNN).  The results show that the compounds generated by IEV2Mol retain a significantly greater percentage of the binding mode of the query structure than those of the other methods. Furthermore, IEV2Mol was able to generate compounds with interactions similar to those of the input compounds, regardless of structural similarity.  The source code and trained models for IEV2Mol, JT-VAE, and IFP-RNN designed for generating compounds active against the DRD2 receptor, as well as the datasets (DM-QP-1M, DRD2 Active, and ChEMBL33) utilized in this study, are released under the MIT License and available at https://github.com/sekijima-lab/IEV2Mol.",2024-05-14T12:28:29.839Z,10.26434/chemrxiv-2024-0m3br
515,Quick and Efficient Quantitative Predictions of Androgen Receptor Binding Affinity for Screening Endocrine Disruptor Chemicals Using 2D-QSAR and Chemical Read-Across,"Endocrine Disruptor Chemicals are synthetic or natural molecules in the environment that promote adverse modifications of endogenous hormone regulation in humans and/or in animals. In the present research, we have applied two-dimensional quantitative structure-activity relationship (2D-QSAR) modeling to analyze the structural features of these chemicals responsible for binding to the androgen receptors (logRBA) in rats. We have collected the receptor binding data from the EDKB database (https://www.fda.gov/science-research/endocrine-disruptor-knowledge-base/accessing-edkb-database) and then employed the DTC-QSAR tool, available from https://dtclab.webs.com/software-tools, for dataset division, feature selection, and model development. The final partial least squares was evaluated using various stringent validation criteria. From the model, we interpreted that hydrophobicity, steroidal nucleus, bulkiness and a hyrdrogen bond donor at an appropriate position contribute to the receptor binding affinity, while presence of electron rich features like aromaticity and polar groups decrease the receptor binding affinity.  Additionally we have also performed chemical Read-Across predictions using Read-Across-v3.1 available from https://sites.google.com/jadavpuruniversity.in/dtc-lab-software/home, and the results for the external validation metrics were found to be better than the QSAR-derived predictions. To explore the essential features responsible for the receptor binding, pharmacophore mapping, molecular docking along with molecular dynamics simulation were also performed, and the results are in accordance with the QSAR findings. ",2022-04-21T13:28:47.120Z,10.26434/chemrxiv-2022-gcrjg
516,Automated Quantum Chemistry for Estimating Nucleophilicity and Electrophilicity with Applications to Retrosynthesis and Covalent Inhibitors,"Reactivity scales such as nucleophilicity and electrophilicity are valuable tools for de- termining chemical reactivity and selectivity. However, prior attempts to predict or calculate nucleophilicity and electrophilicity are either not capable of generalizing well to unseen molecular structures or require substantial computing resources. We present a fully automated quantum chemistry (QM)-based workflow that automatically identi- fies nucleophilic and electrophilic sites and computes methyl cation affinities and methyl anion affinities to quantify nucleophilicity and electrophilicity, respectively. The calcu- lations are based on r2SCAN-3c SMD(DMSO) single-point calculations on GFN1-xTB ALPB(DMSO) geometries that, in turn, derive from a GFNFF-xTB ALPB(DMSO) conformational search. The workflow is validated against both experimental and higher- level QM-derived data resulting in very strong correlations while having a median wall time of less than two minutes per molecule. Additionally, we demonstrate the workflow on two different applications: first, as a general tool for filtering retrosynthetic routes based on chemical selectivity predictions, and second, as a tool for determining the relative reactivity of covalent inhibitors. The code is freely available on GitHub under the MIT open source license and as a web application at www.esnuel.org.",2023-10-04T09:34:55.956Z,10.26434/chemrxiv-2023-pd395
517,Cheap turns superior: A linear regression-based correction method to reaction energy from DFT,"Workflows to predict chemical reaction networks based on density functional theory (DFT) are prone to systematic errors in reaction energy due to the extensive use of cheap DFT exchange-correlation functionals to limit computational cost. Recently, machine learning-based models are increasingly applied to mitigate this problem. However, machine learning models require systems similar to trained data, and the models often perform poorly for out-of-distribution systems. Here, we present a simple bond-based correction method that improves the accuracy of DFT-derived reaction energies. It is based on linear regression, and the correction terms for each bond are derived from reactions among the QM9 dataset. We demonstrate the effectiveness of this method with three DFT functionals in three different rungs of Jacob's ladder. The simple correction method is effective for all rung but especially so for the cheapest PBE functional. Finally, we applied the correction method to a few reactions with molecules significantly different from those in the QM9 dataset that was used to fit the linear regression model. Once corrected by this method, we found that the DFT reaction energies for such out-of-distribution reactions are within 0.05eV of the G4MP2 method.",2022-06-15T09:42:31.249Z,10.26434/chemrxiv-2022-9prf3
518,Optimizing Fractional Compositions To Achieve Extraordinary Properties,"Traditional, data-driven materials discovery involves screening chemical systems with machine learning algorithms and selecting candidates that excel in a target property. The number of screening candidates grows infinitely large as the fractional resolution of compositions the number of included elements increases. The computational infeasibility and probability of overlooking a successful candidate grow likewise. Our approach shifts the optimization focus from model parameters to the fractions of each element in a composition. Using a pretrained network, CrabNet, and writing a custom loss function to govern a vector of element fractions, compositions can be optimized such that a predicted property is maximized or minimized. Single and multi-property optimization examples are presented that highlight the capabilities and robustness of this approach to inverse design.",2021-05-28T04:32:07.000Z,10.26434/chemrxiv.14680578.v1
519,Machine-Learning-Backed Evolutionary Exploration of Ti-rich SrTiO3(110) Surface Reconstructions,"The investigation of inhomogeneous surfaces, where various local structures co-exist, is crucial for understanding interfaces of technological interest, yet it presents significant challenges. Here, we study the atomic configurations of the (2 × m) Ti-rich surfaces at (110)-oriented SrTiO3 by bringing together scanning tunneling microscopy and transferable neural-network force fields combined with evolutionary exploration. We leverage an active learning methodology to iteratively extend the training data as needed for different configurations. Training on only small well-known reconstructions, we are able to extrapolate to the complicated and diverse overlayers encountered in different regions of the heterogeneous SrTiO3(110)-(2×m) surface. Our machine-learning-backed approach generates several new candidate structures, in good agreement with experiment and verified using density functional theory.",2024-06-27T05:35:32.574Z,10.26434/chemrxiv-2024-9l6jc-v2
520,Mol2vec: Unsupervised Machine Learning Approach with Chemical Intuition,"Inspired by natural language processing techniques we here introduce Mol2vec which is an unsupervised machine learning approach to learn vector representations of molecular substructures. Similarly, to the Word2vec models where vectors of closely related words are in close proximity in the vector space, Mol2vec learns vector representations of molecular substructures that are pointing in similar directions for chemically related substructures. Compounds can finally be encoded as vectors by summing up vectors of the individual substructures and, for instance, feed into supervised machine learning approaches to predict compound properties. The underlying substructure vector embeddings are obtained by training an unsupervised machine learning approach on a so-called corpus of compounds that consists of all available chemical matter. The resulting Mol2vec model is pre-trained once, yields dense vector representations and overcomes drawbacks of common compound feature representations such as sparseness and bit collisions. The prediction capabilities are demonstrated on several compound property and bioactivity data sets and compared with results obtained for Morgan fingerprints as reference compound representation. Mol2vec can be easily combined with ProtVec, which employs the same Word2vec concept on protein sequences, resulting in a proteochemometric approach that is alignment independent and can be thus also easily used for proteins with low sequence similarities.",2017-10-23T15:06:41.000Z,10.26434/chemrxiv.5513581.v1
521,Exploring the frontiers of chemistry with a general reactive machine learning potential,"Reactive chemistry atomistic simulation has a broad range of applications from drug design to energy to materials discovery. Machine learning interatomic potentials (MLIPs) have become an efficient alternative to computationally expensive quantum chemistry simulations. In practice, developing reactive MLIPs requires prior knowledge of reaction networks to generate fitting data and refitting to extensive datasets for each new application. In this work, we develop a general reactive MLIP through unbiased active learning with an atomic configuration sampler inspired by nanoreactor molecular dynamics. The resulting potential (ANI-1xnr) is then applied to study five distinct condensed phase reactive chemistry systems: carbon solid-phase nucleation, graphene ring formation from acetylene, biofuel additives, combustion of methane and the spontaneous formation of glycine from early-earth small molecules. In all studies, ANI-1xnr closely matches experiment and/or previous studies using traditional model chemistry methods. As such, ANI-1xnr proves to be a highly general reactive MLIP that does not need to be refit for each application, enabling high-throughput in silico reactive chemistry experimentation.",2023-04-17T06:59:32.900Z,10.26434/chemrxiv-2022-15ct6-v3
522,Deep Generative Design of Porous Organic Cages via a Variational Autoencoder,"Porous organic cages (POCs) are a class of porous molecular materials characterised by their tunable, intrinsic porosity; this functional property makes them candidates for applications including guest storage and separation. Typically formed via dynamic covalent chemistry reactions from multifunctionalised molecular precursors, there is an enormous potential chemical space for POCs due to the fact they can be formed by combining two relatively small organic molecules, which themselves have an enormous chemical space. However, identifying suitable molecular precursors for POC formation is challenging, as POCs often lack shape persistence (the cage collapses upon solvent removal with loss of its cavity), thus losing a key functional property (porosity). Generative machine learning models have potential for targeted computational design of large functional molecular systems such as POCs. Here, we present a deep-learning-enabled generative model, Cage-VAE, for the targeted generation of shape-persistent POCs. We demonstrate the capacity of Cage-VAE to propose novel, shape-persistent POCs, via integration with multiple efficient sampling methods, including bayesian optimization and spherical linear interpolation.",2023-08-17T10:26:45.717Z,10.26434/chemrxiv-2023-ggnz0
523,SpaiNN: Equivariant Message Passing for Excited-State Nonadiabatic Molecular Dynamics,"Excited-state molecular dynamics simulations are crucial for understanding processes like photosynthesis, vision, and radiation damage. However, the computational complexity of quantum chemical calculations restricts their scope. Machine learning (ML) offers a solution by delivering high accuracy properties at lower computational costs. We present SpaiNN, an open-source Python software for ML-driven surface hopping nonadiabatic molecular dynamics simulations. SpaiNN combines the invariant and equivariant neural network architectures of SchNetPack with SHARC for surface hopping dynamics. Its modular design allows users to implement and adapt modules easily. We compare rotationally-invariant and equivariant representations in fitting potential energy surfaces of multiple electronic states and properties arising from the interaction of two electronic states. Simulations of the methylenimmonium cation and various alkenes demonstrate the superior  performance of equivariant SpaiNN models, improving accuracy, generalization, and efficiency in both training and inference.",2024-06-24T10:40:27.988Z,10.26434/chemrxiv-2024-knpvw
524,Deep learning methods for de novo peptide sequencing,"Protein tandem mass spectrometry data is most often interpreted by matching observed mass spectra to a protein database derived from the reference genome of the sample being analyzed. In many application domains, however, a relevant protein database is unavailable or incomplete, and in such settings de novo sequencing is required. Since the introduction of the DeepNovo algorithm in 2017, the field of de novo sequencing has been dominated by deep learning methods, which use large amounts of labeled mass spectrometry data to train multi-layer neural networks to translate from observed mass spectra to corresponding peptide sequences. Here, we describe these deep learning methods, outline procedures for evaluating their performance, and discuss the challenges in the field, both in terms of methods development and evaluation protocols.",2024-05-27T13:25:00.843Z,10.26434/chemrxiv-2024-l6wnt
525,Supercomputer-Based Ensemble Docking Drug Discovery Pipeline with Application to Covid-19,"We present a supercomputer-driven pipeline for <i>in-silico</i> drug discovery using enhanced sampling molecular dynamics (MD) and ensemble docking. We also describe preliminary results obtained for 23 systems involving eight protein targets of the proteome of SARS CoV-2. THe MD performed is temperature replica-exchange enhanced sampling, making use of the massively parallel supercomputing on the SUMMIT supercomputer at Oak Ridge National Laboratory, with which more than 1ms of enhanced sampling MD can be generated per day. We have ensemble docked repurposing databases to ten configurations of each of the 23 SARS CoV-2 systems using AutoDock Vina. We also demonstrate that using Autodock-GPU on SUMMIT, it is possible to perform exhaustive docking of one billion compounds in under 24 hours. Finally, we discuss preliminary results and planned improvements to the pipeline, including the use of quantum mechanical (QM), machine learning, and AI methods to cluster MD trajectories and rescore docking poses.",2020-07-29T10:08:07.000Z,10.26434/chemrxiv.12725465.v1
526,Development of QSAR Models on the Fouling-Release Performance of Silicone Oil-modified Siloxane Polyurethane Coatings,"Polymer coatings with a fouling release activity is an effective method to prevent marine biological fouling caused by large number of marine organisms (over 4000) and ensure stability and safety of marine facilities. In this study, a novel cheminformatics-based approach was employed to investigate the fouling-release performance of siloxane-PU coating system. The structure-fouling release activity relationship was modeled for a set of 18 siloxane PU coatings by incorporation phenylmethyl silicones oils (PMM-1025, PMM-1043, PMM-5021, PMM-6025, PMM-0021, PMM-0025 of 1, 2 and 5 wt%). A specific structural descriptors encoding approach was applied for these systems, based on a mixture-based encoding, to feed the complex polymeric systems in machine learning algorithms. Several predictive quantitative structure-fouling release relationships models were developed using machine learning techniques, from multiple linear regression to nonlinear random forest methods, followed by scoring them based on high performance accuracy and validation with rigorous internal fit R2 train values between 0.73 to 0.95 and external predictivity R2ext between 0.68 to 0.88. Random Forest method was the best nonlinear one for predicting diatom removal activity. This work indicates that both linear and nonlinear machine learning-based modeling can be beneficial to predict fouling release properties of polymer coatings with an effective fouling release performance.",2024-05-13T08:50:54.665Z,10.26434/chemrxiv-2024-1pxc6
527,Spaces of mathematical chemistry,"In an effort to expand the domain of mathematical chemistry and inspire research beyond the realms of graph theory and quantum chemistry, I explore five mathematical chemistry spaces and their interconnectedness through mappings. These spaces are characterised by their elements and the concept of proximity that binds these elements within the space. These spaces comprise the chemical space, which encompasses substances and reactions; the space of reaction conditions, spanning the physical and chemical aspects involved in chemical reactions; the space of reaction grammars, which encapsulates the rules for creating and breaking chemical bonds; the space of substance properties, covering all documented measurements regarding substances; and the space of substance representations, composed of the various ontologies for characterising substances.",2023-12-22T13:02:00.805Z,10.26434/chemrxiv-2023-4bmwq
528,Quantum Chemical Data Generation as Fill-In for Reliability Enhancement of Machine-Learning Reaction and  Retrosynthesis Planning,"Data-driven synthesis planning has seen remarkable successes in recent years by virtue of modern approaches of artificial intelligence that efficiently exploit vast databases with experimental data on chemical reactions. However, this success story is intimately connected to the availability of existing experimental data. It may well occur in retrosynthetic and synthesis design tasks that predictions in individual steps of a reaction cascade are affected by large uncertainties. In such cases, it will, in general, not be easily possible to provide missing data from autonomously conducted experiments on demand. However, first-principles calculations can, in principle, provide missing data to enhance the confidence of an individual prediction or for model retraining. Here, we demonstrate the feasibility of such an ansatz and examine resource requirements for conducting autonomous first-principles calculations on demand.",2022-11-01T05:42:15.999Z,10.26434/chemrxiv-2022-gd0q9
529,Parameterization of general organic polymers within the Open Force Field framework ,"Polymer and chemically modified biopolymer systems present unique challenges to traditional molecular simulation preparation workflows. First, typical polymer and biomolecular input formats, such as protein data bank (PDB) files, lack adequate chem- ical information needed for the parameterization of new chemistries. Second, polymers are typically too large for accurate partial charge generation methods. In this work, we employed direct chemical perception through the Open Force Field toolkit to create a flexible polymer simulation workflow for organic polymers, encompassing everything from biopolymers to soft materials. We propose and test a new input specification for monomer information that can, along with a 3D conformational geometry, param- eterize and simulate most soft material systems within the same workflow used for smaller ligands. The monomer format encompasses a subset of the SMIRKS substructure query language to uniquely identify chemical information and repeating charges in under-specified systems through matching atomic connectivity. This workflow is combined with several different approaches for automatic partial charge generation for larger systems. As an initial proof-of-concept, a variety of diverse polymeric systems were parameterized with the Open Force Field toolkit, including functionalized proteins, DNA, homopolymers, cross-linked systems, and sugars. Additionally, shape properties and radial distribution functions were computed from molecular dynamics simulations of PEG, PNIPAAm, and PAAm homopolymers in aqueous solution and compared to previous simulation results in order to demonstrate a start-to-finish work- flow for simulation and property prediction. We expect that these tools will greatly expedite the day-to-day computational research of soft matter simulations and create a robust atomic-scale polymer specification in conjunction with existing polymer structural notations.",2023-10-19T05:37:54.216Z,10.26434/chemrxiv-2023-f2zxd-v2
530,Application of the “EigenValue Analysis (EVANS)” Methodology to Build Quantitative Structure Pharmacokinetic Relationship Models,"We present EigenValue ANalySis (EVANS), a QSPR methodology that considers 3D molecular information of enantiomeric ensembles of chiral molecules without the need to perform an alignment step. EVANS follows an intricate molecular modelling protocol that generates orthogonal eigenvalues from hybrid matrices of physicochemical properties and 3D structure; these eigenvalues are used as independent variables in QSPR analyses. The EVANS formalism has been presented and deployed to build quantitative structure pharmacokinetic relationship (QSPKR) models on a benchmark dataset for three critical PK parameters: steady-state volume of distribution (VDss), clearance (CL), and half-life (t1/2). Predictive QSPKR models were built by using the eigenvalues generated via the EVANS methodology in conjunction with multiple linear regression (MLR), random forest (RF), and support vector machine (SVM) algorithms, and it was observed that the EVANS QSPKR models sync with published work in the literature. Thus, we present the EVANS methodology as a first-line prediction tool to prioritise compounds in drug discovery and development.",2021-01-13T08:55:11.000Z,10.26434/chemrxiv.13560353.v1
531,STOPLIGHT: A Hit Scoring Calculator,"We introduce STOPLIGHT, a web portal to assist medicinal chemists in prioritizing hits from screening campaigns and selection of compounds for optimization. STOPLIGHT incorporates services to assess 6 physiochemical and structural properties, 6 assay liabilities, and 11 pharmacokinetic properties for any small molecule represented by its SMILES string. We briefly describe each service and illustrate the utility of this portal with a case study. The STOPLIGHT portal provides a user-friendly tool to guide hit selection in early drug discovery campaigns, whereby compounds with unfavorable properties can be quickly recognized and eliminated.  Availability and implementation: STOPLIGHT is freely accessible at https://stoplight.mml.unc.edu/.  ",2023-08-24T04:47:47.872Z,10.26434/chemrxiv-2023-8x112
532,On the potentially transformative role of auxiliary-field quantum Monte Carlo in quantum chemistry:  A highly accurate method for transition metals and beyond,"Approximate solutions to the ab initio electronic structure problem have been a focus of theoretical and computational chemistry research for much of the past century, with the goal of predicting relevant energy differences to within “chemical accuracy” (1 kcal/mol). For small organic molecules, or in general for weakly correlated main group chemistry, a hierarchy of single-reference wavefunction methods have been rigorously established spanning perturbation theory and the coupled cluster (CC) formalism.  For these systems, CC with singles, doubles, and perturbative triples (CCSD(T)) is known to achieve chemical accuracy, albeit at O(N^7) computational cost.  In addition, a hierarchy of density functional approximations of increasing formal sophistication, known as Jacob's ladder, has been shown to  systematically reduce average errors over large data sets representing weakly-correlated chemistry.  However, the accuracy of such computational models is less clear in the increasingly important frontiers of chemical space including transition metals and f-block compounds, in which strong correlation can play an important role in reactivity.  A stochastic method, phaseless auxiliary-field quantum Monte Carlo (ph-AFQMC), has been shown capable of producing chemically accurate predictions even for challenging molecular systems beyond the main-group, with relatively low O(N^3-N^4) cost and near-perfect parallel efficiency.  Herein we present our perspectives on the past, present, and future of the ph-AFQMC method.  We focus on its potential in transition metal quantum chemistry to be a highly accurate, systematically-improvable method which can reliably probe strongly correlated systems in biology and chemical catalysis, and provide reference thermochemical values (for future development of density functionals or interatomic potentials) when experiments are either noisy or absent.  Finally, we discuss the present limitations of the method, and where we expect near term development to be most fruitful.",2022-11-04T09:44:27.562Z,10.26434/chemrxiv-2022-cw19h
533,Actively Searching: Inverse Design of Novel Molecules with Simultaneously Optimized Properties,"<p>Combining quantum chemistry characterizations with generative machine learning models has the potential to accelerate molecular searches in chemical space. In this paradigm, quantum chemistry acts as a relatively cost-effective oracle for evaluating the properties of particular molecules while generative models provide a means of sampling chemical space based on learned structure-function relationships. For practical applications, multiple potentially orthogonal properties must be optimized in tandem during a discovery workflow. This carries additional difficulties associated with specificity of the targets and the ability for the model to reconcile all properties simultaneously. Here we demonstrate an active learning approach to improve the performance of multi-target generative chemical models. We first demonstrate the effectiveness of a set of baseline models trained on single property prediction tasks in generating novel compounds with various property targets, including both interpolative and extrapolative generation scenarios. For property ranges where accurate targeting proves difficult, the novel compounds suggested by the model are characterized using quantum chemistry to obtain the true values, and these new molecules closest to expressing the desired properties are fed back into the generative model for additional training. This gradually improves the generative models’ understanding of unknown areas of chemical space and shifts the distribution of generated compounds towards the targeted values. We then demonstrate the effectiveness of this active learning approach in generating compounds with multiple chemical constraints, including vertical ionization potential, electron affinity, and dipole moment targets, and validate the results at the B97X-D3/def2-TZVP level. This method requires no modifications to extant generative approaches, but rather utilizes their inherent generative and predictive aspects for self-refinement, and can be applied to situations where any number of properties with varying degrees of correlation must be optimized simultaneously.</p>",2021-05-24T11:37:21.000Z,10.26434/chemrxiv.14643360.v1
534,A Mean-Field Model for Oxygen Reduction Electrocatalytic Activity on High-Entropy Alloys,"High-entropy alloys (HEAs) represent near-equimolar points in the middle of a vast composition space of multi-metallic catalysts. Successful modeling of the catalytic activity of these complex materials allows to search this composition space for optimal catalysts. Previous models of HEA catalytic activity have been based on local and intricate descriptions of the atomic environment on the catalyst surface to predict accurate adsorption energies. These are subsequently used to model the catalytic activity. In this study, we show that by approximating the ligand effect of the surrounding atoms around an adsorption site with a mean-field perturbation corresponding to equimolar AgIrPdPtRu, the same trend in the predictions of the oxygen reduction reaction catalytic activities are obtained for a majority of the quinary Ag-Ir-Pd-Pt-Ru composition space. By comparing to models that consider the ligand effect locally, we show that the extent of such a mean-field approximation is valid up to and including equimolar ternary alloys, corresponding to 60.3 % of the quinary composition space. When extrapolating to make predictions far from near-equimolar compositions, such as for binary alloys, the mean field has been sufficiently perturbed to cause large discrepancies compared to the local models. Here, the intricate models thus prove more useful for discovering optimal catalysts.",2022-05-31T06:15:31.929Z,10.26434/chemrxiv-2022-2prdx
535,Refining EI-MS library search results through atomic-level insights,"The inherent complexity of mass spectra and the lack of direct correlation between spectral and structural similarities retards structure elucidation and accurate peak annotation.  For more accurate mass-to-fragment mapping, we propose a new approach combining CFM-EI, a fragmentation likelihood modeling tool in electron-ionization mass spectrometry (EI-MS) data, with an artificial-intelligence (AI) assisted  multi-step complexity reduction strategy. Our methodology used modified atomic environments to represent fragments of super small organic molecules, and trained the Transformer model to predict the structural content of compounds based on their mass and intensity data with a peak precision of 86.1% and a recall rate of 78.4%.  This holistic solution not only aids in interpreting EI-MS data by providing insights into atom types but also refines cosine similarity rankings by suggesting the inclusion or exclusion of certain atom types. Benchmark results using the NIST database demonstrated that our approach complements conventional methods by improving spectra matching through an in-depth atomic-level analysis.",2024-05-14T09:45:01.712Z,10.26434/chemrxiv-2024-vrqzf-v2
536,Decoding the Proteome of Severe Acute Respiratory Syndrome Coronavirus 2 (SARS-CoV-2) for Cell-Penetrating Peptides Involved in Pathogenesis or Applicable as Drug Delivery Vectors,"Synthetic or natural-derived cell penetrating peptides (CPPs) are vastly investigated as tools for the intracellular delivery of membrane-impermeable molecules. As viruses are obligate intracellular parasites, viral originated CPPs have been considered as suitable shuttling vectors for cargo transportation. A total of 310 CPPs were identified in the proteome of SARS-CoV-2. SCV2-CPPs span the regions involved in replication, protein-nucleotide and protein-protein interaction, protein-metal ion interaction, and stabilization of homo/hetero-oligomers. Computational analyses showed that the most optimal SCV2-CPP candidates as vectors for drug delivery are SCV2-CPP118, SCV2-CPP119, SCV2-CPP122, and SCV2-CPP129 of NSP12. Conclusively, the workflow of this study provides a platform for profound screening of viral proteomes as a rich source of bio-therapeutics or drug delivery carriers. <br />",2020-06-02T07:00:02.000Z,10.26434/chemrxiv.12401306.v1
537,Design of metal-organic frameworks using deep dreaming approaches,"Exploring the expansive and largely untapped chemical space of metal-organic frameworks (MOFs) holds promise for revolutionising the field of materials science. MOFs, hailed for their modular architecture, offer unmatched flexibility in customising functionalities to meet specific application needs. However, navigating this chemical space to identify optimal MOF structures poses a significant challenge. Tradtional high-throughput computational screening (HTCS), while useful, is often limited by a distribution bias towards materials not aligned with the desired functionalities. To overcome these limitations, this study adopts a ”deep dreaming” methodology to optimise MOFs in silico, aiming to generate structures with systematically shifted properties that are closer to target functionalities from the outset. Our methodology integrates property prediction and structure optimisation within a single interpretable framework, leveraging a specialised chemical language model augmented with attention mechanisms. Focusing on a curated set of MOF properties critical to applications like carbon capture and energy storage, our approach not only expands the selection of potential materials for HTCS but also opens new avenues for material exploration and development. ",2024-06-20T06:21:33.873Z,10.26434/chemrxiv-2024-9q39w-v2
538,Machine Learning Prediction of Thermodynamic Stability and Electronic Properties of 2D Layered Conductive Metal-Organic Frameworks,"2D layered metal-organic frameworks (MOFs) are a new class of multifunctional materials that can provide electrical conductivity on top of the conventional structural characteristics of MOFs, offering potential applications in electronics and optics. Here, for the first time, we employ Machine Learning (ML) techniques to predict the thermodynamic stability and electronic properties of layered electrically conductive (EC) MOFs, bypassing expensive ab initio calculations for the design and discovery of new materials. Proper feature engineering is a very important factor in utilizing ML models for such purposes. Here, we show that a combination of elemental features, using generic statistical reduction methods and crystal structure information curated from the recently introduced EC-MOF database, leads to a reasonable prediction of the thermodynamic and electronic properties of EC MOFs. We utilize these features in training a diverse range of ML classifiers and regressors. Evaluating the performance of these different models, we show that an ensemble learning approach in the form of stacking ML models can lead to higher accuracy and more reliability on the predictive power of ML to be employed in future MOF research.",2024-04-02T11:17:46.938Z,10.26434/chemrxiv-2024-0mkw8
539,Directional Multiobjective Optimization of Metal Complexes at the Billion-Scale with the tmQMg-L Dataset and PL-MOGA Algorithm,"Transition metal complexes (TMCs) play a key role in several areas of high interest, including medicinal chemistry, renewable energies, and nanoporous materials. The development of TMCs enabling these technologies remains challenged by the need to optimize multiple properties within very large chemical spaces, in which the thirty transition metals can be combined with a virtually infinite number of ligands. In this work, we provide the open tmQMg-L dataset including 30K TMC ligands, which combines large chemical diversity with synthesizability. The charge and metal-coordination mode of the ligands were robustly defined with a novel algorithm based on graph and natural bond orbital theories. The tmQMg-L dataset was leveraged in the automated generation of 1.37M TMCs resulting from all possible combinations between a square planar palladium(II) scaffold and a pool of 50 different ligands. This TMC space was used to benchmark a multiobjective genetic algorithm (MOGA) that optimized two properties over a Pareto front; namely the polarizability (alpha) and the HOMO-LUMO gap (epsilon). The MOGA evolved 130 TMC hits with maximal (alpha, epsilon) values in a way that could be easily rationalized by analyzing the nature of the ligands selected. Instead of the traditional mutation and crossover of fragments within a single ligand, this MOGA implemented full-ligand genetic operations acting on all coordination sites, maximizing chemical diversity. Further, we extended this MOGA algorithm with the Pareto-Lighthouse functionality (PL-MOGA), which allows for controlling both the aim and scope of the multiobjective optimization over the Pareto front. In explicit spaces containing billions of TMCs, the PL-MOGA enabled the explainable generation of thousands of novel and highly diverse TMC hits. We believe that the combined use of the tmQMg-L dataset and PL-MOGA algorithm will facilitate the discovery of TMCs with optimal properties within untapped chemical spaces.",2023-09-25T10:09:51.791Z,10.26434/chemrxiv-2023-k3tf2-v2
540,"Hybrid, Interpretable Machine Learning for Thermodynamic Property Estimation using Grammar2vec for Molecular Representation","Property prediction models have been developed for several decades with varying degrees of performance and complexity, from the group contribution-based methods to molecular simulations-based methods. An interesting issue in this area is finding an appropriate representation of molecules inherently suited for the property modeling problem. Here, we propose Grammar2vec, a SMILES grammar-based framework for generating dense, numeric molecular representations. Grammar2vec embeds molecular structural information contained in the grammar rules underlying SMILES string representations of molecules. We use Grammar2vec representations to build machine learning-based models for estimating normal boiling point (Tb) and critical temperature (Tc) and benchmark their performance against the popularly used group contribution (GC)-based methods. To ensure interpretability of the developed ML model, we perform a Shapley values-based analysis to estimate feature importance and simplify (or prune) the trained model.",2022-04-18T08:35:27.247Z,10.26434/chemrxiv-2022-wwsw7
541,MEMES: Machine learning framework for Enhanced MolEcular Screening,"In drug discovery applications, high throughput virtual screening exercises are routinely performed to determine an initial set of candidate molecules referred to as ""hits"". In such an experiment, each molecule from large small-molecule drug library is evaluated for physical property such as the docking score against a target receptor. In real-life drug discovery experiments, the drug libraries are extremely large but still a minor representation of the essentially infinite chemical space, and evaluation of physical property for each molecule in the library is not computationally feasible. In the current study, a novel Machine  learning  framework  for  Enhanced  MolEcular  Screening (""MEMES"") based on Bayesian optimization is proposed for efficient sampling of chemical space. The proposed framework is demonstrated to identify 90% of top-1000 molecules from a molecular library of size about 100 million, while calculating the docking score only for about 6% of the complete library. We believe that such a framework would tremendously help to reduce the computational effort in not only drug-discovery but also areas that require such high-throughput experiments. ",2021-07-15T09:35:11.662Z,10.26434/chemrxiv-2021-nr0vn-v2
542,Machine Learning Guides Peptide Nucleic Acid Flow Synthesis and Sequence Design,"Peptide nucleic acids (PNAs) are potential antisense therapies for genetic, acquired, and viral diseases. Efficiently selecting candidate PNA sequences for synthesis and evaluation from a genome containing hundreds to thousands of options can be challenging. To facilitate this process, we leverage here machine learning (ML) algorithms and automated synthesis technology to predict PNA synthesis efficiency and guide rational PNA sequence design. The training data was collected from individual fluorenylmethyloxycarbonyl (Fmoc) deprotection reactions performed on a fully automated PNA synthesizer.  Our optimized ML model allows for 93% prediction accuracy and 0.97 Pearson’s r. The predicted synthesis scores were validated to be correlated with the experimental HPLC crude purities (correlation coefficient R2 = 0.95). Furthermore, we demonstrated a general applicability of ML through designing synthetically accessible antisense PNA sequences from 102,315 predicted candidates targeting exon 44 of the human dystrophin gene, SARS-CoV-2, HIV, as well as selected genes associated with cardiovascular diseases, type II diabetes, and various cancers. Collectively, ML provides an accurate prediction of PNA synthesis quality and serves as a useful computational tool for rational PNA sequence design.",2021-10-05T11:42:08.535Z,10.26434/chemrxiv-2021-dr3mf
543,From Theory to Experiment: Transformer-Based Generation Enables Rapid Discovery of Novel Reactions,"Deep learning methods have been proven their potential roles in the chemical field, such as reaction prediction and retrosynthesis analysis. However, the de novo generation of unreported reactions using artificial intelligence technology remains not be completely explored. Inspired by molecular generation, we proposed the task of novel reaction generation. In this work, we applied the Heck reactions to train the transformer model, state-of-art natural language process model and obtained 4717 generated reactions after sampling and processing. We then confirmed that 2253 novel Heck reactions by organizing chemists to judge the generated reactions, and adopted organic synthesis experiment to verify the feasibility of unreported reactions. In this process, it only took 15 days from Heck reaction generation to experimental verification, proving that our model learns reaction rules in-depth and can make great contributions in the novel reaction discovery.",2021-08-10T07:55:28.967Z,10.26434/chemrxiv-2021-c192z-v2
544,Modeling molecular ensembles with gradient-domain machine learning force fields,"Gradient-domain machine learning (GDML) force fields have shown excellent accuracy, data efficiency, and applicability for molecules with hundreds of atoms, but the employed global descriptor limits transferability to ensembles of molecules. Many-body expansions (MBEs) should provide a rigorous procedure for size-transferable GDML by training models on fundamental n-body interactions. We developed many-body GDML (mbGDML) force fields for water, acetonitrile, and methanol by training 1-, 2-, and 3-body models on only 1000 MP2/def2-TZVP calculations each. Our mbGDML force field includes intramolecular flexibility and intermolecular interactions, providing that the reference data adequately describe these effects. Energy and force predictions of clusters containing up to 20 molecules are within 0.38 kcal/mol per monomer and 0.06 kcal/(mol Å) per atom of reference supersystem calculations. This deviation partially arises from the restriction of the mbGDML model to 3-body interactions. GAP and SchNet in this MBE framework achieved similar accuracies but occasionally had abnormally high errors up to 17 kcal/mol. NequIP trained on total energies and forces of trimers experienced much larger energy errors (at least 15 kcal/mol) as the number of monomers increased—demonstrating the effectiveness of size transferability with MBEs. Given these approximations, our automated mbGDML training schemes also resulted in fair agreement with reference radial distribution functions (RDFs) of bulk solvents. These results highlight mbGDML as valuable for modeling explicitly solvated systems with quantum-mechanical accuracy.",2023-05-03T08:26:21.753Z,10.26434/chemrxiv-2023-wdd1r-v2
545,Exploring the Chemical Space of the Exposome: How Far Have We Gone?,"Around two-thirds of chronic human disease is not explainable by genetics alone. The Lancet Commission on Pollution and Health estimates that 16% of global premature deaths are linked to pollution. Additionally, it is now thought that humankind has surpassed the safe planetary operating space for introducing human-made chemicals into the Earth System. Direct and indirect exposure to a myriad of chemicals, known and unknown, poses a significant threat to biodiversity and human health, from vaccine efficacy to the rise of antimicrobial resistance as well as autoimmune diseases, and mental health disorders. The exposome chemical space remains largely uncharted due to the sheer number of possible chemical structures, estimated at over 10^60 unique forms. Conventional methods have cataloged only a fraction of the exposome, overlooking transformation products and often yielding uncertain results. In this perspective we have reviewed the latest efforts in mapping the exposome chemical space and its sub-spaces. We also provide our view on how the integration of data driven approaches might be able to bridge the identified gaps. ",2024-03-11T08:16:06.437Z,10.26434/chemrxiv-2024-1l0x0
546,Potential Inhibitors for Novel Coronavirus Protease Identified by Virtual Screening of 606 Million Compounds,"The rapid outbreak of the novel severe acute respiratory syndrome coronavirus 2 (SARS-CoV-2) in China followed by its spread around the world poses a serious global concern for public health with almost 90000 people infected and thousands of fatalities. To conquer viral infections, the inhibition of proteases essential for proteolytic processing of viral polyproteins is a conventional therapeutic strategy. To this date, no specific drugs or vaccines are available to treat SARS-CoV-2 despite its close relation to the SARS-CoV-1 virus that caused a similar epidemic in 2003. Thus, there remains an urgent need for the development of specific antiviral therapeutics to conquer SARS-CoV-2. In order to find novel inhibitors, we computationally screened a compound library of over 687 million compounds for binding at the recently solved crystal structure of the main protease of SARS-CoV-2. A screening of such a vast chemical space for SARS-CoV-2 protease inhibitors has not been reported before. After shape screening, two docking protocols were applied followed by the determination of pharmacokinetically relevant molecular descriptors to narrow down the initial hits. Next, molecular dynamics simulations were conducted to validate the stability of docked binding modes and comprehensively quantify ligand binding energies. After evaluation of off-target binding, we report a list of 11 drug-like compounds with improved binding free energy to the target protease in contrast to the cocrystallized peptidomimetic lead compound that suffers from poor pharmacokinetic properties. Furthermore, we identified one potent binder with comparable properties from the natural compound library.",2020-04-20T04:54:48.000Z,10.26434/chemrxiv.11923239.v2
547,Thermodynamics of Water and Ice from a Fast and Scalable First-Principles Neuroevolution Potential,"Machine learning potentials enable molecular dynamics simulations to exceed the size and time scales that can be accessed by first-principles methods like density functional theory, while still maintaining the accuracy of the underlying training dataset. However, accurate machine learning potentials come with relatively high computational costs that limit their ability to predict properties requiring extensive sampling, large simulation cells, or long runs to converge.  Here, we have developed and tested a neuroevolution-potential model for water trained to hybrid dispersion-corrected density functional calculations. This model exhibits accuracy and transferability comparable to state-of-the-art machine learning potentials but at a much lower computational cost. As a result, it enabled us to compute well-converged thermodynamics averages and fluctuations.  This allowed us to assess the ability of our model to reproduce several thermodynamic properties of water and ice, as well as the anomalous behavior of water density, heat capacity, and compressibility. The efficient GPU acceleration of our model and its capability to reproduce water thermodynamics in good agreement with experiments make it suitable for simulating phase transitions and slow dynamical processes in aqueous systems. ",2023-10-18T11:57:29.720Z,10.26434/chemrxiv-2023-sr496
548,PhotoCat: An Artificial Intelligence-Driven Synthesis Planning Platform for Photocatalysis,"Photocatalysis is becoming increasingly important in modern chemistry for efficient multicomponent one-pot synthesis. However, predicting the results of photocatalytic reactions using artificial intelligence remains challenging, mostly due to the insufficient number of photocatalytic reactions and the incomplete information on reaction conditions in existing reaction databases. In this study, we curated the Photocatalysis Database (PhotoCatDB), which consists of 6,523 photocatalytic reactions (of which 6,175 are multicomponent) containing reaction condition information such as photocatalysts, bases or acids, additives, and solvents. Before adding reaction conditions to the training data, the attention-based deep learning model PhotoCat pre-trained on USPTO and fine-tuned on PhotoCatDB had a Top-1 accuracy of 78.16%, which was 77.70% higher than the same model trained only on the USPTO database and 14.53% higher than the model fine-tuned by the photocatalytic reactions from Reaxys. After adding reaction conditions to the training data, the Top-1 accuracy of PhotoCat was further increased to 82.25%. In addition, the interpretability of the model was reflected in its attention weights, which can infer the model’s understanding of photocatalytic chemistry. Furthermore, five previously unreported photocatalytic reactions predicted by PhotoCat were successfully validated by wet-lab experiments, demonstrating the potential of the model in identifying and verifying novel photocatalysis reactions of real-world significance.",2023-09-12T12:40:09.657Z,10.26434/chemrxiv-2023-cc43d-v2
549,A Flexible Theory for Catalysis: Learning Alkaline Oxygen Reduction on Complex Solid Solutions within the Ag-Pd-Pt-Ru Composition Space,"Compositionally complex materials such as high-entropy alloys and oxides have the potential to be efficient platforms for catalyst discovery because of the vast chemical space spanned by these novel materials. Identifying the composition of the most active catalyst materials, however, requires unraveling the descriptor-activity relationship, as experimental screening the multitude of possible element ratios quickly becomes a daunting task. In this work, we show that inferred adsorption energy distributions of *OH and *O on complex solid solution surfaces within the space spanned by the system Ag-Pd-Pt-Ru are coupled to the experimentally observed electrocatalytic performance for the oxygen reduction reaction. In total, the catalytic activity of 1582 alloy compositions is predicted with a cross-validated mean absolute error of 0.042 mA/cm2 by applying a theory-derived model with only two adjustable parameters. Trends in the discrepancies between predicted electrochemical performance values of the model and the measured values on thin film surfaces subsequently provide insight into the alloys’ surface compositions during reaction conditions. Bridging this gap between computationally modeled and experimentally observed catalytic activities, not only reveals insight into the underlying theory of catalysis but also takes a step closer to realizing exploration and exploitation of high-entropy materials.",2023-05-09T12:54:56.726Z,10.26434/chemrxiv-2023-szl7b
550,Improving Molecular Design by Stochastic Iterative Target Augmentation,"Generative models in molecular design tend to be richly parameterized, data-hungry neural models, as they must create complex structured objects as outputs. Estimating such models from data may be challenging due to the lack of sufficient training data. In this paper, we propose a surprisingly effective self-training approach for iteratively creating additional molecular targets. We first pre-train the generative model together with a simple property predictor. The property predictor is then used as a likelihood model for filtering candidate structures from the generative model. Additional targets are iteratively produced and used in the course of stochastic EM iterations to maximize the log-likelihood that the candidate structures are accepted. A simple rejection (re-weighting) sampler suffices to draw posterior samples since the generative model is already reasonable after pre-training. We demonstrate significant gains over strong baselines for both unconditional and conditional molecular design. In particular, our approach outperforms the previous state-of-the-art in conditional molecular design by over 10% in absolute gain.",2020-02-12T12:12:13.000Z,10.26434/chemrxiv.11839230.v1
551,Deep Generative Model for the Dual-Objective Inverse Design of Metal Complexes,"Deep generative models yielding transition metal complexes (TMCs) remain scarce despite the key role of these compounds in industrial catalytic processes, anticancer therapies, and energy transformations. Compared to drug discovery within the organic molecular space, TMCs pose further challenges including the encoding of chemical bonds of higher complexity and the optimization of multiple properties, in a context in which synthesizability is affected by additional, complex factors. In this work, we developed a junction tree variational autoencoder (JT-VAE) model for the generation of metal ligands. After implementing a SMILES-based encoding of the metal–ligand bonds, the model was trained with the tmQMg-L ligand library, allowing for the random generation of thousands of monodentate and bidentate ligands with full validity and high novelty. The generated ligands were labeled with two target properties of the associated [IrL4]+ and [IrL2]+ homoleptic TMCs; namely the HOMO-LUMO gap (ϵ) and the metal charge (qIr), both computed at a DFT level. This data was used to implement a conditional JT-VAE model generating ligands from a prompt, with the single or dual objective of optimizing either one or both properties in Y = (ϵ, qIr). Conditional ligand generation was able to navigate both central and extreme regions of this bidimensional property space, allowing for chemical interpretation based on the step-wise analysis of the decoded optimization trajectories.",2024-05-29T07:53:03.066Z,10.26434/chemrxiv-2024-mzs7b
552,"Finding Potent Inhibitors Against SARS-CoV-2 Main Protease Through Virtual Screening, ADMET, and Molecular Dynamic Simulation Studies",We have performed vitual screening of 1000 ligands and identified 9 compounds that can potentially inhibit SARS-CoV-2 3CLpro. This docking study is further complemented by the MD/MMGBSA study.<br />,2020-07-24T09:52:58.000Z,10.26434/chemrxiv.12702215.v1
553,Is Domain Knowledge Necessary for Machine Learning Materials Properties?,"<div>New methods for describing materials as vectors in order to predict their properties using machine learning are common in the field of material informatics. However, little is known about the comparative efficacy of these methods. This work sets out to make clear which featurization methods should be used across various circumstances. Our findings include, surprisingly, that simple one-hot encoding of elements can be as effective as traditional and new descriptors when using large amounts of data. However, in the absence of large datasets or data that is not fully representative we show that domain knowledge offers advantages in predictive ability.</div><div><br /></div>",2020-02-21T11:17:54.000Z,10.26434/chemrxiv.11879193.v1
554,Data-driven design of porphyrin photocatalysts using deep  transfer learning from quantum chemical databases,"Metalloporphyrins and Porphyrins (MpPs) have received increasing attention as potential photocatalysts for hydrogen and oxygen evolution and the reduction of carbon dioxide (CO2). Recent studies have found that both HOMO/LUMO energy levels and energy gaps are important factors controlling the performance of MpPs photocatalysts. Since pure quantum chemistry methods consume a large amount of computational resources and cannot learn directly from previously accumulated data, in this study, we proposed a deep transfer learning approach to rapidly predict the HOMO/LUMO energy levels and energy gaps based on two quantum chemistry databases. To complement the open-source Porphyrin-based Dyes Database (PBDD), which contains porphyrin structures designed as photosensitizers, we curated a new database, the Metalloporphyrins and Porphyrins Database (MpPD), in which MpPs were specifically designed as potential photocatalysts. We also adapted two state-of-the-art chemical deep learning models to accommodate more complex systems of MpPs. The PorphyBERT model and PorphyDMPNN model, both pretrained with PBDD and fine-tuned with MpPD, performed satisfactorily in predicting HOMO/LUMO level and energy gap. We concluded the paper by recommending 14 MpPs as potential photocatalysts for CO2 reduction, whose structures have similar value in out-of-sample model prediction and DFT calculations.",2022-11-15T07:22:51.724Z,10.26434/chemrxiv-2022-2k21j
555,"Molecular Docking of Secondary Metabolites from Psidium guajava L. and Piper nigrum L. to COVID-19 Associated Receptors ACE2, Spike Protein RBD, and TMPRSS2","The SARS-CoV-2 virus has spread worldwide, affecting millions, and showing no signs of slowing down or stopping. Secondary metabolites have been important sources of medicine for millennia. In this study, the secondary metabolites of Psidium guajava L. and Piper nigrum L. were screened for binding to three key coronavirus disease (COVID-19) associated proteins, namely, the viral spike protein, its target ACE2, and its primer TMPRSS2. Through molecular docking, the compounds isoquercetin, terpinyl acetate, morin-3-O-lyxoside, guineensine and brachyamide A were found to have considerable binding to these three receptors. With almost benign ADME-Tox profiles and energetically favorable binding, the secondary metabolite compounds caryophyllene, terpinyl acetate, morin and morin glycosides may be considered for assays, further development, and clinical investigations.",2020-08-27T13:23:26.000Z,10.26434/chemrxiv.12867350.v1
556,"Development of Range-Corrected Deep Learning Potentials for Fast, Accurate Quantum Mechanical/molecular Mechanical Simulations of Chemical Reactions in Solution","We develop a new Deep Potential - Range Correction (DPRc) machine learning potential for combined quantum mechanical/molecular mechanical (QM/MM) simulations of chemical reactions in the condensed phase. The new range correction enables short-ranged QM/MM interactions to be tuned for higher accuracy, and the correction smoothly vanishes within a specified cutoff. We further develop an active learning procedure for robust neural network training. We test the DPRc model and training procedure against a series of 6 non-enzymatic phosphoryl transfer reactions in solution that are important in mechanistic studies of RNA-cleaving enzymes. Specifically, we apply DPRc corrections to a base QM model and test its ability to reproduce free energy profiles generated from a target QM model. We perform comparisons using the MNDO/d and DFTB2 semiempirical models because they produce free energy profiles which differ significantly from each other, thereby providing us a rigorous stress test for the DPRc model and training procedure. The comparisons show that accurate reproduction of the free energy profiles requires correction of the QM/MM interactions out to 6 Å. We further find that the model's initial training benefits from generating data from temperature replica exchange simulations and including high-temperature configurations into the fitting procedure so the resulting models are trained to properly avoid high-energy regions. A single DPRc model was trained to reproduce 4 different reactions and yielded good agreement with the free energy profiles made from the target QM/MM simulations. The DPRc model was further demonstrated to be transferable to 2D free energy surfaces and 1D free energy profiles that were not explicitly considered in the training. Examination of the computational performance of the DPRc model showed that it was fairly slow when run on CPUs, but was sped up almost 100-fold when using an NVIDIA V100 GPUs, resulting in almost negligible overhead. The new DPRc model and training procedure provide a potentially powerful new tool for the creation of next-generation QM/MM potentials for a wide spectrum of free energy applications ranging from drug discovery to enzyme design.<br />",2021-02-26T13:26:07.000Z,10.26434/chemrxiv.14120447.v1
557,Quantum Magnifying Glass for Chemistry at the Nanoscale,"Nanoscopic systems exhibit diverse molecular substructures by which they facilitate spe- cific functions. Theoretical models of them, which aim at describing, understanding, and predicting these capabilities, are difficult to build. Viable quantum-classical hybrid mod- els come with specific challenges regarding atomistic structure construction and quantum region selection. Moreover, if their dynamics are mapped onto a state-to-state mecha- nism such as a chemical reaction network, its exhaustive exploration will be impossible due to the combinatorial explosion of the reaction space. Here, we introduce a quantum magnifying glass that allows one to interactively manipulate nanoscale structures at the quantum level. The quantum magnifying glass seamlessly combines autonomous model parametrization, ultra-fast quantum mechanical calculations, and automated reaction ex- ploration. It represents a unique approach to investigate complex reaction sequences in a physically consistent manner with unprecedented effortlessness in real time. We demon- strate these features for reactions in bio-macromolecules and metal-organic frameworks, diverse systems that highlight general applicability.",2023-10-03T07:21:43.611Z,10.26434/chemrxiv-2023-t10sc
558,CrabNet for explainable deep learning in materials science: bridging the gap between academia and industry,"Despite recent breakthroughs in deep learning for materials informatics, there exists a disparity between their popularity in academic research and their limited adoption in the industry. A significant contributor to this “interpretability-adoption gap” is the prevalence of black-box models and the lack of built-in methods for model interpretation. While established methods for evaluating model performance exist, an intuitive understanding of the modeling and decision-making processes in models is nonetheless desired in many cases. In this work, we demonstrate several ways of incorporating model interpretability to the structure-agnostic Compositionally Restricted Attention-Based network, CrabNet. We show that CrabNet learns meaningful, material property-specific element representations based solely on the data with no additional supervision. These element representations can then be used to explore element identity, similarity, behavior, and interactions within different chemical environments. Chemical compounds can also be uniquely represented and examined to reveal clear structures and trends within the chemical space. Additionally, visualizations of the attention mechanism can be used in conjunction to further understand the modeling process, identify potential modeling or dataset errors, and hint at further chemical insights leading to a better understanding of the phenomena governing material properties. We feel confident that the interpretability methods introduced in this work for CrabNet will be of keen interest to materials informatics researchers as well as industrial practitioners alike. ",2021-10-21T06:35:31.130Z,10.26434/chemrxiv-2021-b8ncl
559,Evaluating Polymer Representations via Quantifying Structure-Property Relationships,"Machine learning techniques are being applied in quantifying structure-property relationships for a wide variety of materials, where the properly representing materials plays key roles. Although algorithms for representation learning are extensively studied, their applications to domain-specific areas, such as polymer, are limited largely due to the lack of benchmark databases. In this work, we investigate different types of polymer representations, including Morgan Fingerprint (MF), molecular embedding (ME) and molecular graph (MG), based on a benchmark database from a subset of PolyInfo. We evaluate the quality of different polymer representations via quantifying the relationships between the representations and polymer properties, including density, melting temperature and glass transition temperature. Different representation learning schemes, such as supervised learning, semi-supervised learning and transfer learning, are investigated. It is found that ME outperforms the other representations for structure-property relationship quantification in all cases studied, and MG is shown to be much inferior than ME and MF, likely due to the relatively small volumes of training data available. For MEs, it is found that the similarities of substructure MEs under different learning schemes (e.g., SL, SSL and TL) are differently estimated, thus leading to different performance scores in structure-property relation quantification. Several ME mixtures have shown to outperform the single MEs in the corresponding regression tasks, and this is attributed to the information gain when mixing different ME.",2019-05-02T18:22:59.000Z,10.26434/chemrxiv.8060000.v1
560,Navigating through the Maze of Homogeneous Catalyst Design with Machine Learning,"<div><div><div><p>The ability to forge difficult chemical bonds through catalysis has transformed society on all fronts, from feeding our ever-growing populations to increasing our life-expectancies through the synthesis of new drugs. However, developing new chemical reactions and catalytic systems is a tedious task that requires tremendous discovery and optimization efforts. Over the past decade, advances in machine learning have revolutionized a whole new way to approach data- intensive problems, and many of these developments have started to enter chemistry. However, similar progress in the field of homogenous catalysis are only in their infancy. In this article, we want to outline our vision for the future of catalyst design and the role of machine learning to navigate this maze.</p></div></div></div>",2020-08-12T15:07:00.000Z,10.26434/chemrxiv.12786722.v1
561,"An invertible, invariant crystallographic representation for inverse design of solid-state materials using generative deep learning","The past decade has witnessed rapid progress in deep learning for molecular design, owing to the availability of invertible and invariant representations for molecules such as simplified molecular-input line-entry system (SMILES), which has powered cheminformatics since the late 1980s. However, the design of elemental components and their structural arrangement in solid-state materials to achieve certain desired properties is still a long-standing challenge in physics, chemistry and biology. This is primarily due to, unlike molecular inverse design, the lack of an invertible crystallographic representation that satisfies symmetry invariances. To address this issue, we have developed a simplified line-input crystal-encoding system (SLICES), which is a string-based crystallographic representation that satisfies both invertibility and symmetry invariances. SLICES successfully reconstructed 94.95% of over 40,000 structurally and chemically diverse crystal structures, showcasing an unprecedented invertibility. Furthermore, by only encoding compositional and topological data, SLICES guarantees symmetry invariances. We demonstrate the application of SLICES in the inverse design of direct narrow-gap semiconductors for optoelectronic applications. As a string-based, invertible, invariant and efficient crystallographic representation, SLICES has the potential to become a standard tool for in-silico materials discovery.",2023-05-22T11:33:39.388Z,10.26434/chemrxiv-2023-h4426
562,New star-shaped ligands generated by evolutionary fitting the Omicron spike inner-cavity,"Predictions  generated by evolutionary docking of star-shaped ligands targeting the prefusion state of Omicron variants are described here. For this, one selected star-shaped molecule previously identified with the seeSAR program, was used as parent to randomly generate made-on-demand large children libraries evolutionary selected for best fitting to the Omicron spike top-to-bottom inner-cavity with the DataWarrior subprogram. The generated children docking-scores were consensed by AutoDockVina ranks normalized by molecular size and hydrophobicity.  These explorations identified one new main chemotype and variants with improved specificity and exceptional nanomolar affinities, predicting aqueous soluble molecules targeting the prefusion state of Omicron spike inner-cavity of trimeric alpha-helices.    ",2023-04-25T11:42:53.397Z,10.26434/chemrxiv-2023-v8gqj
563,CURATOR: Building Robust Machine Learning Potentials for Atomistic Simulations Autonomously with Batch Active Learning,"To enable fast, resource efficient development and broad scale deployment of of high accuracy Machine-Learned Interatomic Potentials (MLIPs) with minimum expert involvement, we introduce CURATOR, an autonomous batch active learning workflow for constructing MLIPs. CURATOR integrates state of the art models, uncertainty quantification techniques, batch selection algorithms with user defined labeling and chemical-structure space exploration methods for data and compute efficient active learning. We also developed a novel efficient gradient computation method that calculates forces and stress based on the energy derivative with respect to accelerate CURATOR. Our evaluation across different chemical systems demonstrates that CURATOR considerably reduces the computational resources and time required to develop reliable MLIPs. In practical applications in novel complex materials and interfaces, CURATOR shows promising results, underscoring its potential in accelerating materials discovery. The flexibility and efficiency of CURATOR mark a significant advancement in the field of computational materials science, paving the way for more efficient and larger time-length scale atomistic simulations.",2024-02-16T10:52:03.999Z,10.26434/chemrxiv-2024-p5t3l
564,"Reactants, Products, and Transition States of Elementary Chemical Reactions Based on Quantum Chemistry","Reaction times, activation energies, branching ratios, yields, and many other quantitative attributes are important for precise organic syntheses and generating detailed reaction mechanisms. Often, it would be useful to be able to classify proposed reactions as fast or slow. However, quantitative chemical reaction data, especially for atom-mapped reactions, are difficult to find in existing databases. Therefore, we used automated potential energy surface exploration to generate 12,000 organic reactions involving H, C, N, and O atoms calculated at the ωB97X-D3/def2-TZVP quantum chemistry level. We report the results of geometry optimizations and frequency calculations for reactants, products, and transition states of all reactions. Additionally, we extracted atom-mapped reaction SMILES, activation energies, and enthalpies of reaction. We believe that this data will accelerate progress in automated methods for organic synthesis and reaction mechanism generation—for example, by enabling the development of novel machine learning models for quantitative reaction prediction.",2020-04-01T06:34:21.000Z,10.26434/chemrxiv.11400240.v2
565,MolPipeline : A python package for processing molecules with RDKit in scikit-learn,"The open-source package scikit-learn provides various machine learning algorithms and data processing tools, including the Pipeline class, which allows users to prepend custom data transformation steps to the machine learning model. We introduce the MolPipeline package, which extends this concept to chemoinformatics by wrapping default functionalities of RDKit, such as reading and writing SMILES strings or calculating molecular descriptors from a molecule object. We aimed to build an easy-to-use Python package to create completely automated end-to-end pipelines that scale to large data sets. Particular emphasis was put on handling erroneous instances, where resolution would require manual intervention in default pipelines. In addition, we included common cheminformatics tasks, like scaffold splits and molecular standardization, natively in the pipeline framework and adaptable for the needs of various projects.    ",2024-04-19T07:05:41.748Z,10.26434/chemrxiv-2024-kd11b
566,Exhaustive local chemical space exploration using a transformer model,"How many near-neighbors does a molecule have? This is a simple, fundamental, but unsolved question in chemistry. It is key for solving many important molecular optimization problems, for example in lead optimization in drug discovery under the similarity principle assumption. Generative models can sample virtual molecules from a vast theoretical chemical space, but so far have lacked explicit knowledge about molecular similarity. This means that a generative model needs to be guided by reinforcement learning or another learning mechanism to be able to sample a relevant similar chemical space. Correspondingly the generative model provide no mechanism for quantifying how completely it can sample a particular region of the chemical space. To overcome these limitations, a novel source-target molecular transformer model is proposed, regularized via a similarity kernel function. It has been trained on, to the best of our knowledge, the largest data set of molecular pairs so far consisting of ≥ billion pairs. The regularization  term enforces a direct relationship between the probability of generating a target molecule and its similarity to a given source molecule. The model is able to systematically sample compounds ordered by their probability and accordingly by their similarity. In combination with a deterministic sampling strategy, beam search, it is possible for the first time to comprehensively explore the near-neighborhood around a specific compound. Our results show that the regularization term helps to substantially improve the correlation between the probability of generating a target molecule and its similarity to the source molecule. The trained transformer model is able to exhaustively sample a near-neighborhood around a given drug-like molecule.",2024-05-22T04:55:47.318Z,10.26434/chemrxiv-2023-v25xb-v2
567,Assessing Deep Generative Models in Chemical Composition Space,"The computational discovery of novel materials has been one of the main motivations behind research in theoretical chemistry for several decades. Despite much effort, this is far from a solved problem, however. Among other reasons, this is due to the enormous space of possible structures and compositions that could potentially be of interest. In the case of inorganic materials, this is exacerbated by the combinatorics of the periodic table, since even a single crystal structure can in principle display millions of compositions. Consequently, there is a need for tools that enable a more guided exploration of the materials design space. Here, generative machine learning (ML) models have recently emerged as a promising technology. In this work, we assess the performance of a range of deep generative models based on Reinforcement Learning (RL), Variational Autoencoders (VAE) and Generative Adversarial Networks (GAN) for the prototypical case of designing Elpasolite compositions with low formation energies. By relying on the fully enumerated space of 2~million main group Elpasolites, the precision, coverage and diversity of the generated materials is rigorously assessed. Additionally, a hyperparameter selection scheme for generative models in chemical composition space is developed.",2022-07-06T11:29:47.484Z,10.26434/chemrxiv-2022-glxvs
568,Modelling ligand exchange in metal complexes with machine learning potentials,"Metal ions are irreplaceable in many areas of chemistry, including (bio)catalysis, self-assembly and charge transfer processes.  Yet, modelling their structural and dynamic properties in diverse chemical environments remains challenging for both force fields and ab initio methods. Here, we introduce a strategy to train machine learning potentials (MLPs) using MACE, an equivariant message-passing neural network, for metal-ligand complexes in explicit solvents. We explore the structure and ligand exchange dynamics of Mg2+ in water and Pd2+ in acetonitrile as two illustrative model systems. The trained potentials accurately reproduce equilibrium structures of the complexes in solution, including different coordination numbers and geometries. Furthermore, the MLPs can model structural changes between metal ions and ligands in the first coordination shell, and reproduce the free energy barriers for the corresponding ligand exchange. The strategy presented here provides a computationally efficient approach to model metal ions in solution, paving the way for modelling larger and more diverse metal complexes relevant to biomolecules and supramolecular assemblies. ",2024-06-28T10:52:49.356Z,10.26434/chemrxiv-2024-6lvk7
569,Molecular Docking Studies of Aromatherapy Oils Against SARS-COV-2,"<div>Emerging from Wuhan, China in December 2019, the SARS-CoV-2 virus has spread rapidly, prompting an immediate international response to contain the disease. In this paper, the most abundant volatile compounds in household aromatherapy ointments, namely, methyl salicylate, eucalyptol, α-pinene, menthol, camphor, linalool, and trans-pinocarveol were docked to key structures in SARS-CoV-2 invasion: its spike protein, and the human ACE2 and TMPRSS2 proteins. Based on the molecular docking results, the essential oil compounds methyl salicylate, eucalyptol, and α-pinene exhibit favorable binding to ACE2 and spike proteins. These compounds may be considered for clinical investigation.</div>",2020-08-27T13:26:23.000Z,10.26434/chemrxiv.12867308.v1
570,Bond dissociation energies of X−H bonds in proteins,"Knowledge of reliable X−H bond dissociation energies (X = C, N, O, S) for amino acids in proteins is key for studying the radical chemistry of proteins. X−H bond dissociation energies of model dipeptides were computed using the isodesmic reaction method at the BMK/6-31+G(2df,p) and G4(MP2)-6X levels of theory. The density functional theory values agree well with the composite- level calculations. By this high level of theory, combined with a careful choice of reference compounds and peptide model systems, our work provides a highly valuable data set of bond dissociation energies with unprecedented accuracy and comprehensiveness. It will likely prove useful to predict protein biochemistry involving radicals, e.g., by machine learning.",2022-11-24T09:13:40.768Z,10.26434/chemrxiv-2022-d7lcs-v2
571,LigandDiff: 3D Transition Metal Complex Generation with Diffusion Models,"Transition metal complexes are a class of compounds with varied and versatile properties making them of great technological importance. Their applications cover a wide range of fields, either as metallodrugs in medicine or as materials, catalysts, batteries, solar cells, etc. The demand for the novel design of transition metal complexes with new properties remains of great interest . However, the traditional high-throughput screening approach is inherently expensive and laborious since it depends on human expertise. Here, we present LigandDiff, a generative model to design novel transition metal complexes. Unlike the existing methods which simply extracts and combine ligands to the metal to get new complexes, LigandDiff aims at designing novel ligands from scratch, which opens new pathways for the discovery of organometallic complexes. Moreover, it overcomes the limitations of current methods where the diversity of new complexes highly relies on the diversity of available ligands while LigandDiff can enumerate novel ligands without human intervention. Our results indicate that LigandDiff designs unique and novel ligands under different contexts that are synthetically accessible. Moreover, LigandDiff shows good transferability by generating successful ligands for any transition metal complex. ",2024-02-13T12:08:56.050Z,10.26434/chemrxiv-2024-n7j2r
572,Charge Transfer Landscape Manifesting Structure-Rate Relationship in the Condensed Phase via Machine Learning,"In this work, we develop a machine learning (ML) strategy to map molecular structure to condensed-phase charge transfer (CT) properties including CT rate constants, energy levels, electronic couplings, energy gaps, reorganization energies, and reaction free energies, which are called CT fingerprints. The CT fingerprints of selected landmark structures covering the conformation space of an organic photovoltaic molecule dissolved in explicit solvent are computed and used to train ML models using kernel ridge regression. The ML models show high predictive power with R2>0.97, and both mean absolute error and root mean square error within chemical accuracy. The CT landscape for millions of molecular dynamics sampled structures is thus constructed, which allows for instant prediction of CT rate properties given any molecular structure. The unprecedented CT landscape will shed light on real-time CT dynamics in nanoscale and mesoscale condensed-phase systems, and the optimal fabrication design for homogeneous and heterogeneous optoelectronic devices.",2021-11-08T13:20:37.925Z,10.26434/chemrxiv-2021-fmlzp
573,Active Learning and Neural Network Potentials Accelerate Molecular Screening of Ether-based Solvate Ionic Liquids,"Solvate Ionic Liquids (SIL) have promising applications as electrolyte materials. Despite the broad design space of oligoether ligands, most reported SILs are based on simple tri- and tetraglyme. Here, we describe a computational search for complex ethers that can better stabilize SILs. Through active learning, a neural network interatomic potential is trained from density functional theory data. The learned potential fulfills two key requirements: transferability across composition space, and high speed and accuracy to find low-energy ligand-ion poses across configurational space. Candidate ether ligands for Li<sup>+</sup>, Mg<sup>+2</sup> and Na<sup>+</sup> SILs with higher binding affinity and electrochemical stability than the reference compounds are identified. Lastly, their properties are related to the geometry of the coordination sphere.",2020-05-18T13:24:08.000Z,10.26434/chemrxiv.12317465.v1
574,Binding modes of the KRAS(G12C) inhibitors GDC-6036 and LY3537982 revealed by all atom molecular dynamics simulations,"Almost 80 co-crystal structures of KRAS switch-II pocket (SII-P) targeting inhibitors are currently available in the RCSB Protein Data Bank. These publicly available structures are invaluable tools that have led to a more in-depth understanding of KRAS SII-P pocket, which is crucial for targeted drug design efforts. The binding modes (co-crystal structures) of two KRAS(G12C) inhibitors that have advanced to the clinical trials, GDC-6036 (divarasib) and LY3537982, are currently unavailable. Here, we reveal the putative binding modes of these two G12C inhibitors by utilizing the available structural data of analogous compounds and molecular dynamics (MD) simulations (total simulation time of 200 µs). Furthermore, we analyzed the energetical barrier related to their atropisomer interconversion by quantum mechanics (QM) calculations. Finally, biochemical assays supported our in silico observations, revealing remarkably high affinity for both inhibitors towards KRAS(G12C), which is, however, sacrificed by a co-mutation at Tyr96 (GDC-6036, LY3537982) or His95 (GDC-6036). ",2023-09-12T09:38:13.707Z,10.26434/chemrxiv-2023-mq2p7
575,Atomic Structure-free Representation of Active  Motifs for Expedited Catalyst Discovery,"For CO* and H* binding energy prediction, we develop new representation of catalyst surface which split surface into three types of site, first nearest neighbor of adsorbates and second nearest neighbor in same layer and sublayer. From this representation and machine learning regression model, we achieve reasonable accuracy (0.120 eV for CO* and 0.105 eV for H*) with quick training (~200 sec using CPU). Because our representation does not require density functional calculation and atomic structure modelling, it can predict binding energies of possible active motifs without time-consuming steps.",2021-05-12T10:16:42.000Z,10.26434/chemrxiv.14560581.v2
576,A reagent-driven visual method for analyzing chemical reaction data,"The increasing use of machine learning and artificial intelligence in chemical reaction studies demands high-quality reaction data, necessitating specialized tools enabling data understanding and cura- tion. Our work introduces a novel methodology for reaction data exploration centered on reagents — essential molecules in reactions that do not contribute atoms to products. We propose an intu- itive tool for creating interactive reagent space maps using distributed vector representations, akin to word2vec in Natural Language Processing, capturing the statistics of reagent usage within datasets. Our approach enables swift assessment of reaction type distributions, identification of alternative reagents, and detection of errors, which we demonstrate using the USPTO dataset. Our contributions include an open-source web application for visual reagent pattern analysis and a table cataloging around six hundred of the most frequent reagents in USPTO annotated with detailed roles. Accessible via GitHub at https://github.com/Academich/reagent_emb_vis, our method supports organic chemists and cheminformatics experts in navigating extensive reaction datasets efficiently. ",2024-01-24T13:26:47.502Z,10.26434/chemrxiv-2024-q9tc4
577,Discovery of Innovative Polymers for Next-Generation Gas-Separation Membranes using Interpretable Machine Learning,"Polymer membranes perform innumerable separations with far-reaching environmental implications. Despite decades of research on membrane technologies, design of new membrane materials remains a largely Edisonian process. To address this shortcoming, we demonstrate a generalizable, accurate machine-learning (ML) implementation for the discovery of innovative polymers with ideal separation performance. Specifically, multitask ML models are trained on available experimental data to link polymer chemistry to gas permeabilities of He, H2, O2, N2, CO2, and CH4. We interpret the ML models and extract chemical heuristics for membrane design, through Shapley Additive exPlanations (SHAP) analysis. We then screen over nine million hypothetical polymers through our models and identify thousands of candidates that lie well above current performance upper bounds. Notably, we discover hundreds of never-before-seen ultrapermeable polymer membranes with O2 and CO2 permeability greater than 104 and 105 Barrer, respectively, orders of magnitude higher than currently available polymeric membranes. These hypothetical polymers are capable of overcoming undesirable trade-off relationship between permeability and selectivity, thus significantly expanding the currently limited library of polymer membranes for highly efficient gas separations. High-fidelity molecular dynamics simulations confirm the ML-predicted gas permeabilities of the promising candidates, which suggests that many can be translated to reality.",2021-12-27T04:20:03.290Z,10.26434/chemrxiv-2021-p4g7z
578,Can Machine Learning Find Extraordinary Materials?,"<p>One of the most common criticisms of machine learning is an assumed inability for models to extrapolate, i.e. to identify extraordinary materials with properties beyond those present in the training data set. To investigate whether this is indeed the case, this work takes advantage of density functional theory calculated properties (bulk modulus, shear modulus, thermal conductivity, thermal expansion, band gap and Debye temperature) to investigate whether machine learning is truly capable of predicting materials with properties that extend beyond previously seen values. We refer to these materials as extraordinary, meaning they represent the top 1% of values in the available data set. Interestingly, we show that even when machine learning is trained on a fraction of the bottom 99% we can consistently identify 3/4 of the highest performing compositions for all considered properties with a precision that is typically above 0.5. Moreover, we investigate a few different modeling choices and demonstrate how a classification approach can identify an equivalent amount of extraordinary compounds but with significantly fewer false positives than a regression approach. Finally, we discuss cautions and potential limitations in implementing such an approach to discover new record-breaking materials.</p>",2019-08-09T14:57:14.000Z,10.26434/chemrxiv.9396623.v1
579,Bypassing Backmapping: Coarse-Grained Electronic Property Distributions Using Heteroscedastic Gaussian Processes,"We employ deep kernel learning electronic coarse-graining (DKL-ECG) with approximate Gaussian Processes as a flexible and scalable framework for learning heteroscedastic electronic property distributions as a smooth function of coarse-grained (CG) configuration. The appropriateness of the Gaussian prior on the predictive CG property distributions is justified as a function of CG model resolution by examining the statistics of the target distributions. The certainties of the predictive CG distributions are shown to be limited by CG model resolution, with DKL-ECG predictive noise converging to the intrinsic physical noise induced by the CG mapping operator for multiple chemistries. Further analysis of the resolution dependence of the learned CG property distributions allows for the identification of CG mapping operators that capture CG degrees of freedom with strong electron-phonon coupling. We further demonstrate the ability to construct the exact quantum chemical valence electronic density of states (EDOS), including behavior in the tails of the EDOS, from an entirely CG model by combining iterative boltzmann inversion and DKL-ECG. DKL-ECG provides a means of learning CG distributions of all-atom properties that are traditionally ``lost"" in CG model development, introducing a robust methodological alternative to backmapping algorithms commonly employed to recover all-atom property distributions from CG simulations.",2022-05-30T09:32:45.841Z,10.26434/chemrxiv-2022-16cj5
580,COATI: multi-modal contrastive pre-training for representing and traversing chemical space,"Creating a successful small molecule drug is a challenging multi-parameter optimization problem in an effectively infinite space of possible molecules. Generative models have emerged as powerful tools for traversing data manifolds comprised of images, sounds, and text, and offer an opportunity to dramatically improve the drug discovery and design process. To create generative optimization methods that are more useful than brute-force molecular generation and filtering via virtual screening, we propose that four integrated features are necessary: large, quantitative datasets of molecular structure and activity, an invertible vector representation of realistic accessible molecules, smooth and differentiable regressors that quantify uncertainty, and algorithms to simultaneously optimize properties of interest. Over the course of 12 months, Terray has collected a dataset of 2 billion quantitative binding measurements, which directly motivates multi-parameter generative optimization of molecules conditioned on this data. To this end, we present COATI, a pre-trained, multi-modal encoder-decoder model of druglike chemical space. COATI is constructed without any human biasing of features, using contrastive learning from text and 3D representations of molecules to allow downstream use with structural models. We demonstrate that COATI possesses many of the desired properties of a universal molecular embedding: fixed-dimension, invertibility, autoencoding, accurate regression, and low computation cost. Finally, we present a novel metadynamics algorithm for generative optimization using a small subset of our proprietary data collected for a model protein, Carbonic Anhydrase, designing molecules that satisfy the multi-parameter optimization task of potency, solubility, and druglikeness. This work sets the stage for fully-integrated generative molecular design and optimization for small molecules.",2023-08-25T11:49:24.139Z,10.26434/chemrxiv-2023-bdkgm
581,An Imbalance in the Force: The Need for Standardised Benchmarks for Molecular Simulation,"Force fields (FF) for molecular simulation have been under development for more than half a century. As with any predictive model, rigorous testing and comparisons of models critically depends on the availability of standardized datasets and benchmarks. While such benchmarks are rather common in the fields of quantum chemistry, this is not the case for empirical FFs. That is, few benchmarks are re-used to evaluate FFs and development teams rather use their own test sets. Here we present an overview of currently available tests and benchmarks for computational chemistry, focusing on organic compounds, including halogens and common ions, as FFs for these are the most common ones. We argue that many of the benchmark datasets from quantum chemistry can in fact be re-used for evaluating FFs, but new gas phase data is still needed for compounds containing phosphor and sulfur. In addition, more non- equilibrium energies and forces are needed for compounds with halogens, P and S. For the condensed phases there is a large body of experimental data available and tools to utilise these data in an automated fashion are under development. If FF developers, as well as researchers in artificial intelligence would adopt a number of these datasets it would become easier to compare the relative strengths and weaknesses of different models and to, eventually, restore the balance in the force.",2022-09-27T05:21:16.393Z,10.26434/chemrxiv-2022-ggzd3
582,Efficient Exploration of Chemical Space with Docking and Deep-Learning,"With the advent of make-on-demand commercial libraries, the number of purchasable compounds available for virtual screening and assay has grown explosively in recent years, with several libraries eclipsing one billion compounds. Today’s screening libraries are larger and more diverse, enabling discovery of more potent hit compounds and unlocking new areas of chemical space, represented by new core scaffolds. Applying physics-based in-silico screening methods in an exhaustive manner, where every molecule in the library must be enumerated and evaluated independently, is increasingly cost-prohibitive. Here, we introduce a protocol for machine learning-enhanced molecular docking based on active learning to dramatically increase throughput over traditional docking. We leverage a novel selection protocol that strikes a balance between two objectives: (1) Identifying the best scoring compounds and (2) exploring a large region of chemical space, demonstrating superior performance compared to a purely greedy approach. Together with automated redocking of the top compounds, this method captures nearly all the high scoring scaffolds in the library found by exhaustive docking. This protocol is applied to our recent virtual screening campaigns against the D4 and AMPC targets that produced dozens of highly potent, novel inhibitors, and a blinded test against the MT1 target. Our protocol recovers more than 80% of the experimentally confirmed hits with a 14-fold reduction in compute cost, and more than 90% of the hit scaffolds in the top 5% of model predictions, preserving the diversity of the experimentally confirmed hit compounds.",2021-03-04T12:08:23.000Z,10.26434/chemrxiv.14153819.v1
583,Accurate Electronic and Optical Properties of Organic Doublet Radicals Using Machine Learned Range-Separated Functionals,"Luminescent organic semiconducting doublet-spin radicals are unique and emergent optical materials because their fluorescent quantum yields (Φfl) are not compromised by the spin-flipping intersystem crossing (ISC) into a dark high-spin state. The multiconfigurational nature of these radicals challenges their electronic structure calculations in the framework of single-reference density functional theory  (DFT) and introduces room for method improvement. In the present study, we extended our earlier development of ML-ωPBE [J. Phys. Chem. Lett., 2021, 12, 9516], a range-separated hybrid (RSH) exchange–correlation (XC) functional constructed using the stacked ensemble machine learning (SEML) algorithm, from closed-shell organic semiconducting molecules to doublet-spin organic semiconducting radicals. We assessed its performance for a new test set of 64 doublet-spin radicals from five categories while placing all previously compiled 3,926 closed-shell molecules in the new training set. Interestingly, ML-ωPBE agrees with the first-principles OT-ωPBE functional regarding the prediction of the molecule-dependent range-separation parameter (ω), with a small mean absolute error (MAE) of 0.0197 bohr−1 but saves the computational cost by 2.46 orders of magnitude. This result demonstrates an outstanding domain adaptation capacity of ML-ωPBE for diverse organic semiconducting species. To further assess the predictive power of ML-ωPBE in experimental observables, we also applied it to evaluate absorption and fluorescence energies (Eabs and Efl), using linear-response time-dependent DFT (TDDFT) and compared its behavior with nine popular XC functionals. For most radicals, ML-ωPBE reproduces experimental measurements of Eabs and Efl with small MAEs of 0.299 and 0.254 eV, only marginally different from OT-ωPBE. Our work illustrates a successful extension of the SEML framework from closed-shell molecules to doublet-spin radicals and will open the venue for calculating optical properties for organic semiconductors using single-reference TDDFT.",2024-02-12T05:54:57.616Z,10.26434/chemrxiv-2023-zdh13-v5
584,CosolvKit: a versatile tool for cosolvent MD preparation and analysis,"Cosolvent molecular dynamics (MD) are an increasingly popular form of simulations where small molecule cosolvents are added to water-solvated protein systems. These simulations can perform diverse target characterization tasks, including cryptic and allosteric pocket identification and pharmacophore profiling, and supplement suites of enhanced sampling methods to explore protein conformational landscapes. The behavior of these systems is tied to the cosolvents used, so the ability to define diverse and complex mixtures is critical in dictating the outcome of the simulations. However, existing methods for preparing cosolvent simulations only support a limited number of predefined cosolvents and concentrations. Here we present CosolvKit, a tool for the preparation and analysis of systems composed of user-defined cosolvents and concentrations. This tool is modular and agnostic of the MD engine and force field used, offering access to a variety of generalizable small molecule force fields. To the best of our knowledge, CosolvKit represents the first generalized approach for the construction of these simulations.",2024-05-06T11:07:16.707Z,10.26434/chemrxiv-2024-rmsnj
585,"Molecular Similarity: Theory, Applications, and Perspectives","Molecular similarity pervades much of our understanding and rationalization of chemistry. This has become particularly evident in the current data-intensive era of chemical research, with similarity measures serving as the backbone of many Machine Learning (ML) supervised and unsupervised procedures. Here, we present a discussion on the role of molecular similarity in drug design, chemical space exploration, chemical “art” generation, molecular representations, and many more. We also discuss more recent topics in molecular similarity, like the ability to efficiently compare large molecular libraries.",2023-11-24T09:58:18.551Z,10.26434/chemrxiv-2023-cs3wb
586,Machine learning accelerated photodynamics simulations,"Machine learning (ML) continues to revolutionize computational chemistry by accelerating predictions and simulations by training on experimental or accurate but expensive quantum chemical (QC) calculations. Photodynamics simulations require hundreds of trajectories coupled with multiconfigurational QC calculations of energies, forces, and non-adiabatic couplings that contribute to the prohibitive computational cost at long timescales and complex organic molecules. ML accelerates photodynamics simulations by combining nonadiabatic photodynamics simulations with an ML model trained with high-fidelity QC calculations of energies, forces, and non-adiabatic couplings. This approach has provided time-dependent molecular structural information for understanding photochemical reaction mechanisms of organic reactions in vacuum and complex environments (i.e., explicit solvation). This review focuses on the fundamentals of QC calculations and machine learning techniques. We then discuss the strategies to balance adequate training data and the computational cost of generating these training data. Finally, we demonstrate the power of applying these ML-photodynamics simulations to understand the origin of reactivities and selectivities of organic photochemical reactions, such as cis-trans isomerization, [2+2]-cycloaddition, 4π-electrostatic ring-closing, and hydrogen roaming mechanism.",2023-05-23T07:31:38.028Z,10.26434/chemrxiv-2023-v13tv
587,OM-DIFF: INVERSE-DESIGN OF ORGANOMETALLIC CATALYSTS WITH GUIDED EQUIVARIANT DENOISING DIFFUSION,"Organometallic complexes are ubiquitous in homogeneous catalysis and other technological applications. Optimization of such complexes for specific applications is challenging due to the large variety of possible metal-ligand combinations and ligand-ligand interactions. Here we present OM-Diff, an inverse design framework based on a diffusion generative model for in-silico design of such complexes from scratch. Given the importance of the spatial structure of a catalyst, the model directly operates on all-atom (including hydrogen) representations in 3D space. To handle the symmetries inherent to that data representation, OM-Diff combines an equivariant diffusion model and an equivariant property predictor to drive sampling at inference time. The model can conditionally generate novel ligands beyond those in the training dataset. We demonstrate the potential of the proposed approach by designing catalysts for a family of cross-coupling reactions, and validating a selection of novel proposed compounds with DFT calculations.",2024-03-28T08:10:38.246Z,10.26434/chemrxiv-2024-882hh
588,Completion of Partial Reaction Equations,"We present a deep-learning model for inferring missing molecules in reaction equations. Such an algorithm features multiple interesting behaviors. First, it can infer the necessary reagents and solvents in chemical transformations specified only in terms of main compounds, as often resulting from retrosynthetic analyses. The completion with necessary reagents ensures that reaction equations are compatible with deep-learning models relying on a complete reaction specification. Second, it can cure existing datasets by detecting missing compounds, such as reagents that are essential for given classes of reactions. Finally, this model is a generalization of models for forward reaction prediction and retrosynthetic analysis, as both can be formulated in terms of incomplete reaction equations. We illustrate that a single trained model, based on the transformer architecture and acting on reaction SMILES strings, can address all three points.<br /><br />Workshop paper at the Machine Learning for Molecules Workshop at NeurIPS 2020.<br />",2020-11-24T04:55:35.000Z,10.26434/chemrxiv.13273310.v1
589,Automatic Screen-out of Ir(III) Complex Emitters by Combined Machine Learning and Computational Analysis,"Organic light-emitting diodes (OLEDs) have gained widespread commercial use, yet there is a continuous need to identify innovative emitters that offer higher efficiency and broader color gamut. To effectively screen out promising OLED molecules that are yet to be synthesized, we perform a representation learning aided high throughput virtual screening (HTVS) over millions of Ir(III) complexes, a prototypical type of phosphorescent OLED material, constructed via a random combination of 278 reported ligands. We successfully screen out a decent amount of promising candidates for both display and lighting purposes, which are worth further experimental investigation. The high efficiency and accuracy of our model are largely attributed to the pioneering attempt of using representation learning to organic luminescent molecules, which is initiated by a pre-training procedure with over 1.6 million 3D molecular structures and frontier orbital energies predicted via semi-empirical methods, followed by a fine-tune scheme via the quantum mechanical computed properties over around 1500 candidates. Such workflow enables an effective model construction process that is otherwise hindered by the scarcity of labeled data, and can be straightforwardly extended to the discovery of other novel materials. ",2023-03-16T12:52:49.088Z,10.26434/chemrxiv-2023-q2jkb
590,AutoTemplate: Enhancing Chemical Reaction Datasets for Machine Learning Applications in Organic Chemistry,"This paper presents AutoTemplate, an innovative data preprocessing protocol, addressing the crucial need for high-quality chemical reaction datasets in the realm of machine learning applications in organic chemistry. Recent advances in artificial intelligence have expanded the application of machine learning in chemistry, particularly in yield prediction, retrosynthesis, and reaction condition prediction. However, the effectiveness of these models hinges on the integrity of chemical reaction datasets, which are often plagued by inconsistencies like missing reactants, incorrect atom mappings, and outright erroneous reactions. AutoTemplate introduces a twostage approach to refine these datasets. The first stage involves extracting meaningful reaction transformation rules and formulating generic reaction templates using a simplified SMARTS representation. This simplification broadens the applicability of templates across various chemical reactions. The second stage is template-guided reaction verification, where these templates are systematically applied to validate and correct the reaction data. This process effectively amends missing reactant information, rectifies atom-mapping errors, and eliminates incorrect data entries. A standout feature of AutoTemplate is its capability to concurrently identify and correct false chemical reactions. It operates on the premise that most reactions in datasets are accurate, using these as templates to guide the correction of flawed entries. The protocol demonstrates its efficacy across a range of chemical reactions, significantly enhancing dataset quality. This advancement provides a more robust foundation for developing reliable machine learning models in chemistry, thereby improving the accuracy of forward and retrosynthetic predictions. AutoTemplate marks a significant progression in the preprocessing of chemical reaction datasets, bridging a vital gap and facilitating more precise and efficient machine learning applications in organic synthesis. Scientific contribution: The proposed automated preprocessing tool for chemical reaction data aims to identify errors within chemical databases. Specifically, if the errors involve atom mapping or the absence of reactant types, corrections can be systematically applied using reaction templates, ultimately elevating the overall quality of the database.",2024-03-15T13:15:00.931Z,10.26434/chemrxiv-2024-tq22r
591,The repetitive local sampling and the local distribution theory,"Molecular simulation is a mature and versatile tool set widely utilized in many subjects with more than 30,000 publications each year. However, its methodology development has been struggling with a tradeoff between accuracy/resolution and speed, significant improvement of both beyond present state of the art is necessary to reliably substitute many expensive and laborious experiments in molecular biology, materials science and nanotechnology. Previously, the ubiquitous issue regarding severe wasting of computational resources in all forms of molecular simulations due to repetitive local sampling was raised, and the local free energy landscape approach was proposed to address it. This approach is derived from a simple idea of first learning local distributions, and followed by dynamic assembly of which to infer global joint distribution of a target molecular system. When compared with conventional explicit solvent molecular dynamics simulations, a simple and approximate implementation of this theory in protein structural refinement harvested acceleration of about six orders of magnitude without loss of accuracy. While this initial test revealed tremendous benefits for addressing repetitive local sampling, there are some implicit assumptions need to be articulated. Here, I present a more thorough discussion of repetitive local sampling; potential options for learning local distributions; a more general formulation with potential extension to simulation of near equilibrium molecular systems; the prospect of developing computation driven molecular science; the connection to mainstream residue pair distance distribution based protein structure prediction/refinement; and the fundamental difference of utilizing averaging from conventional molecular simulation framework based on potential of mean force. This more general development is termed the local distribution theory to release the limitation of strict thermodynamic equilibrium in its potential wide application in general soft condensed molecular systems.",2021-10-06T11:50:00.022Z,10.26434/chemrxiv-2021-v223l-v3
592,q-pac: A Python Package for Machine Learned Charge Equilibration Models,"Many state-of-the art machine learning (ML) interatomic potentials are based on a local or semi-local (message-passing) representation of chemical environments. They therefore lack a description of long-range electrostatic interactions and non-local charge transfer. In this context, there has been much interest in developing ML-based charge equilibration models, which allow the rigorous calculation of long-range electrostatic interactions and the energetic response of molecules and materials to external fields. The recently reported kQEq method achieves this by predicting local atomic electronegativities using Kernel ML. This paper describes the q-pac Python package, which implements several algorithmic and methodological advances to kQEq and provides an extendable framework for the development of ML charge equilibration models.  ",2023-05-04T10:07:30.654Z,10.26434/chemrxiv-2023-n0dxz
593,Improving Gas Adsorption Modeling for MOFs by Local Calibration of Hubbard U Parameters ,"While computational screening with density functional theory (DFT) is frequently employed for the screening of metal-organic frameworks (MOFs) for gas separation and storage, commonly applied generalized gradient approximations (GGAs) exhibit self-interaction errors, that hinder predictions of adsorption energies. We investigate the Hubbard U parameter to augment DFT calculations for full periodic MOFs, targeting a more precise modeling of gas molecule–MOF interactions, specifically for N2, CO2, and O2. We introduce a calibration scheme for the U parameter, which is tailored for each MOF, by leveraging higher-level calculations on the secondary building unit (SBU) of the MOF. When applied to the full periodic MOF, the U parameter calibrated against hybrid HSE06 calculations of SBUs successfully reproduces hybrid-quality calculations of the adsorption energy of the periodic MOF. The mean absolute deviation (MAD) of adsorption energies reduces from 0.13 eV for a standard GGA treatment to 0.06 eV with the calibrated U, demonstrating the utility of the calibration procedure when applied to the full MOF structure. Furthermore, attempting to use CCSD(T) calculations of isolated SBUs for this calibration procedure shows varying degrees of success in predicting the experimental heat of adsorption. It improves accuracy for N2 adsorption for cases of overbinding, whereas its impact on CO2 is minimal, and ambiguities in spin state assignment hinder consistent improvements of O2 adsorption. Our findings emphasize the limitations of cluster models and advocate the use of full periodic MOF systems with a calibrated U parameter, providing a more comprehensive understanding of gas adsorption in MOFs.",2024-02-02T08:36:21.938Z,10.26434/chemrxiv-2024-pjh9z
594,Physics-integrated Neural Differentiable (PiNDiff) Model for Composites Manufacturing,"Various manufacturing technologies are being developed to improve the manufacturing of composites owing to their low weight and high performance. The mechanical properties of the composites depend on various variables and parameters of the manufacturing process, which are challenging, if not impossible, to determine and optimize experimentally. Traditional first-principle modeling approaches are not accessible due to the complex physics involved. A hybrid model that combines incomplete physics knowledge with available measurement data within a differentiable programming framework opens up new avenues to tackle the challenges. In this work, a physics-integrated neural differentiable (PiNDiff) model is developed, where the partially known physics is integrated into the recurrent network architecture to enable effective learning and generalization. The merit and potential of the proposed method have been demonstrated in modeling the curing process of thick thermoset composite laminates, whose governing physics is partially given. The proposed PiNDiff model shows the capability to learn unknown physics from the limited, indirect data and, meanwhile, can be used to infer unobserved variables and parameters. The performance of the PiNDiff model has been compared with two state-of-the-art (SOTA) black-box deep learning models, and its advantages over the purely data-driven models and first-principles physics-based models have been discussed in detail. The demonstrated PiNDiff strategy may provide a general strategy to model phenomena where physics is only partially known and sparse, indirect data are available.",2022-09-01T11:10:41.913Z,10.26434/chemrxiv-2022-f40z9
595,Data Efficient and Stability Indicated Sampling for Developing Reactive Machine Learning Potential to Achieve Ultra-long Simulation in Lithium Metal Batteries,"Modelling the formation of solid-liquid interphase (SEI) is challenging as its strict requirement with both simulation accuracy and length. Machine learning potential (MLP) based molecular dynamics (MD) simulation is expected to play a role in this field while currently its use is hindered by sampling efficiency and simulation stability. In this work, we tackle the two challenges together. We propose the stability-indicatedsampling (SIS) algorithm for efficiently sampling training data using physical information (temperature). Unlike previous strategies, our method does not need prior knowledge of reaction networks or training multiple MLPs for uncertainty estimation. Compared with the recent proposed methods HAIR and DP-GEN, our approach gives significant improvement of sampling efficiency with less requirements with the initial training data, to realize > 10 ns MLPMD simulation using ab initio MD (AIMD) trajectory of just a few ps. We introduce the concept underlying instability consistency by showing the accuracy of reaction mechanisms and radial distribution function (RDF) can be improved by SIS-MLPMD, although their information is not explicitly used in our sampling decision. Furthermore, we show that long-time MLPMD simulation of Lithium metal battery (LMB) can not only reproduce some well-known SEI components including LiF, Li2O, LiOH, LiS and the incomplete N-S breaking in highconcentration systems, but also ionic aggregation structures of LiF, which is not shown in our AIMD training data but matches previous results of electrochemical impedance spectroscopy. Our work is expected to help accelerate future investigations, especially for studying long-time (≥ ns scale) reaction dynamics in interfacial problems.",2023-08-16T08:09:17.278Z,10.26434/chemrxiv-2023-4x3gr-v2
596,"A combined first-principles and data-driven computational framework to analyze the surface structure, composition, and stability of binary alloy catalysts","Pt-based bimetallic alloys are considerably more active than Pt for the oxygen reduction reaction (ORR). This increased activity has been attributed to weakening of the adsorption of ORR intermediates due to the presence of Pt “skins.” Density functional theory (DFT) calculations have, in turn, pointed to the importance of surface segregation energies and Pt leaching on the formation and stability of the skins on close-packed surfaces of Pt alloys. The generalizability of these insights across different chemical environments, surface compositions, and facets, however, remains a subject of active research and is the focus of this work. We present a generalized computational framework combining DFT calculations and data-driven methods to predict the stability of different Pt3X (X = Ni, Co, Fe, and Cu) alloy facets under vacuum conditions and in the presence of an electrochemical environment, wherein we analyze the combined effect of segregation, intrasurface phase separation, leaching, and surface oxidation as a function of electrode potential. The analysis reveals that a subtle interplay of these factors influences Pt skin formation and stability, with Pt segregation being a strong function of the surface structure, and continuous base metal dissolution being thermodynamically, although not always kinetically, favored at ORR-relevant voltages.",2024-06-24T13:26:01.414Z,10.26434/chemrxiv-2024-7km9r
597,"Delocalized, Asynchronous, Closed-Loop Discovery of Organic Laser Emitters","Contemporary materials discovery requires intricate sequences of synthesis, formulation and characterization that often span multiple locations with specialized expertise or instrumentation. To accelerate these workflows, we present a cloud-based strategy that enables delocalized and asynchronous design–make–test–analyze cycles. We showcase this approach through the exploration of molecular gain materials for organic solid-state lasers as a frontier application in molecular optoelectronics. Distributed robotic synthesis and in-line property characterization, orchestrated by a cloud-based AI experiment planner, resulted in the discovery of 21 new state-of-the-art materials. Automated gram-scale synthesis ultimately allowed for the verification of best-in-class stimulated emission in a thin-film device. Demonstrating the asynchronous integration of five laboratories across the globe, this workflow provides a blueprint for delocalizing – and democratizing – scientific discovery.",2023-09-20T13:21:16.865Z,10.26434/chemrxiv-2023-wqp0d
598,On The Difficulty of Validating Molecular Generative Models Realistically: A Case Study on Public and Proprietary Data,"While a multitude of deep generative models have recently emerged there exists no best practice for their practically relevant validation. On the one hand, novel de novo-generated molecules cannot be refuted by retrospective validation (so that this type of validation is biased); but on the other hand prospective validation is expensive and then often biased by the human selection process. In this case study, we frame retrospective validation as the ability to mimic human drug design, by answering the following question: Can a generative model trained on early-stage project compounds generate middle/late-stage compounds de novo? To this end, we used experimental data that contains the elapsed time of a synthetic expansion following hit identification from five public (where the time series was pre-processed to better reflect realistic synthetic expansions) and six in-house project datasets, and used REINVENT as a widely adopted RNN-based generative model. After splitting the dataset and training REINVENT on early-stage compounds, we found that rediscovery of middle/late-stage compounds was much higher in public projects (at 1.60%, 0.64%, and 0.21% of the top 100, 500, and 5,000 scored generated compounds) than in in-house projects (where the values were 0.00%, 0.03%, and 0.04%, respectively). Similarly, average single nearest neighbour similarity between early- and middle/late-stage compounds in public projects was higher between active compounds than inactive compounds; however, for in-house projects the converse was true, which makes rediscovery (if so desired) more difficult. We hence show that the generative model recovers very few middle/late-stage compounds from real-world drug discovery projects, highlighting the fundamental difference between purely algorithmic design and drug discovery as a real-world process. Evaluating de novo compound design approaches appears, based on the current study, difficult or even impossible to do retrospectively.  ""Scientific Contribution"" This contribution hence illustrates aspects of evaluating the performance of generative models in a real-world setting which have not been extensively described previously and which hopefully contribute to their further future development.",2023-11-20T09:20:56.448Z,10.26434/chemrxiv-2023-lbvgn-v2
599,Latent Spaces for Antimicrobial Peptide Design,"	Current antibacterial treatments cannot overcome the rapidly growing resistance of bacteria to antibiotic drugs, and novel treatment methods are required.  One option is the development of new antimicrobial peptides (AMPs), to which bacterial resistance build-up is comparatively slow. Deep generative models have recently emerged as a powerful method for generating novel therapeutic candidates from existing datasets; however, there has been less research focused on evaluating the search spaces associated with these generators from which they sample their new data-points.  In this research we employ five deep learning model architectures for de novo generation of antimicrobial peptide sequences and assess the properties of their associated latent spaces. We train a RNN, RNN with attention, WAE, AAE and Transformer model and compare their abilities to construct desirable latent spaces in 32, 64, and 128 dimensions.  We assess reconstruction accuracy, generative capability, and model interpretability and demonstrate that while most models are able to create a partitioning in their latent spaces into regions of low and high AMP sampling probability, they do so in different manners and by appealing to different underlying physicochemical properties. In this way we demonstrate several benchmarks that must be considered for such models and suggest that for optimization of search space properties, an ensemble methodology is most appropriate for design of new AMPs. We design an AMP discovery pipeline and present candidate sequences and properties from three models that achieved high benchmark scores. Overall, by tuning models and their accompanying latent spaces properly, targeted sampling of new anti-microbial peptides with ideal characteristics is achievable.",2023-02-01T08:13:07.843Z,10.26434/chemrxiv-2022-m3900-v2
600,Partial to Total Generation of 3D Transition Metal Complexes,"The design of transition metal complexes has drawn much attention over the years because of their important applications as metallodrugs and functional materials. In this work, we present an extension of our recently reported approach, LigandDiff. The new model, which we call multi-LigandDiff, is more flexible and greatly outperforms its predecessor. This scaffold-based diffusion model allows de novo ligand design either with existing ligands or without any ligand. Moreover, it allows users to predefine the denticity of the generated ligand. Our results indicate that multi-LigandDiff can generate well-defined ligands and has great transferability with regard to transition metals and coordination geometries. In terms of its application, multi-LigandDiff successfully designs 338 Fe(II) SCO complexes from only 47 experimentally validated SCO complexes. And these generated complexes are configurationally diverse and experimentally reasonable. Overall, the results show that multi-LigandDiff is an ideal tool to design novel transition metal complexes from scratch.",2024-05-31T13:27:39.605Z,10.26434/chemrxiv-2024-llc6t-v2
601,Discovery of Potential GSK-3β Allosteric Modulators for Alzheimer’s Disease ,"Glycogen Synthase Kinase-3 beta (GSK-3β) is a validated target-enzyme associated with Alzheimer’s Disease (AD). Usage of allosteric inhibitors of this enzyme represents a valid and promising therapeutic strategy due to their selective and subtle modulation, with a low probability of producing side effects. Nonetheless, only a few GSK-3β allosteric modulators with limited binding affinity have been uncovered so far and published in the public domain. Previous Virtual Screening (VS) studies have not considered such mechanism of action and did not achieve chemical diversity. Therefore, we applied two orthogonal VS workflows by means of shape-based similarity, QSAR, docking, and ADMET filters to select new and diverse GSK-3β allosteric inhibitors. Obtained hits have shown enhanced structural diversity and preliminary results as GSK-3β allosteric inhibitors according to in vitro assays. Furthermore, their GSK-3β allosteric inhibition were analyzed by blind docking and pocket coverage studies. These hits can be employed as template molecules for the discovery of more potent inhibitors, with the aim to expand the chemical space of GSK-3β allosteric modulators as promising agents in AD.",2023-03-23T10:48:43.586Z,10.26434/chemrxiv-2023-q21sx
602,Data-driven Discovery of Potent Small Molecule Ice Recrystallisation Inhibitors,"Controlling the formation and growth of ice is essential to successfully cryopreserve cells, tissues and biologics for research or clinical use. Current programmes to identify materials capable of modulating ice growth are guided solely by iterative changes and human intuition, with a major focus on macromolecules (proteins or polymers). This process is fundamentally constrained by a poor understanding of the mechanisms and underlying structure-activity relationships. Here, we overcome this barrier by constructing machine learning models capable of pre- dicting the ice growth inhibition activity of small molecules. Due to current limitations in experimental throughput, we leverage ensemble models which combine state-of-the-art descriptors with domain-specific features derived from molecular simulations. When applied to virtually screen a commercial compound library, these models successfully predicted novel ice recrystallisation inhibitors that are experimentally verified to function at low millimolar concentrations. This data-driven approach will enable the discovery of new cryoprotectants to address the rapidly growing clinical and biotechnological cold-chain demands.",2023-08-31T05:12:54.008Z,10.26434/chemrxiv-2023-gvvk0
603,Mutexa: A Computational Ecosystem for Intelligent Protein Engineering,"Protein engineering holds immense promise in shaping the future of biomedicine and biotechnology. This review focuses on our ongoing development of Mutexa, a computational ecosystem designed to enable ""intelligent protein engineering"". In this vision, researchers can seamlessly acquire sequences of protein variants with desired functions as biocatalysts, therapeutic peptides, and diagnostic proteins by interacting with a computational machine, similar to how we use Amazon Alexa in these days. The technical foundation of Mutexa has been established through the development of database that integrates enzyme structures with their respective functions (e.g., IntEnzyDB), workflow software packages that enable high-throughput protein modeling (e.g., EnzyHTP and LassoHTP), and scoring functions that map the sequence-structure-function relationship of proteins (e.g., EnzyKR and DeepLasso). We will showcase the applications of these tools in benchmarking the convergence conditions of enzyme functional descriptors across mutants, investigating protein electrostatics and cavity distributions in SAM-dependent methyltransferases, and understanding the role of non-electrostatic dynamic effects in enzyme catalysis. Finally, we will conclude by addressing the future steps and challenges in our endeavor to develop new Mutexa applications that facilitate the selection of beneficial mutants in enzyme engineering.",2023-06-08T04:28:44.582Z,10.26434/chemrxiv-2023-2cvbs
604,Polypharmacology of Some Medicinal Plant Metabolites Against SARS-CoV-2 and Host Targets: Molecular Dynamics Evaluation of NSP9 RNA Binding Protein,"<p><b>Background: </b>Medicinal plants, as rich sources of bioactive compounds with antiviral properties, are now being explored for the development of drugs against SARS-CoV-2.</p><p><b>Aims: </b>Identification of promising compounds for the treatment of COVID-19 from natural products via molecular modelling against NSP9, including some other viral and host targets and evaluation of polypharmacological indications.</p><p><b>Main methods: </b>A manually curated library of 521 phytochemicals (from 19 medicinal plants) was virtually screened using Mcule server and binding interactions were studied using DS Visualiser. Docking thresholds were set based on the scores of standard controls and rigorous ADMET properties were used to finally get the potential inhibitors. Free binding energies of the docked complexes were calculated employing MM-GBSA method. MM-GBSA informed our choice for MD simulation studies performed against NSP9 to study the stability of the drug-receptor interaction. NSP9 structure comparison was also performed. </p><p><b>Key findings: </b>Extensive screening of the molecules identified 5 leads for NSP9, 23 for Furin, 18 for ORF3a, and 19 for interleukin-6. Ochnaflavone and Licoflavone B, obtained from  Lonicera japonica (Japanese Honeysuckle) and Glycyrrhiza glabra (Licorice), respectively, were identified to have the highest potential multi-target inhibition properties for NSP9, furin, ORF3a, and IL-6. Additionally, molecular dynamics simulation supports the robust stability of Ochnaflavone and Licoflavone B against NSP9 at the active sites via hydrophobic interactions, H-bonding, and H-bonding facilitated by water.</p><b>Significance:</b> These compounds with the highest drug-like ranking against multiple viral and host targets have the potential to be drug candidates for the treatment of SARS-CoV-2 infection that may possibly act on multiple pathways simultaneously to inhibit viral entry and replication as well as disease progression.",2020-09-14T13:27:36.000Z,10.26434/chemrxiv.12945833.v1
605,End-to-End Differentiable Force Field Generator with Crystal Structure Differentiation and Matching,"In this paper, we present a new force field (FF) parameterization method with direct matching of crystal structures and atomic charges optimization in end-to-end differentiable manner. The advancement of force field (FF) parameterization methods has been accelerated by differentiable programming. Automatic differentiation (AD) has facilitated energy and force matching by differentiating these quantities with respect to the FF parameters, which we mention as force differentiation and matching (FDM). Nevertheless, crystal structure matching with AD remains difficult due to the converged structures optimized by the iterative algorithm being non-differentiable with respect to the FF parameters. To overcome this limitation, we introduce structure differentiation and matching (SDM) technique for generating FFs of small organic molecules using reference data, including stable monomer structures, crystal structures, lattice energies, and potential energy surfaces (PESs) of dihedral angles. SDM employs implicit function differentiation (IFD) and differentiable Ewald techniques to optimize FF parameters and atomic charges correspondingly. Our case study of eight exemplified molecules demonstrates that SDM substantially outperforms the conventional FDM, with error factors reduced to less than one-quarter with the charge optimization method called SDM(q-opt). This strategy achieves remarkable precision in reproducing lattice constants, atomic configurations, lattice energies, and PESs. Furthermore, molecular dynamics simulations confirm the stability of the generated crystal structures. This method can be adapted to other FF categories, such as polarized FFs and those with explicit hydrogen bonding interactions. We foresee that SDM(q-opt) will emerge as a standard method for parameterizing FFs using crystal structures. ",2023-06-13T09:40:49.283Z,10.26434/chemrxiv-2023-r4rxp-v2
606,DMFF: An Open-Source Automatic Differentiable Platform for Molecular Force Field Development and Molecular Dynamics Simulation,"In the simulation of molecular systems, the underlying force field (FF) model plays an extremely important role, determining the reliability of the simulation. However, the quality of the state-of-the-art molecular force fields is still unsatisfactory in many cases, and the FF parameterization process largely relies on human experience, which is not scalable. To address this issue, we introduce DMFF, an open-source molecular FF development platform based on automatic differentiation technique. DMFF serves as a powerful tool for both top-down and bottom-up FF development. Using DMFF, both energies/forces and thermodynamic quantities such as ensemble averages and free energies can be evaluated in a differentiable way, realizing an automatic, yet highly flexible force field optimization workflow. DMFF also eases the evaluation of forces and virial tensors for complicated advance force fields, helping the fast validation of new models in molecular dynamics simulation. DMFF has been released as an opensource package under the LGPL-3.0 license and is available at https://github.com/deepmodeling/DMFF.",2022-11-24T05:29:51.295Z,10.26434/chemrxiv-2022-2c7gv
607,Two excited-state datasets for quantum chemical UV-vis spectra of organic molecules,"We present two open-source datasets that provide time-dependent density-functional tight-binding (TD-DFTB) electronic excitation spectra of organic molecules. These datasets represent predictions of UV-vis absorption spectra performed on optimized geometries of the molecules in their electronic ground state. The GDB-9-Ex dataset contains a subset of 96,766 organic molecules from the original open-source GDB-9 dataset. The ORNL_AISD-Ex dataset was created from GDB-9 molecular structures using a generative algorithm and consists of 10,502,904 organic molecules that contain between 5 and 71 non-hydrogen atoms. The data reveals the close correlation between the magnitude of the gaps between the highest occupied molecular orbital (HOMO) and the lowest unoccupied molecular orbital (LUMO), and the excitation energy of the lowest singlet excited state energies quantitatively. The chemical variability of the large number of molecules was examined with a topological fingerprint estimation based on extended-connectivity fingerprints (ECFPs) followed by uniform manifold approximation and projection (UMAP) for dimension reduction. Both datasets were generated using a high-throughput workflow that used the DFTB+ software on the Andes' cluster of the Oak Ridge Leadership Computing Facility (OLCF) at Oak Ridge National Laboratory (ORNL).",2023-07-25T08:33:03.544Z,10.26434/chemrxiv-2023-dkjt6-v3
608,Bioderived ether design for low emission and high reactivity transport fuels,"Bioderived ethers have recently drawn attention as a response to increasing demands on clean alternative fuels. A theory-experiment combined approach was introduced for the five ether molecules representing linear, branched, and cyclic ethers to derive rational design principles for low-emission and high-reactivity ethers. Flow reactor experiments and quantum-mechanical calculations were performed at high (750–1100K) and low temperature (400–700K) regimes to investigate the structural effects on their sooting tendency and reactivity, respectively. At a high-temperature regime, ethers’ high sooting tendency is related to increased C3 and C4 hydrocarbon formation compared to C1 and C2 products from oxidation reactions. On the other hand, the reactivity at the low-temperature regime is determined by the activation energies of reaction steps until ketohydroperoxide formation. These studies found that ethers’ sooting tendency and reactivity are relevant to two structural factors: the carbon type (primary to quaternary) and the relative position of ether oxygen atoms to carbon atoms. These factors were utilized to build a multivariate model to predict the cetane number (CN) and yield sooting index (YSI) of 50 different ethers. The model suggests building blocks with specific carbon types that maximize CN and minimize YSI, leading to the design principles of ethers toward low emissions and high reactivity fuels for transport applications. Ethers with a high CN and low YSI were then proposed using the developed model, and through experimental measurements, it was proved that they are promising biodiesel candidates.",2021-12-22T08:27:29.135Z,10.26434/chemrxiv-2021-8cjd5
609,An in Silico Scientific Basis for LL-37 as a Therapeutic and Vitamin D as Preventive for Covid-19.,"<p></p><p>A multi-pronged approach with help in all forms possible is essential to <i>completely</i> overcome the Covid-19 pandemic. There is a requirement to research as many new and different types of approaches as possible to cater to the entire world population, complementing the vaccines with promising results. The need is also because SARS-CoV-2 has several unknown or variable facets which get revealed from time to time. In this report, <i>in silico</i> scientific findings are presented, which are indicative of the potential for the use of the LL-37 human anti-microbial peptide as a therapeutic against SARS-CoV-2. This indication is based on the high structural similarity of LL-37 to the N-terminal helix, with which the virus interacts, of the receptor for SARS-CoV-2, Angiotensin Converting Enzyme 2.  Moreover,  there is positive prediction of binding of LL-37 to the receptor-binding domain of SARS-CoV-2. As Vitamin D is known to upregulate the expression of LL-37, the vitamin is a candidate preventive molecule. This report provides the possible basis for why there is an inverse correlation between Vitamin D levels in the body and the severity of or susceptibility to Covid-19. The path for development of LL-37 as a therapeutic could be of lesser duration, as LL-37 is native to the human body. With the scientific link put forth herein, Vitamin D could be used at an effective, medically prescribed, safe dose as a preventive. The information in this report would be valuable in bolstering the worldwide efforts to control the pandemic as early as possible.</p><br /><p></p>",2020-12-29T12:51:01.000Z,10.26434/chemrxiv.12928202.v2
610,Machine Learning Interatomic Potentials for Amorphous Zeolitic Imidazolate Frameworks," The detailed understanding of the microscopic structure of amorphous phases of metal-organic frameworks (MOFs) remains a widely open question: characterization of these systems is very difficult, both from the experimental and computational point of view. In molecular simulations, approaches have been proposed that rely either on reactive force field, that lack chemical accuracy, or first-principles calculations, that are too computationally expensive. Here, we have found an innovative solution to these problems by training a machine-learnt potential for the description of disordered phases of a zeolitic imidazolate framework (ZIF). We then used it to produce high-quality atomistic models of ZIF glasses, with accuracy close to density functional theory (DFT) but at far lower computational cost in production runs.",2024-01-03T09:42:54.287Z,10.26434/chemrxiv-2023-8003d-v2
611,Exploring the Intricacies of Glycerol Hydrodeoxygenation to Propanediol on Cu Catalysts: A Comprehensive Investigation with the Aid of Machine Learning Forcefield ,"Utilization of biomass to feedstock chemical relies on transforming hydroxyl containing molecules, as the hydroxyl group is found on the backbone of bio-molecules. For example, glycerol can undergo a hydro-deoxygenation reaction to produce propanediol, a valuable chemical precursor. This reaction captures the complexity and challenges of modelling surface-reactivity of flexible organic molecules in heterogenous catalysis, where surface intermediates can have many configurations. High computational costs of Density Functional Theory(DFT) restrict exhaustive exploration of the factorial reaction space, leading to having limited insights of the hydrodeoxygenation mechanism and hindering rational catalyst design. We deploy a Machine-Learned-Force-Field (MLFF) driven approach to elucidate the complex reaction network involved in the hydro-deoxygenation of glycerol on Cu(111). We present the bond cleavage activity ranking order for glycerol, and other intermediates and identify reaction pathways resulting in 1,2-PDO formation while highlighting indications of its higher selectivity over 1,3-PDO. This investigation delivers a comprehensive exploration of the transformation process from glycerol to propanediol, addressing the existing knowledge deficit through an advanced active-learning based MLFF approach. Notably, following a mere four iterations, our trained MLFF model accurately discerns 26 transition-states reconfirmed with DFT with root-mean-squared-error of 0.056 eV (0.74 meV/atom total-energy) embedded within network of seven competitive pathways.",2024-04-24T09:02:42.789Z,10.26434/chemrxiv-2024-34mq8
612,Investigating the Structure-Activity Relationship of Marine Polycyclic Batzelladine Alkaloids as Promising Inhibitors for SARS-CoV-2 Main Protease (Mpro),"Over a span of two years ago, since the emergence of the first case of the novel coronavirus (SARS-CoV-2) in China, the pandemic has crossed borders causing serious health emergencies, immense economic crisis and impacting the daily life worldwide. Despite the discovery of numerous forms of precautionary vaccines along with other recently approved orally available drugs, yet effective antiviral therapeutics are necessarily needed to hunt this virus and its variants. Historically, naturally occurring chemicals have always been considered the primary source of beneficial medications. Considering the SARS-CoV-2 main protease (Mpro) as the duplicate key element of the viral cycle and its main target, in this paper, an extensive virtual screening for a focused chemical library of 15 batzelladine marine alkaloids, was virtually examined against SARS-CoV-2 main protease (Mpro) using an integrated set of modern computational tools including molecular docking (MDock), molecule dynamic (MD) simulations and structure-activity relationships (SARs) as well. The molecular docking predictions had disclosed four promising compounds including batzelladines H-I (8-9) and batzelladines F-G (6-7), respectively according to their prominent ligand-protein energy scores and relevant binding affinities with the (Mpro) pocket residues. The best two chemical hits, batzelladines H-I (8-9) were further investigated thermodynamically though studying their MD simulations at 100 ns, where they showed excellent stability within the accommodated (Mpro) pocket. Moreover, SARs studies imply the crucial roles of the fused tricyclic guanidinic moieties, its degree of unsaturation, position of the N-OH functionality and the length of the side chain as a spacer linking between two active sites, which disclosed fundamental structural and pharmacophoric features for efficient protein-ligand interaction. Such interesting findings are greatly highlighting further in vitro/vivo examinations regarding those marine natural products (MNPs) and their synthetic equivalents as promising antivirals.  ",2022-03-08T06:56:40.757Z,10.26434/chemrxiv-2022-h58mk
613,Deductive Machine Learning Challenges and Opportunities in Chemical Applications,"Contemporary machine learning algorithms have largely succeeded in automating the development of mathematical models from data. Although this is a striking accomplishment, it leaves unaddressed the multitude of scenarios, especially across the chemical sciences and engineering, where deductive, rather than inductive, reasoning is required and still depends on manual intervention by an expert. This perspective describes the characteristics of deductive reasoning that are helpful for understanding the role played by expert intervention in problem-solving and why such interventions are often relatively resistant to disruption by typical machine learning strategies. The perspective then covers what factors contribute to creating a deductive bottleneck, how deductive bottlenecks are currently addressed in several application areas, and how machine learning models capable of deduction can be designed. The perspective concludes with a tutorial case-study that illustrates the challenges of deduction problems and a notebook for readers to experiment with on their own.",2023-09-20T05:15:47.305Z,10.26434/chemrxiv-2023-c9hst
614,∆-Learning for Coarse-Grained Potentials,"Coarse-grained molecular dynamics (CGMD) simulations address lengthscales and timescales that are critical to many chemical and material applications. Nevertheless, contemporary CGMD modeling is relatively bespoke and there are no black-box CGMD methodologies available that could play a comparable role in discovery applications that density functional theory plays for electronic structure. This gap might be filled by machine learning (ML) based CGMD potentials that simplify model development, but these methods are still in their early stages and have yet to demonstrate a significant advantage over existing physics-based CGMD methods. Here we explore the potential of  $\Delta$-learning models to leverage the advantages of these two approaches. This is implemented by using ML-based potentials to learn the difference between the target CGMD variable and the predictions of physics-based potentials. The $\Delta$-models are benchmarked against the baseline models in reproducing on-target and off-target atomistic properties as a function of CG resolution, mapping operator, and system topology. The $\Delta$-models outperform the reference ML-only CGMD models in nearly all scenarios. In several cases, the ML-only models also manage to minimize training error while still producing qualitatively incorrect dynamics, which is corrected by the $\Delta$-models. Given their negligible added cost, $\Delta$-models provide essentially free gains over their ML-only counterparts. Nevertheless, an unexpected finding is that neither the $\Delta$-learning models nor ML-only models significantly outperform the elementary pair-wise models in reproducing atomistic properties. This fundamental failure is attributed to the relatively large irreducible force errors associated with coarse-graining that produces little benefit from using more complex potentials. ",2023-03-27T10:36:41.304Z,10.26434/chemrxiv-2023-wq9t3
615,Unraveling the Stability of Layered Intercalation Compounds through First Principles Calculations: Establishing a Linear Free Energy Relationship with Aqueous Ions,"Layered intercalation compounds, where atoms or molecules (intercalants) are inserted into layered materials (hosts), hold great potential for diverse applications. However, the lack of a systematic understanding of stable host-intercalant combinations poses challenges in materials design due to the vast combinatorial space. In this study, we performed first-principles calculations on 9,024 compounds, unveiling a novel linear regression equation based on the hard and soft acids and bases principle. This equation, incorporating intercalant ion formation energy and ionic radius, quantitatively reveals the stability factors. Additionally, employing machine learning, we predicted regression coefficients from host properties, offering a comprehensive understanding and a predic-tive model for estimating intercalation energy. Our work provides valuable insights into the energetics of layered intercalation compounds, facilitating targeted materials design.",2024-03-05T07:17:22.744Z,10.26434/chemrxiv-2023-cd8hz-v2
616,Sequence and structure conservation analysis of the key coronavirus proteins supports the feasibility of discovering broad-spectrum antiviral medications.,"Coronaviruses are a class of single-stranded, positive-sense RNA viruses that have caused three notable outbreaks over the past two decades: Middle East respiratory syndrome–related coronavirus (MERS-CoV), severe acute respiratory syndrome coronavirus (SARS-CoV), and severe acute respiratory syndrome coronavirus 2 (SARS-CoV-2). All outbreaks have been associated with significant morbidity and mortality. In this study, we hypothesized that conserved binding sites in the key coronavirus proteins can be explored for the development of broad-spectrum direct acting anti-coronaviral compounds, identified such conserved binding site residues across coronaviruses, and validated our hypotheses with existing experimental data. We have identified four coronaviral proteins with highly conserved binding site sequence and 3D structure similarity: PLpro, Mpro, nsp10-nsp16 complex(methyltransferase), and nsp15 endoribonuclease. We have compiled all available experimental data for known antiviral medications inhibiting these targets and identified compounds active against multiple coronaviruses. The identified compounds representing potential broad-spectrum antivirals include: GC376, which is active against six viral Mpro (out of six tested, as described in research literature); mycophenolic acid, which is active against four viral PLpro (out of four); and emetine, which is active against four viral RdRp (out of four). The approach described in this study for coronaviruses, which combines the assessment of sequence and structure conservation across a viral family with the analysis of accessible chemical structure – antiviral activity data, can be explored for the development of broad-spectrum drugs for multiple viral families. ",2022-03-14T12:55:55.673Z,10.26434/chemrxiv-2022-zg88d
617,MBX: A many-body energy and force calculator for data-driven many-body simulations,"MBX is a C++ library that implements many-body potential energy functions (PEFs) within the “many-body energy” (MB-nrg) formalism. MB-nrg PEFs integrate an underlying polarizable model with explicit machine-learned representations of many-body interactions to achieve chemical accuracy from the gas to the condensed phases. MBX can be employed either as a stand-alone package or as an energy/force engine that can be integrated with generic software for molecular dynamics and Monte Carlo simulations. MBX is parallelized internally using OpenMP, and can utilize MPI when available in interfaced molecular simulation software. MBX enables classical and quantum molecular simulations with MB-nrg PEFs, as well as hybrid simulations that combine conventional force fields and MB-nrg PEFs, for diverse systems ranging from small gas-phase clusters to aqueous solutions and molecular fluids to biomolecular systems and metal- organic frameworks. ",2023-07-24T10:24:23.887Z,10.26434/chemrxiv-2023-09jh3-v2
618,Retrosynthetic Accessibility Score (RAscore) - Rapid Machine Learned Synthesizability Classification from AI Driven Retrosynthetic Planning,"<p>Computer aided synthesis planning (CASP) is part of a suite of artificial intelligence (AI) based tools that are able to propose synthesis to a wide range of compounds. However, at present they are too slow to be used to screen the synthetic feasibility of millions of generated or enumerated compounds before identification of potential bioactivity by virtual screening (VS) workflows. Herein we report a machine learning (ML) based method capable of classifying whether a synthetic route can be identified for a particular compound or not by the CASP tool AiZynthFinder. The resulting ML models return a retrosynthetic accessibility score (RAscore) of any molecule of interest, and computes 4,500 times faster than retrosynthetic analysis performed by the underlying CASP tool. The RAscore should be useful for the pre-screening millions of virtual molecules from enumerated databases or generative models for synthetic accessibility and produce higher quality databases for virtual screening of biological activity.   </p>",2020-09-30T09:41:20.000Z,10.26434/chemrxiv.13019993.v1
619,Characterizing Uncertainty in Machine Learning for Chemistry,"Characterizing uncertainty in machine learning models has recently gained interest in the context of machine learning reliability, robustness, safety, and active learning. Here, we separate the total uncertainty into contributions from noise in the data (aleatoric) and shortcomings of the model (epistemic), further dividing epistemic uncertainty into model bias and variance contributions. We systematically address the influence of noise, model bias, and model variance in the context of chemical property predictions, where the diverse nature of target properties and the vast chemical chemical space give rise to many different distinct sources of prediction error. We demonstrate that different sources of error can each be significant in different contexts and must be individually addressed during model development. Through controlled experiments on datasets of molecular properties, we show important trends in model performance associated with the level of noise in the dataset, size of the dataset, model architecture, molecule representation, ensemble size, and dataset splitting. In particular, we show that 1) noise in the test set can limit a model's observed performance when the actual performance is much better, 2) using size-extensive model aggregation structures is crucial for extensive property prediction, and 3) ensembling is a reliable tool for uncertainty quantification and improvement specifically for the contribution of model variance. We  develop general guidelines on how to improve an underperforming model when falling into different uncertainty contexts.",2023-05-17T04:05:40.851Z,10.26434/chemrxiv-2023-00vcg-v3
620,Autochemistry: A Research Paradigm Based on Artificial Intelligence and Big Data,"Artificial Intelligence technologies affect every domain and process in industry. Many solutions with different maturity levels have been created or are in development. With this paper we collect initiatives in the domain of chemical science and bring these resources together into a common process model. <div>We define ten building blocks, analyse their role in the architecture and evaluate their impact to the current system. Finally we discuss the changes and the transition that occurs to the lab worker and the chemist.<br /></div><div>This paper introduces <i>Autochemistry</i> as a meme and for further development and discussion. We just can provide a first sketch to this exciting new area of scientific principles changing the anthropocentric fundament of chemistry research to a technocentric one.<br /></div>",2019-02-26T16:45:45.000Z,10.26434/chemrxiv.7264103.v3
621,"Leveraging natural language processing to curate the tmCAT, tmPHOTO, tmBIO, and tmSCO datasets of functional transition metal complexes","The breadth of transition metal chemical space covered by databases such as the Cambridge Structural Database and the derived computational database tmQM is not conducive to application-specific modeling and the development of structure–property relationships. Here, we employ both supervised and unsupervised natural language processing (NLP) techniques to link experimentally synthesized compounds in the tmQM database to their respective applications. Leveraging NLP models, we curate four distinct datasets: tmCAT for catalysis, tmPHOTO for photophysical activity, tmBIO for biological relevance, and tmSCO for magnetism. Analyzing the chemical substructures within each dataset reveals common chemical motifs in each of the designated applications. We then use these common chemical structures to augment our initial datasets for each application, yielding a total of 21,631 compounds in tmCAT, 4,599 in tmPHOTO, 2,782 in tmBIO, and 983 in tmSCO. These datasets are expected to accelerate the more targeted computational screening and development of refined structure–property relationships with machine learning.",2024-05-06T05:50:56.866Z,10.26434/chemrxiv-2024-vx95v
622,A Machine Learning Based Approach to Reaction Rate Estimation,"Chemical kinetic models are vital to accurately predicting phenomena in a wide variety of fields from combustion to atmospheric chemistry to electrochemistry. However, building an accurate chemical kinetic model requires the efficient and accurate estimation of many reaction rate coefficients for many reaction classes with highly variable amounts of available training data. Current techniques for fast automatic rate estimation tend to be poorly optimized and tedious to maintain and extend. We have developed a machine learning algorithm for automatically training subgraph isomorphic decision trees (SIDT) to predict rate coefficients for arbitrary reaction types. This method is fully automatic, scalable to virtually any dataset size, human readable, can incorporate qualitative chemical knowledge from experts and provides detailed uncertainty information for estimates.  The accuracy of the algorithm is tested against the state of the art rate rules scheme in the RMG-database for five selected reaction families. The SIDT method is shown to significantly improve estimation accuracy  across all reaction families and considered statistics. The estimator uncertainty estimates are validated against actual errors.",2023-12-18T10:02:08.783Z,10.26434/chemrxiv-2022-c98gc-v2
623,GiFE: A Molecular-Size Agnostic and Understandable Gibbs Free Energy Function,"A fully defined and molecular-size agnostic Gibb’s free energy function that uses strictly structural parameters as input would permit real-time energetics determination and  optimization of molecules heretofore intractable at ab initio levels. Here we present, the first part of a linear function for Gibbs free energy (GiFE Function) that covers the elements {H,N,O,C,F} and is molecular-size agnostic, using only atomic structure to generate the input variables. Critically, the GiFE function is capable not only of producing the value of Gibbs free energy for a given complex in constant time, but also may serve as a function over which molecules may be optimized in O(sqrt{n}) time.  The prediction  of individual and reaction free energies are demonstrated, as well as explanations of chemical understanding generated from the function and an outlining of how the rest of this function may be constructed, with examples covering {H,B,C,N,O,F,S,Si,Cl,Br,I}.",2023-05-10T12:40:23.538Z,10.26434/chemrxiv-2023-rcbx6
624,Top 20 Influential AI-Based Technologies in Chemistry,"The beginning and ripening of digital chemistry is analyzed focusing on the role of artificial intelligence (AI) in an expected leap in chemical sciences to bring this area to the next evolutionary level. The analytic description selects and highlights the top 20 AI-based technologies and 7 broader themes that are reshaping the field. It underscores the integration of digital tools such as machine learning, big data, digital twins, the Internet of Things (IoT), robotic platforms, smart control of chemical processes, virtual reality and blockchain, among many others, in enhancing research methods, educational approaches, and industrial practices in chemistry. The significance of this study lies in its focused overview of how these digital innovations foster a more efficient, sustainable, and innovative future in chemical sciences. This article not only illustrates the transformative impact of these technologies but also draws new pathways in chemistry, offering a broad appeal to researchers, educators, and industry professionals to embrace these advancements for addressing contemporary challenges in the field.",2024-04-12T07:53:05.432Z,10.26434/chemrxiv-2024-cdm8w
625,Open data and algorithms for open science in AI-driven molecular informatics,"Recent years have seen a sharp increase in the development of deep learning and artificial intelligence-based molecular informatics. There has been a growing interest in applying deep learning to several subfields, including the digital transformation of synthetic chemistry, extraction of chemical information from the scientific literature, and AI in natural product-based drug discovery. The application of AI to molecular informatics is still constrained by the fact that most of the data used for training and testing deep learning models are not available as FAIR and open data. As open science practices continue to grow in popularity, initiatives which support FAIR and open data, as well as open-source software, have emerged. It is becoming increasingly important for researchers in the field of molecular informatics to embrace open science and to submit data and software in open repositories. With the advent of open-source deep learning frameworks and cloud computing platforms, academic researchers are now able to deploy and test their own deep learning models with ease. With the development of new and faster hardware for deep learning and the increasing number of initiatives towards digital research data management infrastructures, as well as a culture promoting open data, open source, and open science, AI-driven molecular informatics will continue to grow. This review examines the current state of open data and open algorithms in molecular informatics, as well as ways in which they could be improved in future.",2023-01-11T06:11:27.927Z,10.26434/chemrxiv-2022-dgcm6-v2
626,Computer-assisted discovery and rational synthesis of ternary oxides,"Exploratory synthesis has been the main generator of new inorganic materials for decades. However, our Edisonian and bias-prone processes of synthetic exploration alone are no longer sufficient in an age that demands rapid advances in materials development. In this work, we demonstrate one of the first end-to-end attempts towards systematic, computer-aided discovery and laboratory synthesis of inorganic crystalline compounds as a modern alternative to purely exploratory synthesis. Our approach initializes materials discovery campaigns by autonomously mapping the synthetic feasibility of a chemical system using density functional theory with AI feedback. Following expert-driven down-selection of newly generated phases, we use solid-state synthesis and in situ characterization via hot-stage X-ray diffraction in order to realize new ternary oxide phases experimentally. We applied this strategy in six ternary transition-metal oxide chemistries previously considered well-explored, one of which culminated in the discovery of two novel phases of calcium ruthenates. Detailed characterization using room temperature X-ray powder diffraction, 4D-STEM and SQUID measurements identify the structure, composition and confirm distinct properties, including distinct defect concentrations, of one of the new phases formed in our experimental campaigns. While the discovery of a new material guided by AI and DFT theory represents a milestone, our procedure and results also highlight a number of critical gaps in the process that can inform future efforts towards the improvement of AI-coupled methodologies, which are discussed.",2023-04-28T07:11:46.890Z,10.26434/chemrxiv-2023-n4pz9
627,A Combined DFT/Machine Learning Framework for Materials Discovery: Application to Spinels and Assessment of Search Completeness and Efficiency,"It is challenging to evaluate machine learning approaches developed for accelerating materials search and discovery in a realistic way. Machine learning approaches to materials stability prediction are typically assessed by their ability to reproduce results from direct physical modeling, whereas ideally both machine learning and direct physical modeling should be assessed by their ability to reproduce reality. Additionally, traditional evaluation metrics do not directly reflect the experience of an experimental search for unknown compounds in a large candidate phase space, and often result in overly optimistic assessments. Here, we (i) present a framework that combines density functional theory and traditional supervised machine learning methods (ML/DFT), and (ii) introduce the concepts of search completeness – the fraction of discoverable compounds found relative to the fraction of search space explored – and search efficiency – the rate of discovery relative to the fraction of search space explored – to evaluate it. The ML/DFT framework is an iterative approach to predict stable chemistries of a fixed crystal structure (here, spinels) that uses DFT to generate a training set of unstable compounds. The training set of stable compounds is given by experimentally known spinels. The method is carried out using random forest, LASSO, and ridge regression to predict as-of-yet undiscovered spinel chemistries. TreeSHAP analysis is used to determine features that most contribute to stability/instability classification. While no single feature dominates, several emerge that align with chemical intuition. To estimate the efficacy of ML/DFT compared to pure DFT, we introduce a Bayesian description of DFT distribution of energies for stable and unstable spinels. The Bayesian model enables quantifying the search completeness and search efficiency of DFT, which is then compared to that of ML/DFT. ML/DFT achieves search completeness and efficiency on par with pure DFT, despite requiring fewer DFT simulations (∼300 vs. 14,200). More importantly, by quantitatively assessing ML approaches in ways that better reflect how they would be used in materials discovery experiments, we obtain key insights into the challenges that need to be overcome by such methods: that the small number of stable compounds to be found in a search space orders of magnitude larger places stringent demands on model accuracy to achieve good search efficiency. Finally, we report the top candidates of our spinel search, which may be of interest for synthesis experiments<br />",2020-10-12T05:27:02.000Z,10.26434/chemrxiv.13070549.v1
628,Quantum-Mechanical Transition-State Model Combined with Machine Learning Provides Catalyst Design Features for Selective Cr Olefin Oligomerization,"The use of data science tools to provide the emergence of nontrivial chemical features for catalyst design is an important goal in catalysis science. Additionally, there is currently no general strategy for computational homogeneous, molecular catalyst design. Here we report the unique combination of an experimentally verified DFT-transition-state model with a random forest machine learning model in a campaign to design new molecular Cr phosphine imine (Cr(P,N)) catalysts for selective ethylene oligomerization, specifically to increase 1-octene selectivity. This involved the calculation of 1-hexene:1- octene transition-state selectivity for 105 (P,N) ligands and the harvesting of 14 descriptors, which were then used to build a random forest regression model. This model showed the emergence of several key design features, such as Cr–N distance, Cr–α distance, and Cr distance out of pocket, which were then used to rapidly design a new generation of Cr(P,N) catalyst ligands that are predicted to give >95% selectivity for 1-octene<br />",2020-07-27T05:06:25.000Z,10.26434/chemrxiv.12578552.v1
629,Fragments quantum descriptors in classification of bio-accumulative compounds,The aim of the following research is to assess the applicability of calculated quantum properties of molecular fragments as molecular descriptors in machine learning classification task. The research is based on bio-concentration and QM9-extended databases. A number of compounds with results from quantum-chemical calculations conducted with Psi4 quantum chemistry package was also added to the quantum properties database. Classification results are compared with a baseline of random guesses and predictions obtained with the traditional RDKit generated molecular descriptors. Chosen classification metrics show that results obtained with fragments quantum descriptors fall between results from baseline and those provided by molecular descriptors widely applied in cheminformatics. However a combination of both classes of features proved to yield the best results in the classification of test set.,2023-04-21T05:41:19.907Z,10.26434/chemrxiv-2022-9h79w-v2
630,Prompt engineering of GPT-4 for chemical research: what can/cannot be done?,"This paper evaluates the capabilities and limitations of the Generative Pre-trained Transformer 4 (GPT-4) in chemical research. Although GPT-4 exhibits remarkable proficiencies, it is evident that the quality of input data significantly affects its performance. We explore GPT-4's potential in chemical tasks, such as foundational chemistry knowledge, cheminformatics, data analysis, problem prediction, and proposal abilities. While the language model partially outperformed traditional methods, such as black-box optimization, it fell short against specialized algorithms, highlighting the need for their combined use. The paper shares the prompts given to GPT-4 and its responses, providing a resource for prompt engineering within the community, and concludes with a discussion on the future of chemical research using large language models.",2023-06-05T13:17:56.540Z,10.26434/chemrxiv-2023-s1x5p
631,A Hybrid Alchemical Free Energy and Machine Learning Methodology for the Calculation of Absolute Hydration Free Energies of Small Molecules,"A methodology that combines alchemical free energy calculations (FEP) with machine learning  (ML) has been developed to compute accurate absolute hydration free energies. The hybrid FEP/ML methodology was trained on a subset of the FreeSolv database, and retrospectively shown to outperform most submissions from the SAMPL4 competition. Compared to pure machine-learning approaches, FEP/ML yields more precise estimates of free energies of hydration, and requires a fraction of the training set size to outperform standalone FEP calculations.  The ML-derived correction terms are further shown to be transferable to a range of related FEP simulation protocols. The approach may be used to inexpensively improve the accuracy of FEP calculations, and to flag molecules which will benefit the most from bespoke forcefield parameterisation efforts.",2020-05-29T11:31:38.000Z,10.26434/chemrxiv.12380612.v1
632,Data-Driven Many-Body Potential Energy Functions for Generic Molecules: Linear Alkanes as a Proof-of-Concept Application,"We present a generalization of the many-body energy (MB-nrg) theoretical/computational framework that enables the development of data-driven potential energy functions (PEFs) for generic covalently bonded molecules, with arbitrary quantum mechanical accuracy. The “nearsightedness of electronic matter” is exploited to define monomers as “natural building blocks” based on their distinct chemical identity. The energy of generic molecules is then expressed as a sum of individual many-body energies of incrementally larger subsystems. The MB-nrg PEFs represent the low-order n-body energies, with n = 1 − 4, using permutationally invariant polynomials derived from electronic structure data carried out at an arbitrary quantum mechanical level of theory, while all higher-order n-body terms (n > 4) are represented by a classical many-body polarization term. As a proof-of-concept application of the general MB-nrg framework, we present MB-nrg PEFs for linear alkanes. The MB-nrg PEFs are shown to accurately reproduce reference energies, harmonic frequencies, and potential energy scans of alkanes, independently of their length. Since, by construction, the MB-nrg framework introduced here can be applied to generic covalently bonded molecules, we envision future computer simulations of complex molecular systems using data-driven MB-nrg PEFs, with arbitrary quantum mechanical accuracy.",2022-06-22T07:15:12.615Z,10.26434/chemrxiv-2022-kkjvx
633,OpenMSCG: A Software Tool for Bottom-up Coarse-graining,"The “bottom-up” approach to coarse-graining – for building accurate and efficient computational models to simulate large-scale and complex phenomena and processes – is an important approach in computational chemistry, biophysics, and materials science. As one example, the multiscale coarse-graining (MS-CG) approach to developing CG models can be rigorously derived using statistical mechanics applied to fine-grained, i.e., all-atom simulation data for a given system. Under a number of circumstances,  a systematic procedure such as MS-CG modeling is particularly valuable. Here we present the development of the OpenMSCG software, a modularized open-source software that provides a collection of successful and widely applied bottom-up CG methods, including Boltzmann Inversion (BI), Force-Matching (FM), Ultra-Coarse-Graining (UCG), Relative Entropy Minimization (REM), Essential Dynamics Coarse-Graining (ED-CG), and Heterogeneous Elastic Network Modeling (HeteroENM). OpenMSCG is a high-performance and comprehensive toolset that can be used to derive CG models from large-scale fine-grained simulation data in file formats from common molecular dynamics (MD) software packages, such as GROMACS, LAMMPS and NAMD. OpenMSCG is modulized in the Python programming framework, which allows users to create and customize modeling “recipes” for reproducible results, thus greatly improving the reliability, reproducibility, and sharing of bottom-up CG models and their applications.",2023-07-11T14:00:28.634Z,10.26434/chemrxiv-2023-w0h1p
634,Automated Extraction of Chemical Synthesis Actions from Experimental Procedures,"<div> 			<div> 				<div> 					<p>Experimental procedures for chemical synthesis are commonly reported in prose in patents or in the scientific literature. The automatic extraction of the details necessary to reproduce and validate a synthesis in a chemical laboratory is quite often a tedious task, requiring extensive human intervention. We present a method to convert unstructured experimental procedures written in English to structured synthetic steps (action sequences) reflecting all the operations needed to successfully conduct the corresponding chemical reactions. To achieve this, we design a set of synthesis actions with predefined properties and a deep-learning sequence to sequence model based on the transformer architecture to convert experimental procedures to action sequences. The model is pretrained on vast amounts of data generated automatically with a custom rule-based natural language processing approach and refined on a smaller set of manually annotated samples. Predictions on our test set resulted in a perfect (100%) match of the action sequence for 60.8% of sentences, a 90% match for 71.3% of sentences, and a 75% match for 82.4% of sentences. </p> 				</div> 			</div> 		</div>",2020-04-10T06:44:44.000Z,10.26434/chemrxiv.11448177.v2
635,Inverse Design of Nanoporous Crystalline Reticular Materials with Deep Generative Models,"Reticular frameworks are crystalline porous materials that form <i>via</i> the self-assembly of molecular building blocks (<i>i.e.</i>, nodes and linkers) in different topologies. Many of them have high internal surface areas and other desirable properties for gas storage, separation, and other applications. The notable variety of the possible building blocks and the diverse ways they can be assembled endow reticular frameworks with a near-infinite combinatorial design space, making reticular chemistry both promising and challenging for prospective materials design. Here, we propose an automated nanoporous materials discovery platform powered by a supramolecular variational autoencoder (SmVAE) for the generative design of reticular materials with desired functions. We demonstrate the automated design process with a class of metal-organic framework (MOF) structures and the goal of separating CO<sub>2</sub> from natural gas or flue gas. Our model exhibits high fidelity in capturing structural features and reconstructing MOF structures. We show that the autoencoder has a promising optimization capability when jointly trained with multiple top adsorbent candidates identified for superior gas separation. MOFs discovered here are strongly competitive against some of the best-performing MOFs/zeolites ever reported. This platform lays the groundwork for the design of reticular frameworks for desired applications.",2020-08-25T19:12:42.000Z,10.26434/chemrxiv.12186681.v2
636,Phosphazenylphosphonium Frameworks: A Novel Main Group Mitochondrial Delivery Vector with Enhanced Properties ,"Mitochondrial targeting represents an attractive strategy for treating metabolic, degenerative and hyperproliferative diseases, since this organelle plays key roles in essential cellular functions. Triphenylphosphonium (TPP+) moieties – the current “gold standard” – have been widely used as mitochondrial targeting vectors for a wide range of molecular cargo. Recently, further optimisation of the TPP+ platform drew considerable interest as a way to enhance mitochondrial therapies. However, although the modification of this system appears promising, the core structure of the TPP+ moiety remains largely unchanged. Thus, in this study, we explored the use of aminophosphonium (PN+) and phosphazenylphosphonium (PPN+) main group frameworks as novel mitochondrial delivery vectors. The PPN+ moiety was found to be a highly promising platform for this purpose, owing to its unique electronic properties and high lipophilicity. This has been demonstrated by the high mitochondrial accumulation of a PPN+-conjugated fluorophore relative to its TPP+-conjugated counterpart, and has been further supported by density functional theory and molecular dynamics calculations, highlighting the PPN+ moiety’s unusual electronic properties. These results demonstrate the potential of novel phosphorus-nitrogen based frameworks as highly effective mitochondrial delivery vectors over traditional TPP+ vectors",2022-06-01T07:42:35.517Z,10.26434/chemrxiv-2022-xhrd8
637,Tutorials on How to Build Non-Markovian Dynamic Models from Molecular Dynamics Simulations for Studying Protein Dynamics ,"Protein conformational changes play crucial roles in their biological functions. In recent years, the Markov State Model (MSM) constructed from extensive Molecular Dynamics (MD) simulations has emerged as a powerful tool for modeling complex protein conformational changes. In MSMs, dynamics are modeled as a sequence of Markovian transitions among metastable conformational states at discrete time intervals (called lag time). A major challenge for MSM is that the lag time must be long enough to allow transitions among states to become memoryless (or Markovian). However, this lag time is constrained by the length of individual MD simulations available to track these transitions. To address this challenge, we have recently developed Generalized Master Equation (GME)-based approaches, encoding non-Markovian dynamics using a time-dependent memory kernel. In this tutorial, we introduce the theory behind two recently developed GME-based non-Markovian dynamic models: the Quasi Markov State Model (qMSM) and the Integrative Generalized Master Equation (IGME). We subsequently outline the procedures for constructing these models and provide a step-by-step tutorial on applying qMSM and IGME to study two peptide systems: the alanine dipeptide and villin headpiece. This tutorial is available at https://github.com/xuhuihuang/GME_tutorials. The protocols detailed in this tutorial aim to be accessible for non-experts interested in studying the biomolecular dynamics using these non-Markovian dynamic models.",2023-11-28T12:47:31.455Z,10.26434/chemrxiv-2023-kvsvl
638,An ecosystem for digital reticular chemistry,"    The space of all plausible materials for a given application is so large that it cannot be explored using a brute-force approach.     This is, in particular, the case for reticular chemistry which provides materials designers with a practically infinite playground on different length scales.     One promising approach to guide the design and discovery of materials is machine learning, which typically involves learning a mapping of structures onto properties from data.     While there have been plenty of examples of the use of machine learning for reticular materials, the progress in the field seems to have stagnated.     From our perspective, an important reason is that digital reticular chemistry is still more an art than a science in which many parts are only accessible to experienced groups. The lack of standardization across all the steps of the machine learning pipeline makes it practically impossible to directly compare machine learning models and build on top of prior results.     To confront these challenges, we present mofdscribe: a software ecosystem that accompanies—seasoned as well as novice—digital reticular chemists on all steps from ideation to model publication.     Our package provides reference datasets (including a completely new one), more than 35 reported as well as completely novel featurization strategies, data splitters, and validation helpers which can be used to benchmark new modeling strategies on standard benchmark tasks and to report the results on a public leaderboard.     We envision that this ecosystem allows for a more robust, comparable, and productive area of digital reticular chemistry.",2022-09-01T07:50:48.340Z,10.26434/chemrxiv-2022-4g7rx
639,Uncertain of uncertainties? A comparison of uncertainty quantification metrics for chemical data sets,"With the increasingly more important role of machine learning (ML) models in chemical research, the need for putting a level of confidence to the model predictions naturally arises. Several methods for obtaining uncertainty estimates have been proposed in recent years but consensus on the evaluation of these have yet to be established and different studies on uncertainties generally uses different metrics to evaluate them. We compare three of the most popular validation metrics (Spearman’s rank correlation coefficient, the negative log likelihood (NLL) and the miscalibration area) to the error-based calibration introduced by Levi et al. (Sensors 2022, 22, 5540). Importantly, metrics such as the negative log likelihood (NLL) and Spearman’s rank correlation coefficient bear little information in themselves. We therefore introduce reference values obtained through errors simulated directly from the uncertainty distribution. The different metrics target different properties and we show how to interpret them, but we generally find the best overall validation to be done based on the error-based calibration plot introduced by Levi et al. Finally, we illustrate the sensitivity of ranking-based methods (e.g. Spearman’s rank correlation coefficient) towards test set design by using the same toy model on two different test sets and obtaining vastly different metrics (0.05 vs. 0.65).",2023-09-08T08:25:41.484Z,10.26434/chemrxiv-2023-w93dm
640,Machine learned calibrations to high-throughput molecular excited state calculations,"Understanding the excited state properties of molecules provides insights into how they interact with light. These interactions can be exploited to design compounds for photochemical applications, including enhanced spectral conversion of light to increase the efficiency of photovoltaic cells. While chemical discovery is time- and resource-intensive experimentally, computational chemistry can be used to screen large-scale databases for molecules of interest in a procedure known as high-throughput virtual screening. The first step usually involves a high-speed but low-accuracy method to screen large numbers of molecules (potentially millions) so only the best candidates are evaluated with expensive methods. However, use of a coarse first-pass screening method can potentially result in high false positive or false negative rates. Therefore, this study uses machine learning to calibrate a high-throughput technique (xTB-sTDA) against a higher accuracy one (TD-DFT). Testing the calibration model shows a ~6-fold decrease in error in-domain and a ~3-fold decrease out-of-domain. The resulting mean absolute error of ~0.14 eV is in line with previous work in machine learning calibrations and out-performs previous work in linear calibration of xTB-sTDA. We then apply the calibration model to screen a 250k molecule database and map inaccuracies of xTB-sTDA in chemical space. We also show generalizability of the workflow by calibrating against a higher-level technique (CC2), yielding a similarly low error. Overall, this work demonstrates machine learning can be used to develop a both cheap and accurate method for large-scale excited state screening, enabling accelerated molecular discovery across a variety of disciplines.",2022-03-01T07:00:54.383Z,10.26434/chemrxiv-2022-08jm9-v2
641,Roadmap on Data-Centric Materials Science ,"Science is and always has been based on data, but the terms ‘data-centric’ and the ‘4th paradigm’ of materials research indicate a radical change in how information is retrieved, handled and research is performed. It signifies a transformative shift towards managing vast data collections, digital repositories, and innovative data analytics methods. The integration of Artificial Intelligence (AI) and its subset Machine Learning (ML), has become pivotal in addressing all these challenges. This Roadmap on Data-Centric Materials Science explores fundamental concepts and methodologies, illustrating diverse applications in electronic-structure theory, soft matter theory, microstructure research, and experimental techniques like photoemission, atom probe tomography, and electron microscopy.   While the roadmap delves into specific areas within the broad interdisciplinary field of materials science, the provided examples elucidate key concepts applicable to a wider range of topics. The discussed instances offer insights into addressing the multifaceted challenges encountered in contemporary materials research. ",2024-03-01T04:30:52.242Z,10.26434/chemrxiv-2024-m9sk0-v4
642,Hierarchical Transfer Learning: An Agile and Equitable Strategy for Machine-Learning Interatomic Models,"Machine-learned interatomic models have growing in popularity due to their ability to afford near quantum-accurate predictions for complex phenomena, with orders-of-magnitude greater computational efficiency. However, these models struggle when applied to systems of many element types due to the near exponential increase in number of parameters that must be determined. To mitigate this challenge, we present a new hierarchical transfer learning approach that allows the fitting problem to be decomposed into smaller independent and reusable parameter blocks that enable development of explicitly chemically extensible ML- IAM. Application of this strategy is demonstrated for C and N mixtures under conditions ranging from nominally ambient to approximately 10,000 K and 200 GPa, and compositions from 0 to 100 % N. Ultimately, this strategy makes model generation for chemically complex systems more tractable and efficient, facilitates comprehensive model validation, and makes ML-IAM development for problems of this nature more accessible to users with limited access to extreme computing infrastructure. ",2024-05-22T05:41:27.071Z,10.26434/chemrxiv-2024-523v8
643,Generative Design of Stable Semiconductor Materials Using Deep Learning And DFT,"Semiconductor device technology has exceptionally developed in complexity since discovering the bipolar transistor. With the rapid advancement of various technologies, semiconductors with distinct properties are essential. Recently, deep-learning, data-mining, and density functional theory (DFT)- based high-throughput calculations were widely performed to discover potential semiconductors for diverse applications. CubicGAN is a generative adversarial network where high-throughput analyses were done to uncover mechanically and dynamically stable materials with the assistance of DFT. In our work, we screened the semiconductors using a binary classifier from materials found from the CubicGAN. Next, we performed DFT computations to study their thermodynamic stability based on energy-above-hull and formation energy. According to our studies, 12 stable semiconductors were found with a particular class of materials, which we label as AA′MH6. Those are BaNaRhH6, BaSrZnH6, BaCsAlH6, SrTlIrH6, KNaNiH6, NaYRuH6, CsKSiH6, CaScMnH6, YZnMnH6, NaZrMnH6, AgZrMnH6, AgZrMnH6, and ScZnMnH6. It could be shown that AA′MH6 with M=Mn and NaYRuH6 semiconductors have considerably different structural, mechanical, and thermodynamic properties compared to the rest of the AA′MH6 semiconductors. In this study, The maximum bandgap found was approximately 3.3 eV from KNaNiH6, while the minimum bandgap was about 1.3 eV from CaScMnH6. BaNaRhH6, BaCsAlH6, CsKSiH6, KNaNiH6, and NaYRuH6 were identified as wide-bandgap semiconductors, where bandgaps are greater than 2 eV. Furthermore, BaSrZnH6 and KNaNiH6 are a direct bandgap semiconductors, whereas other AA′MH6 semiconductors exhibit indirect bandgaps.",2022-01-03T11:49:30.617Z,10.26434/chemrxiv-2022-0gz3p
644,Explore the Chemical Space of Linear Alkanes Pyrolysis via Deep Potential Generator,"<div> 			<div> 				<div> 					<p>Reactive molecular dynamics (MD) simulation is a powerful tool to study the reaction mechanism of complex chemical systems. Central to the method is the potential energy surface (PES) that can describe the breaking and formation of chemical bonds. The development of PES of both accurate and efficent has attracted significant effort in the past two decades. Recently developed Deep Potential (DP) model has the promise to bring ab initio accuracy to large-scale reactive MD simulations. However, for complex chemical reaction processes like pyrolysis, it remains challenging to generate reliable DP models with an optimal training dataset. In this work, a dataset construction scheme for such a purpose was established. The employment of a concurrent learning algorithm allows us to maximize the exploration of the chemical space while minimize the redundancy of the dataset. This greatly reduces the cost of computational resources required by ab initio calculations. Based on this method, we constructed a dataset for the pyrolysis of n-dodecane, which contains 35,496 structures. The reactive MD simulation with the DP model trained based on this dataset revealed the pyrolysis mechanism of n-dodecane in detail, and the simulation results are in good agreement with the experimental measurements. In addition, this dataset shows excellent transferability to different long-chain alkanes. These results demonstrate the advantages of the proposed method for constructing training datasets for similar systems. </p> 		 	 	 		 				</div> 			</div> 		</div>",2020-09-10T09:22:54.000Z,10.26434/chemrxiv.12935261.v1
645,Hybrid Computational-Experimental Data-Driven Design of Self-Assembling Pi-Conjugated Peptides,"Biocompatible molecules with electronic functionality provide a promising substrate for biocompatible electronic devices and electronic interfacing with biological systems. Synthetic oligopeptides composed of an aromatic pi-core flanked by oligopeptide wings are a class of molecules that can self-assemble in aqueous environments into supramolecular nanoaggregates with emergent optical and electronic activity. We present an integrated computational-experimental pipeline employing all-atom molecular dynamics simulations and experimental UV-visible spectroscopy within an active learning workflow using deep representational learning and Bayesian optimization to design pi-conjugated peptides programmed to self-assemble into elongated pseudo-1D nanoaggregtes with a high degree of H-type co-facial stacking of the pi-cores. We consider as our design space the 694,982 unique pi-conjugated peptides comprising a quaterthtiophene pi-core flanked by symmetric oligopeptide wings up to five amino acids in length. After sampling only 1181 molecules (~0.17% of the design space) by computation and 28 (~0.004%) by experiment, we identify and experimentally validate a diversity of previously unknown high-performing molecules and extract interpretable design rules linking peptide sequence to emergent supramolecular structure and properties.",2021-08-10T10:57:05.714Z,10.26434/chemrxiv-2021-l42ch
646,A machine learning approach to model interaction effects: development and application to alcohol deoxyfluorination,"The application of machine learning (ML) techniques to model high-throughput experimentation (HTE) datasets has seen a recent rise in popularity. Nevertheless, the ability to model the interplay between reaction components, known as interaction effects, with ML remains an outstanding challenge. Using a simulated HTE dataset, we find that the presence of irrelevant features poses a strong obstacle to learning interaction effects with common ML algorithms. To address this problem, we propose a two-part statistical modeling approach for HTE datasets: classical analysis of variance (ANOVA) of the experiment to identify systematic effects that impact reaction yield across the experiment, followed by regression of individual effects using chemistry-informed features. To illustrate this methodology, we use our previously published alcohol deoxyfluorination dataset comprising 740 reactions to build compact, interpretable regression models that account for each significant effect observed in the dataset. We achieve a sizeable performance boost compared to our previously published Random Forest model, reducing mean absolute error (MAE) from 18.1% to 13.4% and root mean squared error (RMSE) from 21.7% to 16.5% on a newly generated test set. Finally, we demonstrate that this approach can facilitate the generation of new mechanistic hypotheses which, when probed experimentally, can lead to a deeper understanding of chemical reactivity.",2022-12-09T08:33:33.993Z,10.26434/chemrxiv-2022-k6wft
647,Machine Learning for Materials Scientists: An Introductory Guide Towards Best Practices,"<div>This Editorial is intended for materials scientists interested in performing machine learning-centered research.</div><div><br /></div><div>We cover broad guidelines and best practices regarding the obtaining and treatment of data, feature engineering, model training, validation, evaluation and comparison, popular repositories for materials data and benchmarking datasets, model and architecture sharing, and finally publication.</div><div>In addition, we include interactive Jupyter notebooks with example Python code to demonstrate some of the concepts, workflows, and best practices discussed.</div><div><br /></div><div>Overall, the data-driven methods and machine learning workflows and considerations are presented in a simple way, allowing interested readers to more intelligently guide their machine learning research using the suggested references, best practices, and their own materials domain expertise.</div>",2020-05-06T10:18:52.000Z,10.26434/chemrxiv.12249752.v1
648,Choosing the right molecular machine learning potential,"Quantum-chemistry simulations based on potential energy surfaces of molecules provide invaluable insight into the physicochemical processes at the atomistic level and yield such important observables as reaction rates and spectra. Machine learning potentials promise to significantly reduce the computational cost and hence enable otherwise unfeasible simulations. However, the surging number of such potentials begs the question of which one to choose or whether we still need to develop yet another one. Here, we address this question by evaluating the performance of popular machine learning potentials in terms of accuracy and computational cost. In addition, we deliver structured information for non-specialists in machine learning to guide them through the maze of acronyms, recognize each potential's main features, and judge what they could expect from each one.",2021-08-16T12:56:17.603Z,10.26434/chemrxiv-2021-txl5t
